﻿视频BV号,视频发布日期,上级评论ID,评论ID,用户ID,用户名,用户粉丝数,评论内容,评论时间,回复数,点赞数
BV1ahNvzmEoz,2025-06-17 10:00:00,0,-1395557711,190097881,阿卜杜拉穆海木德,41,都没制空权了还玩啥？,2025-06-18 04:28:00,9,2
BV1ahNvzmEoz,2025-06-17 10:00:00,-1395557711,-333150944,258467506,村口阿伟,7,以色列弹药打没了，制空权拿了跟没拿一样,2025-06-18 05:00:00,0,5
BV1ahNvzmEoz,2025-06-17 10:00:00,-1395557711,-1387812511,479217482,拿铁加酱油加辣,2,导弹够多的前提下，把它机场炸了，飞机是能空中加油，那装弹呢？说白了，它要完全达到目标破坏伊朗核设施，就得牢美的轰炸机和钻地弹来，真破坏完了抑菌也好美军也好敢地面部队进场吗？,2025-06-18 05:56:00,0,2
BV1ahNvzmEoz,2025-06-17 10:00:00,-1395557711,-327979232,358508829,通辽第二狠人,6,你有制空权没有弹药用来洗地那制空权等于没有,2025-06-18 06:06:00,0,2
BV1ahNvzmEoz,2025-06-17 10:00:00,-1395557711,-315948496,9330030,不是大叔的大叔,18,以色列最多三次的库存,2025-06-18 08:59:00,0,0
BV1ahNvzmEoz,2025-06-17 10:00:00,-1395557711,-1364131871,22773261,小江xiaomi,13,论持久战。以色列虽然有制空权，但战备资源不足以一直控制天空，除非美国入场卖头援以,2025-06-18 10:56:00,0,1
BV1ahNvzmEoz,2025-06-17 10:00:00,-1395557711,-1362959743,600660179,bili_600660179,65,:航空炸弹 最便宜了 用不完的,2025-06-18 11:10:00,0,0
BV1ahNvzmEoz,2025-06-17 10:00:00,-1395557711,-1358512063,90646793,呵呵君12389,5,以色列有制空权也不敢让飞机去炸啊[doge]想打下F35对目前的伊朗来说也不是很难,2025-06-18 11:57:00,0,0
BV1ahNvzmEoz,2025-06-17 10:00:00,-1395557711,-1067833007,65167778,抱头蹲防的北方宅女,45,你后勤线没了拿了又能有啥用,2025-06-21 12:46:00,0,1
BV1ahNvzmEoz,2025-06-17 10:00:00,-1395557711,-974536831,693145151,今天是新的开始,22,以色列??打不了可持久战,2025-06-22 10:54:00,0,0
