﻿视频BV号,视频发布日期,上级评论ID,评论ID,用户ID,用户名,用户粉丝数,评论内容,评论时间,回复数,点赞数
BV1ANKTzRESn,2025-06-20 16:32:00,0,-83001760,432583935,麻胡油茶,32,才27啊[doge]能不能加个0,2025-06-20 16:54:00,12,128
BV1ANKTzRESn,2025-06-20 16:32:00,-83001760,-1144970847,1494273,宅学家,32,[doge_金箍]感觉受伤也得摇号了,2025-06-20 17:17:00,0,27
BV1ANKTzRESn,2025-06-20 16:32:00,-83001760,-81217760,3493128786938339,牢瘩哟西,19,凑够2的21次幂吧[doge],2025-06-20 17:22:00,0,7
BV1ANKTzRESn,2025-06-20 16:32:00,-83001760,-79709872,96445139,HGYDD,102,不能，今天的号没了，后面排队等着吧。[OK],2025-06-20 17:48:00,0,37
BV1ANKTzRESn,2025-06-20 16:32:00,-83001760,-1140452111,473739470,懒得取昵称的网友,35,摇上号代表着有抚恤金拿，所以你想要摇上号，怎么也得有个什么议员的推荐信吧[doge],2025-06-20 18:52:00,0,22
BV1ANKTzRESn,2025-06-20 16:32:00,-83001760,-73279200,11559830,西行寺寺贤,47,2的7次方可好,2025-06-20 21:36:00,0,1
BV1ANKTzRESn,2025-06-20 16:32:00,-83001760,-1137064495,315599582,豪客-,14,要长期打才能伤害最大化,2025-06-20 21:37:00,0,6
BV1ANKTzRESn,2025-06-20 16:32:00,-83001760,-1135392287,2645187,晨丶曦,19,每天十几发就够了，关键要看能不能持续下去，真来上一个月，天天响警报，钻地洞，人没死，全疯了[吃瓜],2025-06-20 22:57:00,0,12
BV1ANKTzRESn,2025-06-20 16:32:00,-83001760,-71505680,180087036,飛歌ing,8,火箭弹是火箭弹，导弹是导弹，导弹是定点清除，打击重要设施或者人的。27个，说明是打击以色列27处重要地方的。只要命中就是赚了,2025-06-20 22:59:00,0,0
BV1ANKTzRESn,2025-06-20 16:32:00,-83001760,-71115712,70456526,白蓝兔,11,不要停！,2025-06-20 23:11:00,0,0
BV1ANKTzRESn,2025-06-20 16:32:00,-83001760,-1133472319,85499298,_维也纳海风,6,[笑哭]导弹太贵了啊，伊朗这种长期受制裁的，一天上百发，打不了几天。,2025-06-20 23:51:00,0,0
BV1ANKTzRESn,2025-06-20 16:32:00,-1133472319,-1124851455,13248994,楼下大橘吃了几斤粮,10,回复 @_维也纳海风 :郎子还有别的资金来源，比如王爷隔三差五的送钱送武器，比如船被郎子扣了，花钱赎人赎船，还有武器啥的直接被郎子截胡了，什么打仗王爷军直接投降，东西都交代了[doge],2025-06-21 02:11:00,0,1
BV1ANKTzRESn,2025-06-20 16:32:00,-83001760,-58471088,660657435,革功同力,10,0？加个W吧[滑稽],2025-06-21 02:41:00,0,0
