﻿视频BV号,视频发布日期,上级评论ID,评论ID,用户ID,用户名,用户粉丝数,评论内容,评论时间,回复数,点赞数
BV1aANRzqE5d,2025-06-22 10:19:00,0,156056976,44100940,不再犹豫吧,45,老美子要是出动地面部队，三战是不是要开始了[笑哭],2025-06-23 04:05:00,10,6
BV1aANRzqE5d,2025-06-22 10:19:00,156056976,-911359455,499270852,yao古德猫宁,0,浪费钱,2025-06-23 04:15:00,0,2
BV1aANRzqE5d,2025-06-22 10:19:00,-911359455,183081968,26230823,星C之G,8,回复 @yao古德猫宁 :去看看越南战争就知道了，能把美国拖死，敢地面战,2025-06-23 09:42:00,0,0
BV1aANRzqE5d,2025-06-22 10:19:00,156056976,-909365087,329989058,梦里白衫-,10,那得看有没有本事拉其他几个大国下场了[笑哭]如果这个体量就算三战的话那三战早就已经爆发了,2025-06-23 04:36:00,0,0
BV1aANRzqE5d,2025-06-22 10:19:00,156056976,165263248,178984417,娴雩橗歆,10,伊拉克战争莓果就出动了地面部队不还是没打起来，中东的冲突又引发不了其它几大洲的战争。二战六大洲都参战了的,2025-06-23 05:42:00,0,1
BV1aANRzqE5d,2025-06-22 10:19:00,165263248,-891764431,299737394,手里的余温,62,回复 @娴雩橗歆 : 二战南美并没有参加[吃瓜],2025-06-23 08:30:00,0,1
BV1aANRzqE5d,2025-06-22 10:19:00,-891764431,178550848,178984417,娴雩橗歆,10,回复 @手里的余温 :你说得对，但是巴西组成了一支包含陆军、空军和海军人员的巴西远征军，总数2万5千人。1944年7月16日最早的运载远征军船只“威廉·A·曼将军”号抵达了那波里海港。战役后期，他们俘虏了2万名德国和意大利战俘。到战争结束时，超过900名巴西远征军士兵献出了自己的生命。,2025-06-23 08:50:00,0,1
BV1aANRzqE5d,2025-06-22 10:19:00,156056976,-902884927,4016868,我是大椿驴,7,开战的话语权已经不在阿美手里了，在中东杀的鸡再多，东大不理睬他也没办法，而且阿美陆军拉胯得不谈，曾经出动过屁事没有。,2025-06-23 05:50:00,0,0
BV1aANRzqE5d,2025-06-22 10:19:00,-902884927,-894068479,3546897589471694,资挂灯,1,回复 @我是大椿驴 :我们买自己的石油，卖自己的武器完事了，其他爱咋咋的[doge],2025-06-23 07:58:00,0,0
BV1aANRzqE5d,2025-06-22 10:19:00,156056976,-888927199,3546850443397874,once0-0,1,不可能[笑哭]，除非疯掉了,2025-06-23 09:07:00,0,0
BV1aANRzqE5d,2025-06-22 10:19:00,156056976,-879616511,45873654,三爷无双2012,428,他不胆的，川普不是傻子。全世界都巴不得美国在和自己以外的人打一架,2025-06-23 10:50:00,0,0
