﻿视频BV号,视频发布日期,上级评论ID,评论ID,用户ID,用户名,用户粉丝数,评论内容,评论时间,回复数,点赞数
BV1ahNvzmEoz,2025-06-17 10:00:00,0,-382635712,3809519,菜的抠脚的吉他手,77,当年移民以色列的河南裔犹太人不知道现在作何感想,2025-06-17 14:04:00,8,9
BV1ahNvzmEoz,2025-06-17 10:00:00,-382635712,-1441137535,74977762,AmericanC,23,想啥，生死有命富贵在天,2025-06-17 14:06:00,0,9
BV1ahNvzmEoz,2025-06-17 10:00:00,-382635712,-381605504,26115816,-大锤八十小锤四十-,32,已经被伊朗的流弹炸私了,2025-06-17 14:14:00,0,2
BV1ahNvzmEoz,2025-06-17 10:00:00,-382635712,-380511072,167906517,MoMoTool,4109,什么感想？还敢想什么？[doge],2025-06-17 14:24:00,0,2
BV1ahNvzmEoz,2025-06-17 10:00:00,-380511072,-1425614559,166779959,星際寶貝262,18,回复 @MoMoTool :不敢想，完全不敢想[嗑瓜子],2025-06-17 17:05:00,0,0
BV1ahNvzmEoz,2025-06-17 10:00:00,-382635712,-359658960,373933028,八神鉴,1,还有这事儿？？？我只知道河南回民多，没想到还有犹太人,2025-06-17 20:47:00,0,0
BV1ahNvzmEoz,2025-06-17 10:00:00,-359658960,-358143744,3809519,菜的抠脚的吉他手,77,回复 @八神鉴 :开封,2025-06-17 22:17:00,0,0
BV1ahNvzmEoz,2025-06-17 10:00:00,-382635712,-1417973951,33672263,贰十九畫生,23,惦记他们干啥，徒增烦恼，以色列人罢了,2025-06-17 21:39:00,0,0
BV1ahNvzmEoz,2025-06-17 10:00:00,-382635712,-1341754623,98602094,想不出叫啥好了,9,这事当年是以色列不承认他们是犹太人，后续就不知道是啥了,2025-06-18 14:56:00,0,0
