﻿视频BV号,视频发布日期,上级评论ID,评论ID,用户ID,用户名,用户粉丝数,评论内容,评论时间,回复数,点赞数
BV1ahNvzmEoz,2025-06-17 10:00:00,0,-1433841935,3546895297284166,檥籭若梦,1,核设施不应该在地下吗？防轰炸不应该是基础吗？伊朗不应该连钻地弹都应该防吗？核设施不应该严格保密吗？什么都做不到就别搞核设施了。,2025-06-17 15:20:00,10,8
BV1ahNvzmEoz,2025-06-17 10:00:00,-1433841935,-364531104,301053935,答案654321,4,你这不废话吗  你以为以色列这个能伤到伊朗的核设施吗,2025-06-17 17:41:00,0,3
BV1ahNvzmEoz,2025-06-17 10:00:00,-364531104,-1409420479,3546895297284166,檥籭若梦,1,回复 @答案654321 :核设施和相关研究人员是国家级机密，能让人摸个清清楚楚。无语的一批,2025-06-18 01:31:00,0,1
BV1ahNvzmEoz,2025-06-17 10:00:00,-1409420479,-1401981151,54473159,挽风御天,5,回复 @檥籭若梦 :伊朗内部有投降派,2025-06-18 03:15:00,0,1
BV1ahNvzmEoz,2025-06-17 10:00:00,-1409420479,-341393888,398006246,驀蕂鵀,4,回复 @檥籭若梦 :那些设置前面有报给国际原子能机构不然谁会把这么重要的东西泄露出去，那些核科学家为啥被精准刺杀就是因为被国际原子能机构把名单泄露给美国以色列了,2025-06-18 03:31:00,0,2
BV1ahNvzmEoz,2025-06-17 10:00:00,-1409420479,-1362247759,600660179,bili_600660179,65,回复 @檥籭若梦 :现在 卫星图 非常清晰了,2025-06-18 11:18:00,0,0
BV1ahNvzmEoz,2025-06-17 10:00:00,-1409420479,-171608464,82639117,sephiroth567,93,回复 @檥籭若梦 :情报甚至是自己给别人递过去的。[吃瓜]反手就被人送给了美以,2025-06-19 22:56:00,0,0
BV1ahNvzmEoz,2025-06-17 10:00:00,-1433841935,-1418337711,2224354,紫妈18岁,161,老美提供的情报,2025-06-17 21:11:00,0,1
BV1ahNvzmEoz,2025-06-17 10:00:00,-1433841935,-1362191743,600660179,bili_600660179,65,电厂 配套设施都在地表 没法挪位置啊,2025-06-18 11:17:00,0,0
BV1ahNvzmEoz,2025-06-17 10:00:00,-1433841935,-286715024,29675835,不败的拿破仑1,28,你不会不知道有国际原子能机构吧，人家天天在,2025-06-18 14:17:00,0,0
BV1ahNvzmEoz,2025-06-17 10:00:00,-1433841935,-1259539295,474223983,赛博矿工_Net,6,但是总会有地面建筑啊，最核心的估计是在地下，而且也不会那么容易就被摧毁。,2025-06-19 13:23:00,0,0
