﻿视频BV号,视频发布日期,上级评论ID,评论ID,用户ID,用户名,用户粉丝数,评论内容,评论时间,回复数,点赞数
BV1ahNvzmEoz,2025-06-17 10:00:00,0,-1448282687,642664281,青年牛马人,4,以色列好像有核武器，会不会到时候以色列往伊朗来那么一发，感觉以色列可能不会顾忌那么多[藏狐][藏狐][藏狐],2025-06-17 12:49:00,8,1
BV1ahNvzmEoz,2025-06-17 10:00:00,-1448282687,-388055040,278155425,橙猫猫用华为,19,那可真????了,2025-06-17 13:09:00,0,6
BV1ahNvzmEoz,2025-06-17 10:00:00,-1448282687,-382641760,650824128,三丝四弦思华年,28,想想上次核弹是啥时候，这东西可不兴对人来一发呀，有一就有二了,2025-06-17 14:04:00,0,5
BV1ahNvzmEoz,2025-06-17 10:00:00,-1448282687,-375232704,18999523,白丝三千为在那人旁,16,你别说，感觉以色列扔这玩意的概率比毛子都大,2025-06-17 15:17:00,0,5
BV1ahNvzmEoz,2025-06-17 10:00:00,-375232704,-368991392,486123049,暖心话题君,5,回复 @白丝三千为在那人旁 :咬人的狗不叫，叫的大声是核讹诈，就像毛子，悄咪咪不出声就真可能在考虑用。,2025-06-17 16:29:00,0,4
BV1ahNvzmEoz,2025-06-17 10:00:00,-1448282687,-368958624,486123049,暖心话题君,5,以什么都没说，巴就说核反制，就是都知道悄咪咪才可能在做坏事。,2025-06-17 16:30:00,0,0
BV1ahNvzmEoz,2025-06-17 10:00:00,-1448282687,-363663648,592108011,浅川望丿,0,要是现代国家有敢对其他国家使用核武的话，第一个被各国从地球上抹平，没人敢给他下担保不会扔第二颗，核捆绑是这样的。,2025-06-17 18:02:00,0,5
BV1ahNvzmEoz,2025-06-17 10:00:00,-1448282687,-345918512,1647149,MS_Exca,0,你要考虑以色列的国土面积，它太小了，以色列扔几发核弹不可能消灭伊朗，但以它自己的面积吃几发核弹是真的有可能灭国,2025-06-18 02:30:00,0,0
BV1ahNvzmEoz,2025-06-17 10:00:00,-1448282687,-1341136975,98602094,想不出叫啥好了,9,核武器这玩意以色列也就嘴上说说，真敢扔就没人能保得了他了，不用别的，参考联合国对伊拉克的制裁，就以色列那屁大点地方，一旦被全方位制裁，一年都撑不住,2025-06-18 15:02:00,0,0
