﻿视频BV号,视频发布日期,上级评论ID,评论ID,用户ID,用户名,用户粉丝数,评论内容,评论时间,回复数,点赞数
BV1A3Ntz7E8K,2025-06-19 09:46:00,0,-1262621967,200531067,琥丶丶翼,2,5层小楼都没炸塌，威力比想象中小啊,2025-06-19 12:49:00,38,29
BV1A3Ntz7E8K,2025-06-19 09:46:00,-1262621967,-1261709519,10230884,一周雨一周晴,28,都炸到大a了，威力还不大[doge][doge][doge],2025-06-19 12:59:00,0,11
BV1A3Ntz7E8K,2025-06-19 09:46:00,-1262621967,-1259753439,30433994,明司五町,9,[吃瓜]核弹都没法炸多大地方  别高估炸弹也别低估钢筋水泥,2025-06-19 13:22:00,0,15
BV1A3Ntz7E8K,2025-06-19 09:46:00,-1262621967,-1259067391,2027847798,explaination,22,钢筋水泥很耐炸的，除非炸到承重结构了否则塌不了，俄乌叙利亚很多城镇被大炮轰的千疮百孔都不塌,2025-06-19 13:28:00,0,15
BV1A3Ntz7E8K,2025-06-19 09:46:00,-1259067391,-191634480,570190932,爱你就一秒,11,回复 @explaination :但其实也不能用了，修起来比重健海麻烦,2025-06-19 14:44:00,0,10
BV1A3Ntz7E8K,2025-06-19 09:46:00,-1262621967,-1255054783,327973182,铁憨憨不是吧,15,钢筋混泥土很厉害的，你上核弹杀伤能力也受限,2025-06-19 14:13:00,0,5
BV1A3Ntz7E8K,2025-06-19 09:46:00,-1262621967,-1253178159,231022780,大葱丫,101,其实，像这种弹，击中高楼，就足够了，虽然不能马上塌落死很多，但是楼几乎也是不能用了，还得拆了重建,2025-06-19 14:34:00,0,16
BV1A3Ntz7E8K,2025-06-19 09:46:00,-1253178159,-186105920,634467543,Tinkinon,2,回复 @大葱丫 :是的，看起来没塌，要用也不敢继续用,2025-06-19 15:47:00,0,1
BV1A3Ntz7E8K,2025-06-19 09:46:00,-1262621967,-1250255439,377965664,异常-已修正,55,给你个数据吧：根据俄方自己的说法，巴赫穆特那么屁大点地方，俄军丢了30万吨的炮弹都没炸干净，这还没算乌军的[吃瓜],2025-06-19 15:07:00,0,60
BV1A3Ntz7E8K,2025-06-19 09:46:00,-1262621967,-1249855807,340746073,混元大萝金仙,131,不要低估了钢筋混凝土口牙,2025-06-19 15:10:00,0,27
BV1A3Ntz7E8K,2025-06-19 09:46:00,-1262621967,-189159968,483949738,交易乐子哥,18,没塌，但是以色列要自己拆。,2025-06-19 15:11:00,0,14
BV1A3Ntz7E8K,2025-06-19 09:46:00,-1262621967,-1246992415,2020791095,霆霓快语,19,炸成危楼就行了，拆起来更费钱,2025-06-19 15:45:00,0,20
BV1A3Ntz7E8K,2025-06-19 09:46:00,-1262621967,-186242944,204840704,萌萌的决明子,19,再来几发也炸不垮钢筋混凝土,2025-06-19 15:45:00,0,4
BV1A3Ntz7E8K,2025-06-19 09:46:00,-1262621967,-186117920,3461571187575042,左辅theighth,7,广岛的楼都没塌,2025-06-19 15:46:00,0,1
BV1A3Ntz7E8K,2025-06-19 09:46:00,-1262621967,-185449072,627863837,卡拉德领主,4,几场现代战争早就证明了现代钢筋水泥式建筑很耐炸的，但建筑幸存不代表里面的人没事，可能早就被冲击波震死了,2025-06-19 15:55:00,0,32
BV1A3Ntz7E8K,2025-06-19 09:46:00,-185449072,-177363488,14952646,很圆的大树,112,回复 @卡拉德领主 :不知道也许以色列的阿拉伯裔受歧视，有的就是巴勒斯坦人为工作生活取得以色列公民身份或工签但被犹太人防范,2025-06-19 18:15:00,0,0
BV1A3Ntz7E8K,2025-06-19 09:46:00,-185449072,-176943712,518863945,从不故意找茬,4,回复 @卡拉德领主 :真的吗？冲击波能搞死人吗,2025-06-19 18:28:00,0,0
BV1A3Ntz7E8K,2025-06-19 09:46:00,-176943712,-175713776,627863837,卡拉德领主,4,回复 @从不故意找茬 :当然，比如核弹可没一些电影里表现出的那么夸张的爆炸范围和效果，其真正一部分对人的杀伤能力就来自于产生的冲击波。很多时候都不用核弹，一些重型炸弹爆炸过后可能楼体留下了，但里面的人全死了。开阔地带一定距离可以把人冲飞，而在一般四面漏风的居民楼里这类复杂地形更是要命，冲击波反射弹个几下运气不好血管全得被震爆，就是那种七窍流血而亡，死状凄惨的很。但如果建筑物完全阻挡了冲击波就没那么大杀伤效果了。不过以前一些营销号说冲击波能引起人体频率共振而把人震死是瞎扯淡，就是纯粹的动压把人器官生生挤爆。你经历过有一定强度的爆炸就会晓得了，就是胸会突然闷一下。,2025-06-19 19:11:00,0,2
BV1A3Ntz7E8K,2025-06-19 09:46:00,-1262621967,-1245793807,757378,lolilulu,13,这就是为什么巷战依旧那么难打的原因了。,2025-06-19 16:00:00,0,0
BV1A3Ntz7E8K,2025-06-19 09:46:00,-1262621967,-1245303631,492833688,看球费电-_,56,你低估了钢筋混凝土的结实程度。。。。,2025-06-19 16:06:00,0,1
BV1A3Ntz7E8K,2025-06-19 09:46:00,-1262621967,-184554352,12791406,看看你的身后,6,兄弟那是钢筋混凝土，不是木头泡沫板,2025-06-19 16:07:00,0,1
BV1A3Ntz7E8K,2025-06-19 09:46:00,-1262621967,-1245199855,34815586,swgcpy,14,混凝土里面有钢筋，哪那么容易塌,2025-06-19 16:09:00,0,1
BV1A3Ntz7E8K,2025-06-19 09:46:00,-1262621967,-1244077295,549972958,阿尔宙斯123456,1,除非正中靶心，否则炸不塌钢筋混凝土结构的,2025-06-19 16:24:00,0,0
BV1A3Ntz7E8K,2025-06-19 09:46:00,-1262621967,-182890048,374372631,跨过千山万水,93,钢筋混凝土很厉害的，俄乌巴赫穆特被各种东西招呼了几个月还不是有建筑没倒,2025-06-19 16:29:00,0,1
BV1A3Ntz7E8K,2025-06-19 09:46:00,-1262621967,-1243482175,1036425364,安枝云,45,不用完全炸踏 威力也不够 不过炸个七七八八 没人敢在这栋楼附近工作和居住了,2025-06-19 16:31:00,0,0
BV1A3Ntz7E8K,2025-06-19 09:46:00,-1262621967,-1242848127,1523244361,从明天起做个开心的人,1,你要想想911这么大的飞机都装不塌双子塔，最后还是因为航空燃油一直烧塌的[doge_金箍],2025-06-19 16:41:00,0,8
BV1A3Ntz7E8K,2025-06-19 09:46:00,-1242848127,-179646880,1080919837,皇子丶kings,4,回复 @从明天起做个开心的人 :[doge],2025-06-19 17:21:00,0,0
BV1A3Ntz7E8K,2025-06-19 09:46:00,-1262621967,-180431440,286117,bilibili番外个体,0,钢筋水泥混凝土哪有那么容易炸毁？ 这可不是砖瓦房，你想想你住的楼房一般要能抗住6-7级大地震的，地震能量多大？,2025-06-19 17:07:00,0,1
BV1A3Ntz7E8K,2025-06-19 09:46:00,-1262621967,-1239678223,10171662,平宁,26,迄今为止热武器主要杀伤的还是脆弱的碳基生物,2025-06-19 17:43:00,0,0
BV1A3Ntz7E8K,2025-06-19 09:46:00,-1262621967,-1239670703,328088362,wawltd,38,炸成用不了，力度刚刚好,2025-06-19 17:44:00,0,0
BV1A3Ntz7E8K,2025-06-19 09:46:00,-1262621967,-178415296,15795627,云天明的恋爱脑,38,别小看钢筋混凝土，双子塔都不是被飞机撞塌的，是被飞机里的燃油烧融的。,2025-06-19 17:48:00,0,2
BV1A3Ntz7E8K,2025-06-19 09:46:00,-1262621967,-1239421775,393503772,唯年华易老,75,除非扔在建筑物内部，不然就是个大大的炮仗,2025-06-19 17:49:00,0,0
BV1A3Ntz7E8K,2025-06-19 09:46:00,-1262621967,-178183920,352109635,云墨溪白,17,塌了也不一定好，最好是摇摇欲坠那种，你不能住，只能自己拆,2025-06-19 17:56:00,0,1
BV1A3Ntz7E8K,2025-06-19 09:46:00,-1262621967,-1238813007,33463486,漫仓沙,32,整栋大楼宏观一点看就是一块海绵结构[笑哭],2025-06-19 18:02:00,0,0
BV1A3Ntz7E8K,2025-06-19 09:46:00,-1262621967,-1238794431,407516776,錫殇_,163,不要高估导弹的爆炸威力了。其实现代建筑很能抗炸的。可以去看看俄乌那边[doge],2025-06-19 18:03:00,0,0
BV1A3Ntz7E8K,2025-06-19 09:46:00,-1262621967,-1238071951,90138180,陶德霍华德,54,说起来不谈建筑我就很好奇阿以色列首都的核心区被伊朗这么炸 经济应该快崩了吧[藏狐][藏狐][藏狐],2025-06-19 18:24:00,0,0
BV1A3Ntz7E8K,2025-06-19 09:46:00,-1262621967,-46237456,1277711246,潇潇白衣,13,说实话給你炸一下，当天不跑路的都是人才,2025-06-21 04:48:00,0,0
BV1A3Ntz7E8K,2025-06-19 09:46:00,-1262621967,48031808,304382641,卡布叻_百璃,58,"就连核弹除了中心那一圈都炸不干净钢筋混凝土
你把现代建筑想的也太脆了吧",2025-06-22 02:49:00,0,0
BV1A3Ntz7E8K,2025-06-19 09:46:00,-1262621967,213144816,356544,宝成热可可,161,钢筋混凝土建筑非常抗揍,2025-06-23 14:48:00,0,0
