﻿视频BV号,视频发布日期,上级评论ID,评论ID,用户ID,用户名,用户粉丝数,评论内容,评论时间,回复数,点赞数
BV1ajMmz4Egg,2025-06-14 09:54:00,0,-1748255263,3546888313768659,大地怒吼3,14,"问：为啥美军兴师动众派了庞大的舰队去红海，长期多次轰炸胡赛却没有重要战果还要谈判撤军？
答:因为胡赛拒绝伊朗派顾问[doge]
问：为啥真主党去年那么惨高层全灭
答:因为伊朗派了人(间谍)过来。
问：为什么前天夜里真主党情报又厉害了，可以提前一个小时向伊朗预警袭击(这不是12号那种喊着以色列要打，是精确知道以色列动手了)
答:真主党现在也没有伊朗顾问了",2025-06-14 10:20:00,6,192
BV1ajMmz4Egg,2025-06-14 09:54:00,-1748255263,-1747539855,396599272,追赶时间Star,108,伊朗派过，结果起到了王明博古李德的作用,2025-06-14 10:28:00,0,42
BV1ajMmz4Egg,2025-06-14 09:54:00,-1747539855,-650279440,108381524,ddlli8282,15,回复 @追赶时间Star :还不如这仨呢,2025-06-14 20:47:00,0,1
BV1ajMmz4Egg,2025-06-14 09:54:00,-650279440,-1657401503,265994554,铁柱石头大壮胖墩,86,回复 @ddlli8282 :内贾德时期，总感觉他要动手干以色列，但又挺克制。现在感觉伊朗快要亡国的样。,2025-06-15 08:06:00,0,0
BV1ajMmz4Egg,2025-06-14 09:54:00,-1748255263,-1744314383,23717483,发光的一群星星,67,伊朗顾问当年瞎指挥导致胡赛武装伤亡过万,2025-06-14 11:01:00,0,34
BV1ajMmz4Egg,2025-06-14 09:54:00,-1744314383,-1640630047,4637177,弦断与谁听,7,回复 @发光的一群星星 :说是瞎指挥，说白了就是不想胡赛做大，想一直做大哥[doge],2025-06-15 11:17:00,0,0
BV1ajMmz4Egg,2025-06-14 09:54:00,-1748255263,-1715159327,19160697,守身如玉萧昭业,133,06年珍珠党把入侵的以色列国防军打得满地找牙，现在以色列实力下降了反而重创珍珠党，内鬼作祟来解释就合理多了。,2025-06-14 15:53:00,0,17
