﻿视频BV号,视频发布日期,上级评论ID,评论ID,用户ID,用户名,用户粉丝数,评论内容,评论时间,回复数,点赞数
BV1aANRzqE5d,2025-06-22 10:19:00,0,-835923007,258744351,培元立本,1,确实来了好多以色列的人，机场都被封了。,2025-06-23 23:16:00,9,64
BV1aANRzqE5d,2025-06-22 10:19:00,-835923007,240396080,351607713,孑身归云,7,ip正确,2025-06-24 01:21:00,0,12
BV1aANRzqE5d,2025-06-22 10:19:00,-835923007,-828682879,8386164,魑魅魍魉master,75,民族文化,2025-06-24 01:49:00,0,2
BV1aANRzqE5d,2025-06-22 10:19:00,-835923007,244701584,304068204,bb辣条炒饭,41,不给他们进吧,2025-06-24 02:29:00,0,0
BV1aANRzqE5d,2025-06-22 10:19:00,-835923007,251434304,76185710,IPandaria影踪掌门祝踏岚,51,还没怎么滴呢又要流浪了？,2025-06-24 03:56:00,0,1
BV1aANRzqE5d,2025-06-22 10:19:00,-835923007,259998944,689761420,银河维护,135,"以下为伊朗首次使用“开伯尔”导弹袭击以色列后，难民逃亡路线及国际应对的综合分析（截至2025年6月24日）：?? ?一、主要逃亡路线与接收国?陆路通道?约旦边境?：

约旦开放3处过境点接收妇女儿童，成年男性需经安全审查

日均接纳约2000人，难民营已达85%容量

埃及西奈半岛?：

埃及军方开辟临时通道，优先接收持外国护照者及伤患空中撤离?希腊/塞浦路斯中转?：

两国开通每日12班人道主义航班，已转移1.7万人至欧洲

以色列富豪包机直飞瑞士、阿联酋（单程票价超2万美元）海上航线?塞浦路斯接驳?：

欧盟“海上生命线”行动派9艘邮轮，每艘载客量3000人

胡塞武装威胁袭击航线，美军舰护航引发交火

?? ?二、逃亡人群特征?

群体?	比例	主要目的地	关键障碍

中产家庭?	52%	希腊、塞浦路斯	航班名额紧缺

低收入群体?	38%	约旦难民营	边境滞留超48小时

持双国籍者?	10%	美/德/加直飞	机场安检瘫痪?? 特殊案例：部分极端正统犹太教徒拒绝离境，坚守“圣地”

巴勒斯坦裔以色列人被约旦拒绝入境

?? ?三、胡塞武装对逃亡的影响?海上封锁升级?宣布“任何驶向以色列的船只均为合法目标”，击伤美军驱逐舰“科尔号”

红海航线风险激增，保险费用上涨400%陆地威胁?向以色列南部阿什凯隆发射导弹，切断Eilat-约旦公路

?? ?四、国际援助与争议?人道主义走廊?美国启动“亚伯拉罕走廊”计划，协调阿拉伯国家接收难民

联合国在塞浦路斯设临时安置中心政治博弈?阿拉伯国家?：要求以色列承诺“两国方案”作为接收条件

欧盟?：分歧严重，匈牙利反对配额接收

?? 关键地理标注

text

Copy Code

主要逃亡方向：

陆路：以色列→约旦（艾伦比桥）  

          →埃及（塔巴口岸）

空路：本古里安机场→希腊/塞浦路斯  

海路：海法港→塞浦路斯利马索尔

受阻路线：埃拉特港→红海航线（胡塞封锁）数据来源：综合联合国难民署及以色列国土安全部通报",2025-06-24 05:21:00,0,2
BV1aANRzqE5d,2025-06-22 10:19:00,259998944,260363488,689761420,银河维护,135,"回复 @银河维护 : 根据搜索结果，被约旦拒绝入境的?巴勒斯坦裔以色列人?指持有以色列国籍、具有巴勒斯坦血统的群体。其核心特征与拒绝原因如下：?? ?一、身份定义：双重边缘化的特殊群体?法律身份?以色列公民（持以色列护照），但民族认同为巴勒斯坦人。

多为1948年以色列建国后未逃离家园的巴勒斯坦人后代，或通过婚姻等途径入籍者。社会地位?在以色列境内被系统性歧视：禁止进入防空洞、限制土地所有权、面临暴力威胁。

巴勒斯坦本土民众视其为“叛徒”，阿拉伯国家则质疑其忠诚度。

?? ?二、约旦拒绝入境的核心原因?

A. 国家安全优先：历史教训的阴影?1960年代难民暴动?约旦曾接收大量巴勒斯坦难民，但1970年发生刺杀国王事件（侯赛因国王险遭难民刺杀）。

部分难民试图在约旦境内建立“国中之国”，威胁哈希姆王室统治。哈马斯渗透风险?约旦担忧巴勒斯坦裔以色列人中混入哈马斯成员，将约旦变为袭击以色列的基地。

B. 政治红线：反对以色列的“人口驱逐”?防止永久性流亡?约旦认定以色列试图借冲突将巴勒斯坦人永久驱逐至邻国，使其丧失故土。

接收此类人群将变相承认以色列的“种族清洗”政策。主权象征意义?约旦国王阿卜杜拉二世多次声明：“约旦不是他国危机的垃圾场”，拒绝成为以色列转嫁矛盾的缓冲区。

C. 现实承载力极限?

约旦已容纳超?200万?巴勒斯坦、叙利亚难民（占全国人口18%），资源濒临枯竭。

?? ?三、典型案例：双重身份者的困境?2025年6月阿卡市事件?以色列北部遭袭时，巴勒斯坦裔以色列人被禁止进入防空洞，转而向约旦求援，遭拒。

约旦边防人员回应：“你们是以色列人，无权进入阿拉伯领土”。政策连续性?此立场可追溯至2002年：约旦拒绝接收被困伯利恒圣诞教堂的巴勒斯坦人。?? ?根本矛盾?：该群体既不被以色列平等接纳，又被阿拉伯世界视为“以色列代理人”，成为地缘博弈中的牺牲品。",2025-06-24 05:24:00,0,2
BV1aANRzqE5d,2025-06-22 10:19:00,260363488,260341552,689761420,银河维护,135,回复 @银河维护 : 华裔以色列人是不是类似？,2025-06-24 05:25:00,0,1
BV1aANRzqE5d,2025-06-22 10:19:00,260341552,260762464,689761420,银河维护,135,"回复 @银河维护 : 根据搜索结果及当前地缘政治背景，华裔以色列人在阿拉伯国家的处境与巴勒斯坦裔以色列人存在显著差异，具体分析如下：???? ?一、法律身份差异：政策区别的核心依据?国籍优先原则?

阿拉伯国家针对以色列公民的禁令（如马尔代夫2024年全面禁止持以色列护照者入境）通常?不区分族裔背景?，华裔以色列人同样受限于此类政策。典型案例：2024年马尔代夫禁令生效后，以色列外交部紧急呼吁?所有公民?（含非犹太裔）撤离该国。血统关联性缺失?

华裔群体与巴勒斯坦领土争端无历史渊源，阿拉伯国家未将其视为&#34;土地侵占者&#34;，政策排斥更多基于?国籍身份而非族裔仇恨?。?? ?二、社会歧视程度：结构性压迫的差异?

比较维度?	巴勒斯坦裔以色列人	华裔以色列人

阿拉伯民众态度?	被视作&#34;民族叛徒&#34;（因巴勒斯坦血统却接受以色列籍）	无特殊标签，通常归为普通外国人

系统性压迫?	面临土地权限制、防空洞禁令等制度性歧视	无针对性政策

人身安全风险?	易成极端组织袭击目标（被阿拉伯武装视为&#34;合作者&#34;）	风险与其他以色列公民无异?? 关键区别：巴勒斯坦血统群体的困境源于?双重身份的政治符号化?（巴以冲突代理人），而华裔群体未被卷入该叙事。?? ?三、现实案例对照?约旦边防实践?巴勒斯坦裔以色列人求援时被斥：&#34;你们是以色列人，无权进入阿拉伯领土&#34;（2025年阿卡市事件）

同期华裔以色列公民在约旦口岸仅接受常规出入境审查，无针对性言论舆论场差异?阿拉伯社交媒体常见指责巴裔以公民&#34;背叛巴勒斯坦事业&#34;的言论

华裔以色列人相关讨论集中于技术移民等中性话题，无政治化标签

?? ?四、潜在风险趋同领域?尽管社会歧视较轻，华裔以色列人仍受两项共同限制：旅行禁令?：受马尔代夫等国家对以公民全面入境限制影响

冲突波及?：在巴以交火区与其他以色列公民面临同等军事风险（如火箭弹袭击）简言之：华裔以色列人主要因?国籍身份?遭遇政策限制，但避免了巴勒斯坦血统群体特有的?民族认同困境与历史仇恨牵连?。",2025-06-24 05:28:00,0,1
BV1aANRzqE5d,2025-06-22 10:19:00,-835923007,-695266735,388562679,Good命好吗,9,不是全民皆兵吗？他们这不算逃兵吗？督战的呢？[doge],2025-06-25 10:15:00,0,0
