﻿视频BV号,视频发布日期,上级评论ID,评论ID,用户ID,用户名,用户粉丝数,评论内容,评论时间,回复数,点赞数
BV1ApNazxEQE,2025-06-16 23:24:00,0,-1500554095,3493133415353057,八號樓王爺,9,别去了，何必搭理他们呢，安全第一,2025-06-17 02:09:00,39,24
BV1ApNazxEQE,2025-06-16 23:24:00,-1500554095,-440128448,677862515,被禁言了转生,2,因为我们需要第一手消息，解开西方人的嘴脸。,2025-06-17 02:54:00,0,19
BV1ApNazxEQE,2025-06-16 23:24:00,-440128448,-1457891519,13884054,成熟是时光的腐朽,91,回复 @被禁言了转生 :支持你说的 俄乌冲突报道下[哦呼][哦呼][哦呼],2025-06-17 11:07:00,0,0
BV1ApNazxEQE,2025-06-16 23:24:00,-1457891519,-398819168,677862515,被禁言了转生,2,回复 @成熟是时光的腐朽 :笑死加沙也是这群人冒着炮火去拍摄真实信息。而不是单方面报道,2025-06-17 11:16:00,0,0
BV1ApNazxEQE,2025-06-16 23:24:00,-1457891519,-1453092303,23493859,凌乱的乱码君,70,回复 @成熟是时光的腐朽 :我不评价立场，哪里的战地记者都是值得尊敬的，去俄乌的记者多了去了你是一个没见过吗,2025-06-17 11:57:00,0,4
BV1ApNazxEQE,2025-06-16 23:24:00,-1453092303,-1452700911,13884054,成熟是时光的腐朽,91,回复 @凌乱的乱码君 :你发个视频或者连接 让我看看三年了 咱们的记者在哪里[哦呼],2025-06-17 12:03:00,0,0
BV1ApNazxEQE,2025-06-16 23:24:00,-1452700911,-1452122527,23493859,凌乱的乱码君,70,回复 @成熟是时光的腐朽 :你没手吗？你先证明一下有没有先,2025-06-17 12:08:00,0,0
BV1ApNazxEQE,2025-06-16 23:24:00,-1452122527,-1449989199,13884054,成熟是时光的腐朽,91,回复 @凌乱的乱码君 :谁主张谁举证吧 你主张有 你拿出证据 三年那么多场战役 视频应该一大把吧,2025-06-17 12:33:00,0,0
BV1ApNazxEQE,2025-06-16 23:24:00,-1449989199,-1449392559,1405874,Sharphila,110,回复 @成熟是时光的腐朽 : 【全球连线｜俄乌首次谈判结束！新华社记者基辅超市见闻】https://www.bilibili.com/video/BV1Du411D7Aj?vd_source=21565bff09141029f37da76bc3849224 这叫到28号就没了？ 不仅手残疾  眼也残疾是吗,2025-06-17 12:38:00,0,0
BV1ApNazxEQE,2025-06-16 23:24:00,-1457891519,-394543024,22981544,我是小肥德,11,回复 @成熟是时光的腐朽 :注意点 绿呱ip别变来变去,2025-06-17 12:01:00,0,0
BV1ApNazxEQE,2025-06-16 23:24:00,-394543024,-1452421887,13884054,成熟是时光的腐朽,91,回复 @我是小肥德 :有事就说 扣帽子有什么 你自己没底气反驳吗[哦呼],2025-06-17 12:05:00,0,0
BV1ApNazxEQE,2025-06-16 23:24:00,-1452421887,-1450578703,1405874,Sharphila,110,回复 @成熟是时光的腐朽 : 【单人自驾闯关！新华社战地记者抵达基辅】https://www.bilibili.com/video/BV1nT4y1Q7D5?vd_source=21565bff09141029f37da76bc3849224   关爱残疾人,2025-06-17 12:25:00,0,0
BV1ApNazxEQE,2025-06-16 23:24:00,-1450578703,-1450198367,13884054,成熟是时光的腐朽,91,回复 @Sharphila :这人的视频我看到是到28号就没了 三年了 这么多战役和战场 咱们的记者在哪里 对了 你这个视频里 也没拍到什么有价值的信息啊[哦呼][哦呼][哦呼],2025-06-17 12:29:00,0,0
BV1ApNazxEQE,2025-06-16 23:24:00,-1450198367,-1449735199,23493859,凌乱的乱码君,70,回复 @成熟是时光的腐朽 :反反复复就这几句话，视频给你找了又说没价值，你这不是纯杠吗？,2025-06-17 12:35:00,0,0
BV1ApNazxEQE,2025-06-16 23:24:00,-1449735199,-1448900159,435789951,罗马的皇帝君士坦丁,27,回复 @凌乱的乱码君 :你和这种亚空间生物讲什么道理，让它继续活着它的梦境里不好吗？,2025-06-17 12:43:00,0,1
BV1ApNazxEQE,2025-06-16 23:24:00,-1450198367,-1448780735,272411981,音律觉醒,347,回复 @成熟是时光的腐朽 :看了眼你主页，好纯正的亚空间生物,2025-06-17 12:45:00,0,0
BV1ApNazxEQE,2025-06-16 23:24:00,-1448780735,-1447557119,13884054,成熟是时光的腐朽,91,回复 @音律觉醒 :我干了什么伤天害理的事吗 你给指出来,2025-06-17 12:57:00,0,0
BV1ApNazxEQE,2025-06-16 23:24:00,-1452421887,-1439088015,36788586,神钩小锤石,37,"回复 @成熟是时光的腐朽 : https://www.bilibili.com/video/BV15XQVYiE1k/?spm_id_from=333.1387.search.video_card.click&amp;vd_source=956ec4354c518b89c70c834e07f176b9
俄被炸? 25年3月11
https://www.bilibili.com/video/BV1BCXbYDEHV/?spm_id_from=333.1387.search.video_card.click&amp;vd_source=956ec4354c518b89c70c834e07f176b9
乌被 炸",2025-06-17 14:25:00,0,0
BV1ApNazxEQE,2025-06-16 23:24:00,-1439088015,-1434966607,13884054,成熟是时光的腐朽,91,回复 @神钩小锤石 :一个俄罗斯城市一个基辅市 战场画面在哪里 多次重大规模战役有没有一手画面和资料[哦呼],2025-06-17 15:08:00,0,0
BV1ApNazxEQE,2025-06-16 23:24:00,-1434966607,-1431583535,36788586,神钩小锤石,37,回复 @成熟是时光的腐朽 :对的对的，记者就得蹲战壕里面填线。黎巴嫩唉炸得坐纳斯鲁拉旁边才行。,2025-06-17 15:45:00,0,0
BV1ApNazxEQE,2025-06-16 23:24:00,-1431583535,-1427967647,13884054,成熟是时光的腐朽,91,回复 @神钩小锤石 :所以 你承认三年多了 一次重大战役的一手资料都没有吗 所以引用别人的报道很光荣是吗 那些报道是哪些战地记者拍的呢[哦呼][哦呼][哦呼],2025-06-17 16:28:00,0,0
BV1ApNazxEQE,2025-06-16 23:24:00,-1431583535,-1427712815,13884054,成熟是时光的腐朽,91,回复 @神钩小锤石 :以美联社的Chernov和Maloletka、BBC的Sommerville为代表的西方记者，通过影像、采访和实地报道，揭示了俄乌冲突的残酷真相。请问咱们的报道在哪里 有没有制作的纪录片 有没有采访士兵 居民 有没有参与各大战役行动报道 [哦呼][哦呼][哦呼],2025-06-17 16:32:00,0,0
BV1ApNazxEQE,2025-06-16 23:24:00,-1431583535,-1427695103,13884054,成熟是时光的腐朽,91,回复 @神钩小锤石 :这个时候怎么不占领舆论 用大量的实地探访 报道 视频 图片打脸西方媒体 [哦呼][哦呼][哦呼][哦呼],2025-06-17 16:33:00,0,0
BV1ApNazxEQE,2025-06-16 23:24:00,-1500554095,-438467408,3546686263659215,我就不发货,57,不报道当什么记者,2025-06-17 03:19:00,0,11
BV1ApNazxEQE,2025-06-16 23:24:00,-1500554095,-437874368,66769625,消耗了6枚软币,10,舆论战，我们需要有第一手情报,2025-06-17 03:26:00,0,19
BV1ApNazxEQE,2025-06-16 23:24:00,-1500554095,-1492887551,23493859,凌乱的乱码君,70,这才是记者，冒着生命风险报道事实内容，不是那些靠转载的新闻号,2025-06-17 03:54:00,0,39
BV1ApNazxEQE,2025-06-16 23:24:00,-1492887551,-1457875199,13884054,成熟是时光的腐朽,91,回复 @凌乱的乱码君 :怎么俄乌冲突不去呢 真的多新闻点[哦呼],2025-06-17 11:07:00,0,0
BV1ApNazxEQE,2025-06-16 23:24:00,-1457875199,-394621376,22981544,我是小肥德,11,回复 @成熟是时光的腐朽 :爆笑土植 没报道？,2025-06-17 11:59:00,0,0
BV1ApNazxEQE,2025-06-16 23:24:00,-394621376,-1452513791,13884054,成熟是时光的腐朽,91,回复 @我是小肥德 :来啊 来个视频呗 俄乌三年了 各大战役 有没有这种战地记者报道的,2025-06-17 12:04:00,0,0
BV1ApNazxEQE,2025-06-16 23:24:00,-1457875199,-1447538239,28190668,胡说-周树人,26,回复 @成熟是时光的腐朽 :没去还是你没看？,2025-06-17 12:58:00,0,0
BV1ApNazxEQE,2025-06-16 23:24:00,-1447538239,-1446839967,13884054,成熟是时光的腐朽,91,回复 @胡说-周树人 :来来来 楼上的找到最新的还是2022.3.2号 而且也没有战场画面 你倒是找出来 咱们总结下,2025-06-17 13:05:00,0,0
BV1ApNazxEQE,2025-06-16 23:24:00,-1500554095,-432210768,487661638,Andrea丶Larosa,91,记者的录像采访就是证据，,2025-06-17 04:28:00,0,14
BV1ApNazxEQE,2025-06-16 23:24:00,-1500554095,-430569760,6587241,麦芽红豆包,732,这是实力的一部分，也是信息的收集，需要有人做,2025-06-17 04:44:00,0,8
BV1ApNazxEQE,2025-06-16 23:24:00,-1500554095,-1485817935,31489475,致文诚,3,不能当鸵鸟。现在就是手伸得不够长，伊朗都这样了还不想着找我们,2025-06-17 05:07:00,0,3
BV1ApNazxEQE,2025-06-16 23:24:00,-1500554095,-419014688,17270325,稚嫩的子修,31,不是为了他们，是我了屏幕前的我们,2025-06-17 07:13:00,0,3
BV1ApNazxEQE,2025-06-16 23:24:00,-1500554095,-417689552,170784133,greenlaranja,101,这就是记者的工作,2025-06-17 07:32:00,0,1
BV1ApNazxEQE,2025-06-16 23:24:00,-1500554095,-1474007807,519017687,樊泛泛泛,208,战地记者的用武之地啊！,2025-06-17 07:55:00,0,1
BV1ApNazxEQE,2025-06-16 23:24:00,-1500554095,-395060512,253764720,光少啦啦啦,8,记者就是这样的啊,2025-06-17 11:54:00,0,0
BV1ApNazxEQE,2025-06-16 23:24:00,-1500554095,-1448315503,1405874,Sharphila,110,回复 @成熟是时光的腐朽 : 我还得教你有个CGTN？,2025-06-17 12:50:00,0,0
BV1ApNazxEQE,2025-06-16 23:24:00,-1500554095,-372577040,289609141,Dust_Ashes,1,你懂个??,2025-06-17 15:46:00,0,0
