﻿视频BV号,视频发布日期,上级评论ID,评论ID,用户ID,用户名,用户粉丝数,评论内容,评论时间,回复数,点赞数
BV1ajMmz4Egg,2025-06-14 09:54:00,0,-1742110095,1614852352,吃着板栗奔大理,205,速度最快的高层军事统帅的新老交替[嗑瓜子],2025-06-14 11:22:00,18,490
BV1ajMmz4Egg,2025-06-14 09:54:00,-1742110095,-691427008,414319907,不为良相便为良医,58,可能投降派或卧底会上位了,2025-06-14 11:26:00,0,135
BV1ajMmz4Egg,2025-06-14 09:54:00,-691427008,-681200928,264803233,小马驹子哥,380,回复 @不为良相便为良医 :最大的亲美分子哈梅内伊,2025-06-14 13:09:00,0,58
BV1ajMmz4Egg,2025-06-14 09:54:00,-691427008,-1579544479,239358088,完说名字长好卖萌,24,回复 @不为良相便为良医 :就不知道少壮派会干出什么事情来,2025-06-16 04:47:00,0,0
BV1ajMmz4Egg,2025-06-14 09:54:00,-1742110095,-690702352,18255742,欧会冠军阿森纳,13,60 后被一锅端了,2025-06-14 11:34:00,0,59
BV1ajMmz4Egg,2025-06-14 09:54:00,-1742110095,-685733360,383804724,woshi6h,15,“让领导先走”战术,2025-06-14 12:24:00,0,71
BV1ajMmz4Egg,2025-06-14 09:54:00,-685733360,-1729779183,25932153,巧克力夹酸黄瓜,74,回复 @woshi6h :焕发新生了[喜极而泣],2025-06-14 13:29:00,0,3
BV1ajMmz4Egg,2025-06-14 09:54:00,-1742110095,-682580704,334256803,有良心的倒爷,55,高层死的越多，高层内鬼会越多。,2025-06-14 12:56:00,0,91
BV1ajMmz4Egg,2025-06-14 09:54:00,-682580704,-538336416,22030141,永远的3178,10,回复 @有良心的倒爷 :全是内鬼就等于没有内鬼了[辣眼睛],2025-06-16 01:48:00,0,2
BV1ajMmz4Egg,2025-06-14 09:54:00,-1742110095,-1729476783,3546734298925073,这鸡汤有毒,0,伊朗高官在准备让家属跑路了 ，但是只能跑俄罗斯其它国家直接抓[笑哭][笑哭][笑哭][笑哭]最后俄罗斯也会把这些高官和高官家属交出去[嗑瓜子][嗑瓜子][嗑瓜子][嗑瓜子],2025-06-14 13:31:00,0,27
BV1ajMmz4Egg,2025-06-14 09:54:00,-1729476783,-1722045167,492432952,牧枫ONE,5,回复 @这鸡汤有毒 :怎么可能跑俄罗斯，那些家属都已经是美国籍了,2025-06-14 14:43:00,0,30
BV1ajMmz4Egg,2025-06-14 09:54:00,-1722045167,-543005264,407799336,超自然调查防御署长,21,回复 @牧枫ONE :跑阿三，阿三是盟友[吃瓜],2025-06-16 00:18:00,0,0
BV1ajMmz4Egg,2025-06-14 09:54:00,-1729476783,-1579504303,239358088,完说名字长好卖萌,24,回复 @这鸡汤有毒 :只要不把步枪背走，几十万条AK还是很赤鸡的,2025-06-16 04:48:00,0,0
BV1ajMmz4Egg,2025-06-14 09:54:00,-1579504303,-1560460575,3546734298925073,这鸡汤有毒,0,回复 @完说名字长好卖萌 :英法德和要建国的库尔德还有俾路支也宣布支持以色列，以色列打击土耳其到科威特接壤伊朗边境上的军事目标，为北约陆军还有库尔德开路，美国再派一艘航母编队到波斯湾（海军陆战队先登陆空中支援），为接下来美国陆军开路，俾路支也会在东边帮助美军清扫战场,2025-06-16 09:20:00,0,0
BV1ajMmz4Egg,2025-06-14 09:54:00,-1560460575,-1485094431,239358088,完说名字长好卖萌,24,"回复 @这鸡汤有毒 :直接打在伊拉克的美军，我看看美国有多少军费能投资中东[笑哭][笑哭]

总不可能美军基地比蛛网行动更强吧",2025-06-17 05:15:00,0,0
BV1ajMmz4Egg,2025-06-14 09:54:00,-1579504303,-1560376143,3546734298925073,这鸡汤有毒,0,回复 @完说名字长好卖萌 :打游击没什么用，要重型装备 坦克火炮攻击机直升机这一类的,2025-06-16 09:23:00,0,0
BV1ajMmz4Egg,2025-06-14 09:54:00,-1742110095,-616150496,32535121,幸福掮客,366,师长没了旅长上，旅长没了团长上，你能活到最后你就是总司令[吃瓜],2025-06-15 05:52:00,0,7
BV1ajMmz4Egg,2025-06-14 09:54:00,-1742110095,-1610172463,102660178,云三色,30,熟能生巧[藏狐],2025-06-15 16:54:00,0,0
BV1ajMmz4Egg,2025-06-14 09:54:00,-1742110095,-1579539359,239358088,完说名字长好卖萌,24,就不知道少壮派会干出什么事情来,2025-06-16 04:47:00,0,0
