﻿视频BV号,视频发布日期,上级评论ID,评论ID,用户ID,用户名,用户粉丝数,评论内容,评论时间,回复数,点赞数
BV1aANRzqE5d,2025-06-22 10:19:00,0,127885296,90098243,别当资本的工具,32,看到有人吐槽广告的，感觉在b站可以宽容一点，，你可以拉进度条到正片内容，只要不是无意义的灌水视频就都宽容一点吧，没有广告就是纯纯为爱发电，没人欠你的，你如果因为up挣钱实在让你难受你就拉黑，把发广告的up全部拉黑，你的号就养成了,2025-06-22 17:02:00,11,134
BV1aANRzqE5d,2025-06-22 10:19:00,127885296,138028608,3546577274669129,麦麦灵波,0,卖保健品的没啥好玩意,2025-06-22 23:00:00,0,4
BV1aANRzqE5d,2025-06-22 10:19:00,127885296,139797216,317085439,奈克heroe,16,卖这种玩意的跟骗钱差不多，卖的又不是大牌，这种十八线就是骗钱的。,2025-06-22 23:53:00,0,0
BV1aANRzqE5d,2025-06-22 10:19:00,127885296,-928239903,110081354,美神爱莉希雅,213,他视频我都没看几个 偏偏看的这几个都有广告,2025-06-22 23:57:00,0,1
BV1aANRzqE5d,2025-06-22 10:19:00,127885296,-928026319,5989987,萧yexx,34,感觉现在这种植入比开头看广告还恶。也是阿b自己装，说永不插广告,2025-06-23 00:01:00,0,1
BV1aANRzqE5d,2025-06-22 10:19:00,-928026319,-926451135,439941762,琉璃色的月时计,23,回复 @萧yexx :而且现在B站一打开或者切屏都得强制弹京东，是真的恶心,2025-06-23 00:37:00,0,0
BV1aANRzqE5d,2025-06-22 10:19:00,-926451135,-925668111,108862583,把光还给孩子们,8,回复 @琉璃色的月时计 :还能接受吧，当初下载b也是图看视频没广告，爱奇艺，腾讯视频会员都要看广告,2025-06-23 00:53:00,0,0
BV1aANRzqE5d,2025-06-22 10:19:00,-926451135,142837136,3546577666836549,哈必须要昵称吗,27,回复 @琉璃色的月时计 :我的开屏没有广告[doge_金箍]下的破解版，还有我记得以前 b 战不是设置里面可以设置开关闭广告嘛,2025-06-23 00:55:00,0,0
BV1aANRzqE5d,2025-06-22 10:19:00,-926451135,-924939935,393078672,背刺背背背背,11,回复 @琉璃色的月时计 :呃，这个真的可以关,2025-06-23 01:06:00,0,0
BV1aANRzqE5d,2025-06-22 10:19:00,-924939935,-906217599,436353474,风欲静97,0,回复 @背刺背背背背 :怎么关的，我切出去几秒钟回来都有广告,2025-06-23 05:09:00,0,0
BV1aANRzqE5d,2025-06-22 10:19:00,127885296,-925120927,436353474,风欲静97,0,你卖杯子我都笑笑，保健品纯坑钱……,2025-06-23 01:04:00,0,0
BV1aANRzqE5d,2025-06-22 10:19:00,-925120927,-924770175,98945074,叫唤斟茶坤,103,回复 @风欲静97 :卖杯子都是造福兄弟，卖保健品，哎，B有真的会买吗？都是什么人会买的？,2025-06-23 01:07:00,0,0
