﻿视频BV号,视频发布日期,上级评论ID,评论ID,用户ID,用户名,用户粉丝数,评论内容,评论时间,回复数,点赞数
BV1a7MSzYE8h,2025-06-14 14:49:00,0,-659407664,626136934,花臂炸裂,42,想起当年苏联威胁我们要对我们进行外科手术式核打击，我们一点儿没怂。,2025-06-14 16:52:00,16,26
BV1a7MSzYE8h,2025-06-14 14:49:00,-659407664,-649786752,3546909184625000,浮生0若梦_,0,还有朝鲜战争时美国还喊着要用核弹呢,2025-06-14 21:19:00,0,3
BV1a7MSzYE8h,2025-06-14 14:49:00,-659407664,-1700710095,33197884,启航星辰,31,别尬 真情况是一直在防，局座讲过在内蒙地区被成建制…还有很多事情都不敢动,2025-06-14 21:48:00,0,0
BV1a7MSzYE8h,2025-06-14 14:49:00,-1700710095,-649141504,626136934,花臂炸裂,42,回复 @启航星辰 :尬的是你吧？我问你，苏联的恐吓成功了吗？,2025-06-14 21:55:00,0,9
BV1a7MSzYE8h,2025-06-14 14:49:00,-1700710095,-649126256,626136934,花臂炸裂,42,回复 @启航星辰 :防着跟不怂冲突吗？北面防着苏联的同时揍没揍越南?,2025-06-14 21:57:00,0,11
BV1a7MSzYE8h,2025-06-14 14:49:00,-1700710095,-647937232,1104696072,黑人跨性别男同,23,回复 @启航星辰 :防肯定防他讹诈成功了吗？,2025-06-14 22:53:00,0,1
BV1a7MSzYE8h,2025-06-14 14:49:00,-659407664,-649203808,472169203,梦回南泥湾,36,咱们给苏联明牌了，你打我，我就扔核弹打美国，然后换家去西伯利亚，跟苏联打游击，美国第一个就不干了,2025-06-14 21:56:00,0,8
BV1a7MSzYE8h,2025-06-14 14:49:00,-659407664,-649066512,497590915,金湖酒徒,8,没怂，但是被吓着了，所以拼命的搞三线。甚至准备，一旦开战，放弃黄河以北。,2025-06-14 22:01:00,0,1
BV1a7MSzYE8h,2025-06-14 14:49:00,-649066512,-648938672,626136934,花臂炸裂,42,回复 @金湖酒徒 :这叫被吓着了？你们语文是体育老师教的？,2025-06-14 22:16:00,0,9
BV1a7MSzYE8h,2025-06-14 14:49:00,-649066512,-1700004239,243741753,不晒网,15,"回复 @金湖酒徒 : 苏联非常非常强大，毋庸置疑，但对于苏联，还真不至于说是“吓着了”。
我认为真正吓着了是海湾战争，美国利用信息化打出的逆天战绩，完全超出了我们的想象。",2025-06-14 22:28:00,0,9
BV1a7MSzYE8h,2025-06-14 14:49:00,-649066512,-648322976,354030726,玉机真要,6,回复 @金湖酒徒 :像是你被吓着了,2025-06-14 22:40:00,0,4
BV1a7MSzYE8h,2025-06-14 14:49:00,-649066512,-1699030447,501612096,九寨沟小旋风,3,回复 @金湖酒徒 :你这都是哪来的野史，你是对黄河以北没概念是么？,2025-06-14 23:07:00,0,5
BV1a7MSzYE8h,2025-06-14 14:49:00,-649066512,-618999648,42429128,附近反,5,回复 @金湖酒徒 : 咋可能轻易放弃，是根据我国的地理特点构建的三道千里防线。,2025-06-15 05:21:00,0,1
BV1a7MSzYE8h,2025-06-14 14:49:00,-659407664,-607180400,497590915,金湖酒徒,8,"你想多了。
伊朗以东是巴基斯坦和阿富汗，以及极端封闭的土库曼斯坦。
欧美都是对外掠夺，连油多人少的伊拉克都没办法整合控制，就更没法整合控制伊朗。
所以顶多伊朗混战废了，仅此而已。",2025-06-15 07:40:00,0,0
BV1a7MSzYE8h,2025-06-14 14:49:00,-607180400,-602066496,626136934,花臂炸裂,42,回复 @金湖酒徒 : 我并不是在说伊朗能复刻我们，你想多了。,2025-06-15 08:42:00,0,0
BV1a7MSzYE8h,2025-06-14 14:49:00,-659407664,-546009168,10396841,TUTUXIA,23,其实那件事很恶心，我们很多老同志因为那件事急火攻心走了,2025-06-15 22:56:00,0,0
BV1a7MSzYE8h,2025-06-14 14:49:00,-546009168,-496117200,626136934,花臂炸裂,42,回复 @TUTUXIA :很多是多少？什么级别的？具体什么病因走的？有统计数据吗？咱要铭记真实的历史，而不是离谱谣传。,2025-06-16 10:57:00,0,0
