﻿视频BV号,视频发布日期,上级评论ID,评论ID,用户ID,用户名,用户粉丝数,评论内容,评论时间,回复数,点赞数
BV1aaMvzoEDN,2025-06-16 03:34:00,0,-397112304,232944535,zqczyyzym,2,挺奇怪，即使央视也是大量在以色列拍摄的新闻，相反伊朗本地的却很少,2025-06-17 11:33:00,9,9
BV1aaMvzoEDN,2025-06-16 03:34:00,-397112304,-391693936,1283465816,种房子啰,1,央视驻伊朗记者正好在休假,2025-06-17 12:30:00,0,1
BV1aaMvzoEDN,2025-06-16 03:34:00,-397112304,-1434205807,2785762,吴小明,229,因为支持伊朗反抗以色列,2025-06-17 15:14:00,0,0
BV1aaMvzoEDN,2025-06-16 03:34:00,-397112304,-1427463183,286812084,茸茸豹,1,BV1CPNYz4Ew6，伊朗本地的新闻,2025-06-17 16:36:00,0,0
BV1aaMvzoEDN,2025-06-16 03:34:00,-1427463183,-367494992,232944535,zqczyyzym,2,回复 @茸茸豹 :是少不是说一点没有，你这条应该昨天才报道的。还是以色列信息量大,2025-06-17 16:52:00,0,0
BV1aaMvzoEDN,2025-06-16 03:34:00,-397112304,-1423311055,390442494,robplus,23,亲，伊朗的记者只要转伊朗官方发布的消息就行了，你还指望在咱们的记者从伊朗能报出什么非官方的新闻吗？,2025-06-17 17:48:00,0,0
BV1aaMvzoEDN,2025-06-16 03:34:00,-1423311055,-363843456,232944535,zqczyyzym,2,回复 @robplus :朋友，您不觉得以色列透明度更高吗。战地记者不能拍一些照片吗，还不是被限制了，以色列就不怕记者拍,2025-06-17 17:58:00,0,1
BV1aaMvzoEDN,2025-06-16 03:34:00,-363843456,-362831424,3553914,Silversir,26,回复 @zqczyyzym : 以色列很早就实行媒体和信息管制了,2025-06-17 18:22:00,0,0
BV1aaMvzoEDN,2025-06-16 03:34:00,-362831424,-362597360,232944535,zqczyyzym,2,回复 @Silversir :您看电视吗?看看央视就明白了，记者都说未阻拦采访，只在防空警报响起时督促大家进防空洞，并尽量往深处走。,2025-06-17 18:29:00,0,1
BV1aaMvzoEDN,2025-06-16 03:34:00,-362831424,-1416989119,476882757,妈妈我想吃烤山药囍,364,回复 @Silversir :哈哈什么都是比较出来的,2025-06-17 22:33:00,0,0
