﻿视频BV号,视频发布日期,上级评论ID,评论ID,用户ID,用户名,用户粉丝数,评论内容,评论时间,回复数,点赞数
BV1aaMvzoEDN,2025-06-16 03:34:00,0,-513700736,274010547,奶油小身,28,是谁说伊朗导弹是个小摔炮的来着？[doge_金箍],2025-06-16 07:14:00,15,30
BV1aaMvzoEDN,2025-06-16 03:34:00,-513700736,-511488544,3493133897697931,圈圈块块叉叉肘击,6,就目前这动静确实拉[辣眼睛],2025-06-16 07:47:00,0,23
BV1aaMvzoEDN,2025-06-16 03:34:00,-511488544,-476096112,290489437,胡桃鸡翅,5,回复 @圈圈块块叉叉肘击 :你看少了而已。,2025-06-16 14:24:00,0,0
BV1aaMvzoEDN,2025-06-16 03:34:00,-513700736,-1556489663,51001264,木子杏美,46,从远处看来确实是力度小了点，走近才能看到效果[笑哭],2025-06-16 10:07:00,0,10
BV1aaMvzoEDN,2025-06-16 03:34:00,-513700736,-497697280,17409541,寻光_掠影,102,"给老中火箭军那些战斗部一吨起步的大导弹把胃口养叼了[doge_金箍]
如果伊朗普遍装备的的500公斤弹头都不满意的话，那么美国那些普遍战斗部200公斤上下甚至还不到的导弹岂不是更尴尬？",2025-06-16 10:41:00,0,9
BV1aaMvzoEDN,2025-06-16 03:34:00,-513700736,-1549612703,122684389,快该昵称要被发现了惹,114,才3个人，,2025-06-16 11:21:00,0,0
BV1aaMvzoEDN,2025-06-16 03:34:00,-1549612703,-1546614815,1883929393,苟禁站,10,回复 @快该昵称要被发现了惹 :1000多公里，以色列有时间预警，人能躲，装备设施没办法躲。,2025-06-16 11:55:00,0,1
BV1aaMvzoEDN,2025-06-16 03:34:00,-1549612703,-1538127359,401767150,红色中国心,28,回复 @快该昵称要被发现了惹 :这3个人也是好不容易摇号摇到的，没摇到号的死了不算死亡。,2025-06-16 13:24:00,0,3
BV1aaMvzoEDN,2025-06-16 03:34:00,-1549612703,-477765088,26141622,蜗牛追风1,7,回复 @快该昵称要被发现了惹 :3个人你信吗,2025-06-16 14:08:00,0,0
BV1aaMvzoEDN,2025-06-16 03:34:00,-513700736,-1544277519,641668,吾妻shiki,30,雀食拉啊,2025-06-16 12:18:00,0,0
BV1aaMvzoEDN,2025-06-16 03:34:00,-513700736,-1541713023,18291289,随处大小睡,2,那看要和谁比了,2025-06-16 12:46:00,0,0
BV1aaMvzoEDN,2025-06-16 03:34:00,-1541713023,-1530601679,34817297,五万多,65,回复 @随处大小睡 :和谁比离远了看也没威力，除非核弹头,2025-06-16 14:40:00,0,0
BV1aaMvzoEDN,2025-06-16 03:34:00,-513700736,-1538671135,4143571,六六大联盟,68,确实有点小，被点位死那么多高官！,2025-06-16 13:19:00,0,2
BV1aaMvzoEDN,2025-06-16 03:34:00,-513700736,-1528288847,11856670,桐斗゜,22,不是说伊朗只会升旗吗，怎么回事呢[doge],2025-06-16 15:04:00,0,0
BV1aaMvzoEDN,2025-06-16 03:34:00,-513700736,-472020432,1676702,子龙浑身是乃,28,不要打了 受苦的都是老百姓,2025-06-16 15:05:00,0,0
BV1aaMvzoEDN,2025-06-16 03:34:00,-513700736,-470328816,392010529,带你走进,27,是你自己说的 为了引战,2025-06-16 15:22:00,0,0
