﻿视频BV号,视频发布日期,上级评论ID,评论ID,用户ID,用户名,用户粉丝数,评论内容,评论时间,回复数,点赞数
BV1a7MSzYE8h,2025-06-14 14:49:00,0,-646629264,1804422843,骁无双,15,你要明白伊朗再拉胯也是上合组织成员是我们团结的目标,2025-06-14 23:37:00,18,12
BV1a7MSzYE8h,2025-06-14 14:49:00,-646629264,-645590400,3546567663422132,山海君哥,55,够意思了，还有哪个国家媒体能帮它发AI做的的F35照片宣传？,2025-06-15 00:03:00,0,10
BV1a7MSzYE8h,2025-06-14 14:49:00,-646629264,-645440368,3493131536304323,小李坏宇,12,晚了，没有躬身入局胆量的人，没有团结的价值。,2025-06-15 00:05:00,0,26
BV1a7MSzYE8h,2025-06-14 14:49:00,-646629264,-1696449935,492432952,牧枫ONE,5,阿斗还有扶持的希望吗？！,2025-06-15 00:12:00,0,3
BV1a7MSzYE8h,2025-06-14 14:49:00,-1696449935,-644750480,322486748,阳春白雪三加七,2,回复 @牧枫ONE :阿斗：别拿我跟他们相提并论，相父说啥是啥，相父不倒，我大汉江山亦不倒,2025-06-15 00:19:00,0,3
BV1a7MSzYE8h,2025-06-14 14:49:00,-646629264,-644981344,8950019,asdfghzll,17,上合是经济组织，你把他当北约了??打架输了指望商业合伙人，这诗人,2025-06-15 00:14:00,0,17
BV1a7MSzYE8h,2025-06-14 14:49:00,-644981344,-288544224,25754920,狂仙凤九歌,49,回复 @asdfghzll : 上合是反恐的，是军事组织。。,2025-06-18 13:59:00,0,0
BV1a7MSzYE8h,2025-06-14 14:49:00,-288544224,-280821648,8950019,asdfghzll,17,回复 @狂仙凤九歌 :协定的主要内容为：双方部署在边境地区的军事力量互不进攻；双方不进行针对对方的军事演习；限制军事演习的规模范围和次数；相互通报边境100公里纵深地区的重要军事活动情况；彼此邀请观察实兵演习；预防危险军事活动；加强双方边境地区军事力量和边防部队之间的友好交往等,2025-06-18 15:18:00,0,1
BV1a7MSzYE8h,2025-06-14 14:49:00,-288544224,-280952144,8950019,asdfghzll,17,回复 @狂仙凤九歌 :是这种合作防恐，不是打击和军事联盟。。。。咱不要顾名思义啊，要么你举个军事案例呗,2025-06-18 15:19:00,0,0
BV1a7MSzYE8h,2025-06-14 14:49:00,-644981344,-970411551,433368792,神镜曜,33,回复 @asdfghzll :错，上合是军事组织，反恐用的，金砖才是经济组织,2025-06-22 11:35:00,0,0
BV1a7MSzYE8h,2025-06-14 14:49:00,-970411551,99982528,8950019,asdfghzll,17,"回复 @神镜曜 :是的，是反恐和经济合作，但是你看关于反恐的协议内容，再对比北约
组织协定的主要内容为：双方部署在边境地区的军事力量互不进攻；双方不进行针对对方的军事演习；限制军事演习的规模范围和次数；相互通报边境100公里纵深地区的重要军事活动情况；彼此邀请观察实兵演习；预防危险军事活动；加强双方边境地区军事力量和边防部队之间的友好交往等",2025-06-22 12:06:00,0,0
BV1a7MSzYE8h,2025-06-14 14:49:00,-970411551,100102496,8950019,asdfghzll,17,回复 @神镜曜 :成员有任何外来军事威胁，都无法求助上合，不管这个[滑稽],2025-06-22 12:08:00,0,0
BV1a7MSzYE8h,2025-06-14 14:49:00,-646629264,-1691439359,29810974,四月好风光,8,扶持不了，投入越多亏越多，及时止损,2025-06-15 01:38:00,0,1
BV1a7MSzYE8h,2025-06-14 14:49:00,-646629264,-1669183615,1528868,屠夫TX,3258,上合组织又不是北约，我国只搞经济合作，不搞政治跟军事联盟[OK],2025-06-15 05:44:00,0,1
BV1a7MSzYE8h,2025-06-14 14:49:00,-646629264,-1216000655,222210363,锦明黎,22,忠诚！,2025-06-20 03:49:00,0,0
BV1a7MSzYE8h,2025-06-14 14:49:00,-1216000655,-65233152,1804422843,骁无双,15,回复 @锦明黎 :这是讲究，什么忠诚[捂脸]，人无信不立作为大哥更要有大哥的做派，跟个怨妇赛的整天算计谁还愿意跟你做大事，我问你一个集团一个公司随便把你就踢了手下的人怎么看你你怎么看集团和公司这是一个道理，我们做到该做的剩下的伊朗它自己不提气就怪不得别人,2025-06-21 01:09:00,0,0
BV1a7MSzYE8h,2025-06-14 14:49:00,-65233152,-1011259279,483884368,小学生在线看,9,回复 @骁无双 :忠诚,2025-06-22 04:11:00,0,0
BV1a7MSzYE8h,2025-06-14 14:49:00,-646629264,-88862288,384271143,weprolee,77,晚了，让他进群的时候是想拉一把来着。,2025-06-20 15:45:00,0,0
BV1a7MSzYE8h,2025-06-14 14:49:00,-646629264,334702288,38729433,清墨kc,12,你要真看了上合的发展历程就知道这个组织现在是什么路数了,2025-06-25 00:36:00,0,0
