﻿视频BV号,视频发布日期,上级评论ID,评论ID,用户ID,用户名,用户粉丝数,评论内容,评论时间,回复数,点赞数
BV1ahNvzmEoz,2025-06-17 10:00:00,0,-1370372447,435218090,画蹅花小烙,124,这是二战以来最大的导弹会战了吧,2025-06-18 09:53:00,11,72
BV1ahNvzmEoz,2025-06-17 10:00:00,-1370372447,-1362218047,1806630293,type30,41,"俄乌打的导弹应该是最多的吧，毕竟三年了，当然俄国导弹射程有远有近
1发俄国伊斯坎德尔导弹射程400km，但是需要4发爱国者拦截弹才能勉强拦住。乌克兰要是没有别国支援修理发电厂变电站，早就全国停水停电社会崩溃了",2025-06-18 11:19:00,0,30
BV1ahNvzmEoz,2025-06-17 10:00:00,-1362218047,-1355974735,440825653,不许偷偷卷,3,回复 @type30 :那是三年，伊朗这是一次大规模齐射，不一样。,2025-06-18 12:27:00,0,11
BV1ahNvzmEoz,2025-06-17 10:00:00,-1362218047,-220081568,313497715,血空狼,22,回复 @type30 :但总感觉俄罗斯和乌克兰就跟过家家一样[笑哭],2025-06-19 09:37:00,0,4
BV1ahNvzmEoz,2025-06-17 10:00:00,-220081568,-1276828943,1806630293,type30,41,"回复 @血空狼 :乌克兰有周边国家支援，波罗的海三小，北欧各国，变电站燃气站通讯设施被炸了可以从别国拿来零部件修好
如果俄能断绝其他国家从乌克兰西部对乌援助，你看看乌克兰能坚持几天
越南有中苏援助能和美帝对杠几十年
南联盟啥援助都没有只能几个月后投降",2025-06-19 10:15:00,0,9
BV1ahNvzmEoz,2025-06-17 10:00:00,-220081568,-1258554575,474511555,小鱼不想变成罐头,6,回复 @血空狼 :其实烈度挺高的。一个是两边都有较强的军事力量，难以快速推进，有时候需要把城市完全打成废墟。另一个是俄乌战场的面积大于目前中东。俄乌那个火力强度要是全招呼到以色列那点地方，恐怕早就炸烂了。,2025-06-19 13:34:00,0,3
BV1ahNvzmEoz,2025-06-17 10:00:00,-220081568,-1240337615,1357822156,太合衬の收藏家,5,回复 @血空狼 :不是你一个这样感觉，俺也一样[呆]不太关注俄乌，但是刷到的视频大部分是小部分对打，没刷到过特别震撼的场面。,2025-06-19 17:26:00,0,0
BV1ahNvzmEoz,2025-06-17 10:00:00,-220081568,-154465024,1809222,青门小妖,51,回复 @血空狼 :[笑哭]中东这几个哈马斯以色列伊朗的强度拉到俄乌战场上就是过家家,2025-06-20 03:51:00,0,1
BV1ahNvzmEoz,2025-06-17 10:00:00,-1370372447,-1335024351,482878189,包装成革命者,35,海湾战争吧,2025-06-18 16:11:00,0,1
BV1ahNvzmEoz,2025-06-17 10:00:00,-1335024351,-273439344,438347529,赤剑耀心,19,回复 @包装成革命者 :海湾战争仅仅打了300枚战斧，俄乌里俄至少打了6000各种导弹,2025-06-18 16:51:00,0,10
BV1ahNvzmEoz,2025-06-17 10:00:00,-1370372447,-1191774703,26333673,唱歌微跑调,96,二战的时候哪来的导弹,2025-06-20 09:05:00,0,0
BV1ahNvzmEoz,2025-06-17 10:00:00,-1191774703,-1118194319,435218090,画蹅花小烙,124,回复 @唱歌微跑调 :你眼聋吗，二战以来都说了,2025-06-21 03:31:00,0,1
