﻿视频BV号,视频发布日期,上级评论ID,评论ID,用户ID,用户名,用户粉丝数,评论内容,评论时间,回复数,点赞数
BV1aANRzqE5d,2025-06-22 10:19:00,0,-975981887,488952565,须尽欢且纵乐,1,"朗子向将军学习啊，标记一生之敌。
谁惹我？揍棒子。
谁打我？揍以色列。
打不了大美丽，还打不了他好大爹[滑稽][滑稽][滑稽]",2025-06-22 10:39:00,9,28
BV1aANRzqE5d,2025-06-22 10:19:00,-975981887,-975696415,327559479,ズールー,157,但是，如果也打不过小以怎么办,2025-06-22 10:41:00,0,0
BV1aANRzqE5d,2025-06-22 10:19:00,-975696415,-974888415,1629765,泉八荒,31,回复 @ズールー :事实上没有美支援，以那点地挡不住两轮导弹洗地的,2025-06-22 10:49:00,0,9
BV1aANRzqE5d,2025-06-22 10:19:00,-975696415,92933984,3546670644070724,我应该还能抢救一下,1,回复 @ズールー :[吃瓜]现在都要靠美国拉军火过去支援了,2025-06-22 10:54:00,0,3
BV1aANRzqE5d,2025-06-22 10:19:00,-975696415,95702176,3546805042153615,不明不白惑,0,回复 @ズールー :没有美的援助，导弹洗地到现在已经崩了,2025-06-22 11:24:00,0,3
BV1aANRzqE5d,2025-06-22 10:19:00,-975696415,113154064,434155342,唯你不辜负,8,回复 @ズールー :以那屁大点地方，军事科技再先进，能扛得住两轮炮火洗地吗？,2025-06-22 14:18:00,0,0
BV1aANRzqE5d,2025-06-22 10:19:00,-975696415,117946032,372555732,LuckyStarRoom,12,回复 @ズールー :首先你得打，然后才能有然后,2025-06-22 15:07:00,0,0
BV1aANRzqE5d,2025-06-22 10:19:00,-975981887,-966326655,1282006765,PG9769,280,必须搞核武啊，将军现在50枚蛋蛋在手，谁惹他,2025-06-22 12:18:00,0,1
BV1aANRzqE5d,2025-06-22 10:19:00,-966326655,112951248,434155342,唯你不辜负,8,回复 @PG9769 :就算没有蛋，他那地理位置周围邻居也不会眼看着他出事,2025-06-22 14:17:00,0,0
BV1aANRzqE5d,2025-06-22 10:19:00,-975981887,-931050143,376607817,碎梦回帆,30,但是将军硬气多了，这中东也想掺合一下子[doge],2025-06-22 22:29:00,0,0
