﻿视频BV号,视频发布日期,上级评论ID,评论ID,用户ID,用户名,用户粉丝数,评论内容,评论时间,回复数,点赞数
BV1ahNvzmEoz,2025-06-17 10:00:00,0,-1330352223,37766082,圆圆快乐每一天,258,升旗是啥意思呀,2025-06-18 17:19:00,6,0
BV1ahNvzmEoz,2025-06-17 10:00:00,-1330352223,-262814752,32056140,day吃垮,10,伊朗黑旗是有重要的人死了，红旗是要报复，不过最近伊朗比较抽象，只升没后续,2025-06-18 23:22:00,0,2
BV1ahNvzmEoz,2025-06-17 10:00:00,-262814752,-248248368,3546708810140207,新风吹来,15,回复 @day吃垮 :这视频讲的不就是后续吗？,2025-06-19 03:30:00,0,1
BV1ahNvzmEoz,2025-06-17 10:00:00,-248248368,-247340064,3159607,国家地理薇薇安,40,"回复 @新风吹来 :前几次都是雷声大，雨点小[doge]
即使这次，目前双方死掉的人物价值依然不是等价[doge]",2025-06-19 03:41:00,0,1
BV1ahNvzmEoz,2025-06-17 10:00:00,-1330352223,-1302612655,362824999,达达的小哈虾,39,伊朗复仇会升红旗，但报复的太少。所以我们就调侃他，伊朗生气了一下。“生气”，升旗谐音,2025-06-19 04:29:00,0,2
BV1ahNvzmEoz,2025-06-17 10:00:00,-1302612655,-1288797391,37766082,圆圆快乐每一天,258,回复 @达达的小哈虾 :啊哈哈，原来如此。也是小国的无奈吧,2025-06-19 07:37:00,0,0
BV1ahNvzmEoz,2025-06-17 10:00:00,-1330352223,-1287311791,443160062,小苔藓哦,99,渗透成筛子了，只能升旗报复了,2025-06-19 08:00:00,0,0
