﻿视频BV号,视频发布日期,上级评论ID,评论ID,用户ID,用户名,用户粉丝数,评论内容,评论时间,回复数,点赞数
BV1ahNvzmEoz,2025-06-17 10:00:00,0,-1436928079,88763056,风灵の尹,29,国土面积和人口数量，已经决定了战争的最终输赢，除非大漂亮亲自下场，不然输赢是没有悬念的[滑稽],2025-06-17 14:46:00,11,7
BV1ahNvzmEoz,2025-06-17 10:00:00,-1436928079,-370074336,1949955612,下雨的笨蛋,0,特朗普应该不会让美国下场的,2025-06-17 16:17:00,0,1
BV1ahNvzmEoz,2025-06-17 10:00:00,-1436928079,-367878832,56746338,一只闪电君,35,以你的观点，从历次中东战争结果来看，以色列是国土人口更多的那个？现代战争国土面积和人口数量并不是决定性因素~,2025-06-17 16:44:00,0,2
BV1ahNvzmEoz,2025-06-17 10:00:00,-367878832,-1422363295,250996651,真是丶见鬼了,1,"回复 @一只闪电君 :人口数量绝对是决定因素！！
其他都可以靠????帮忙，但人可不行。
人死了就真死了，再想恢复又要时间又要培养，长时间的消耗战根本来不及补充。",2025-06-17 18:09:00,0,1
BV1ahNvzmEoz,2025-06-17 10:00:00,-1436928079,-1425443167,41485960,刘啊刘啊刘老师,14,中东打了好多次，阿拉伯人就没有真正赢过,2025-06-17 17:08:00,0,0
BV1ahNvzmEoz,2025-06-17 10:00:00,-1425443167,-364471520,34314703,深情丶罗非鱼,15,回复 @刘啊刘啊刘老师 : 伊朗是波斯人，中东前几次战争伊朗都是旁观者，只可惜这次阿拉伯国家没有拥有足够威望的人站出来组个联军,2025-06-17 17:44:00,0,1
BV1ahNvzmEoz,2025-06-17 10:00:00,-1436928079,-361040640,3546767477967725,TheOneTheReal,7,很担心伊朗的导弹制造工厂能不能保住，如果被恶犹炸掉，伊朗的导弹库存能支撑多久？,2025-06-17 19:29:00,0,0
BV1ahNvzmEoz,2025-06-17 10:00:00,-1436928079,-360204544,15288810,NoAshy,31,包下场的,2025-06-17 20:04:00,0,0
BV1ahNvzmEoz,2025-06-17 10:00:00,-360204544,-358549136,399246502,风的信徒_,39,回复 @NoAshy :特朗普是奸商，但不喜欢打仗，上台后。拒绝了一些以色列要的援助，好像。记不太清了。他标榜自己是唯一一个没有对外输出战争的总统[doge],2025-06-17 21:58:00,0,0
BV1ahNvzmEoz,2025-06-17 10:00:00,-1436928079,-1417190591,53278352,海洋的绿宝石,35,大漂亮，亲自下手也得没半条命啊，美国可不是海湾战争时期的美国     而且美国真的下场了，美国的对手不帮忙，这说的过去吗？,2025-06-17 22:23:00,0,0
BV1ahNvzmEoz,2025-06-17 10:00:00,-1436928079,-1409386207,86663385,行者无疆zyp,18,中东战争打了几次了,2025-06-18 01:29:00,0,0
BV1ahNvzmEoz,2025-06-17 10:00:00,-1436928079,-49661520,6971700,一个人梦游仙境,121,每次以色列撑不住了西方就出面搞中东和解，我觉得还是一次搞定算了。昔日的中东之狐都被以色列拖死了。现在埃及经济不行，没有打仗的底气。土耳其想当渔翁。沙特迫于美国的压力选择默不作声，周围几个小国更是没有实力干预。现在的中东就是一盘散沙。,2025-06-21 04:15:00,0,0
