﻿视频BV号,视频发布日期,上级评论ID,评论ID,用户ID,用户名,用户粉丝数,评论内容,评论时间,回复数,点赞数
BV1a7MSzYE8h,2025-06-14 14:49:00,0,-1684780687,519976497,许愿五天八小时,50,伊朗缺三哥的心态，三哥缺伊朗的心态[笑哭],2025-06-15 03:01:00,8,136
BV1a7MSzYE8h,2025-06-14 14:49:00,-1684780687,-632032480,291323125,飞鱼aabb,22,哈哈哈哈哈,2025-06-15 03:11:00,0,0
BV1a7MSzYE8h,2025-06-14 14:49:00,-1684780687,-628700336,1246279137,紫i宵,4,三哥神归神了点，可他真敢干，被打的半死也不服[滑稽][滑稽][滑稽][滑稽],2025-06-15 03:47:00,0,64
BV1a7MSzYE8h,2025-06-14 14:49:00,-628700336,-1679050543,14717345,拜仁慕尼黑12号,5,回复 @紫i宵 :还有三哥不会投敌！我本就是第一！[doge],2025-06-15 04:02:00,0,13
BV1a7MSzYE8h,2025-06-14 14:49:00,-1679050543,-616655232,7775339,翔升RHZ,4,回复 @拜仁慕尼黑12号 :印度是心服口不服[吃瓜],2025-06-15 05:46:00,0,7
BV1a7MSzYE8h,2025-06-14 14:49:00,-1679050543,-1631765279,36981162,痛打落水前辈,52,回复 @拜仁慕尼黑12号 :这倒是真的，印度建国前不管是甘地的非暴力还是其他人的暴力运动都没想过和殖民者妥协，虽然足够抽象但是底线还是有的,2025-06-15 12:53:00,0,1
BV1a7MSzYE8h,2025-06-14 14:49:00,-628700336,-1662753599,43523187,起飞的龙猫,1,回复 @紫i宵 :三哥只是嘴硬而已，62年很多三哥都准备投共了，前几年中印边界冲突，也没敢开火。,2025-06-15 06:59:00,0,14
BV1a7MSzYE8h,2025-06-14 14:49:00,-628700336,-608787392,22925540,可莉的爱,53,回复 @紫i宵 :也就嘴上不服罢了,2025-06-15 07:20:00,0,1
BV1a7MSzYE8h,2025-06-14 14:49:00,-1684780687,-1611693007,520806296,总是管不住嘴嘴,132,要不怎么他俩能签合作协议呢，一个德行。,2025-06-15 16:30:00,0,2
