﻿视频BV号,视频发布日期,上级评论ID,评论ID,用户ID,用户名,用户粉丝数,评论内容,评论时间,回复数,点赞数
BV1aaMvzoEDN,2025-06-16 03:34:00,0,-1538544543,16451169,触不到的风,64,居然还能提前知道导弹要来了，那还打个鸡毛，要的就是突袭效果啊，只能说还是水平不够[吃瓜],2025-06-16 13:21:00,6,8
BV1aaMvzoEDN,2025-06-16 03:34:00,-1538544543,-465541280,3546617995069809,浮-决,20,你小子就是个军盲啊,2025-06-16 16:18:00,0,4
BV1aaMvzoEDN,2025-06-16 03:34:00,-1538544543,-465217472,191933,破看来内,12,刷火箭都是开盲盒，以色列看警告图全国都冒红点,2025-06-16 16:22:00,0,6
BV1aaMvzoEDN,2025-06-16 03:34:00,-1538544543,-460434528,691254404,中专有说唱大专且嘻哈,3,这和水平有什么关系，中间夹着一堆霉军基地，能够突破一堆霉军基地还能飞到首都已经很厉害了[吃瓜],2025-06-16 17:38:00,0,6
BV1aaMvzoEDN,2025-06-16 03:34:00,-1538544543,-457471184,212670829,viXIONN,55,就算是我们发射导弹美国也会第一时间知道，韩国那里有美国部署的萨德反导系统，所以高级玩家突防都是靠隐形战斗机和高超音速导弹,2025-06-16 18:56:00,0,4
BV1aaMvzoEDN,2025-06-16 03:34:00,-1538544543,-1503110463,49087867,莫贝柴,696,有没有可能是，我直接告诉我要打哪里，拦不拦的住就得看自己本事了,2025-06-17 01:27:00,0,1
BV1aaMvzoEDN,2025-06-16 03:34:00,-1538544543,-1452896319,14751265,黎明之空orz,29,多看点军事频道吧，少发点反智言论,2025-06-17 12:00:00,0,0
