﻿视频BV号,视频发布日期,上级评论ID,评论ID,用户ID,用户名,用户粉丝数,评论内容,评论时间,回复数,点赞数
BV1AfKwzVEga,2025-06-20 09:48:00,0,-1119808959,108123569,胖子的朋友小男孩,55,哪来的这么多导弹[吃瓜],2025-06-21 03:13:00,132,131
BV1AfKwzVEga,2025-06-20 09:48:00,-1119808959,-1114984623,392275393,在下丁举人,38,沙漠里捡的,2025-06-21 04:07:00,0,30
BV1AfKwzVEga,2025-06-20 09:48:00,-1114984623,-1099717103,128741065,大山窿的逗逼,16,回复 @在下丁举人 :看不起伊朗吗？虽然不如咱们，但也是有点实力的,2025-06-21 06:54:00,0,2
BV1AfKwzVEga,2025-06-20 09:48:00,-1114984623,-1098389215,319979571,辣椒炒辣椒K,159,回复 @在下丁举人 :不像沙漠捡的，沙漠里长的威力比这个大[doge],2025-06-21 07:12:00,0,0
BV1AfKwzVEga,2025-06-20 09:48:00,-1114984623,-1093070671,396776677,Lilpeachx,6,回复 @在下丁举人 :人家伊朗也是文明古国工业链中东最全，科学家也是很多，不然以色列也用不着去暗鲨，所以人家自己是可以生产导弹的，评论里有些别自己脑补太多。。。,2025-06-21 08:19:00,0,3
BV1AfKwzVEga,2025-06-20 09:48:00,-1119808959,-1112859583,66352063,R丶无言独上西楼,1,大棚里种的,2025-06-21 04:28:00,0,14
BV1AfKwzVEga,2025-06-20 09:48:00,-1119808959,-47738912,4285406,哔哇哔哇,75,伊朗也不算什么小国。八千多万人口呢。,2025-06-21 04:34:00,0,32
BV1AfKwzVEga,2025-06-20 09:48:00,-47738912,-1103593343,19300675,迷茫的身份,158,回复 @哔哇哔哇 :八千万。。。很多吗[笑哭],2025-06-21 06:07:00,0,0
BV1AfKwzVEga,2025-06-20 09:48:00,-1103593343,-1100369567,125867392,女武神的挽歌,0,回复 @迷茫的身份 :你猜俄罗斯 法国 英国多少人[吃瓜],2025-06-21 06:45:00,0,0
BV1AfKwzVEga,2025-06-20 09:48:00,-1100369567,-1094437039,19300675,迷茫的身份,158,回复 @女武神的挽歌 :大概有数，世界上超过一亿人的国家都不多，但是咱这这么多年都没下过十亿。。。蹦出来个八千万，就觉得很少。,2025-06-21 08:00:00,0,0
BV1AfKwzVEga,2025-06-20 09:48:00,-1103593343,-19908416,19753125,加里妹妹,55,回复 @迷茫的身份 :伊朗是9200万人。这是什么概念，法国人口6800万，德国人口8300万。伊朗不仅是中东第一大国，放欧洲也是欧洲第一大国……[喜极而泣],2025-06-21 09:50:00,0,0
BV1AfKwzVEga,2025-06-20 09:48:00,-19908416,26909920,104593611,云美食家,1538,回复 @加里妹妹 :俄罗斯：我走？[doge_金箍],2025-06-21 18:06:00,0,0
BV1AfKwzVEga,2025-06-20 09:48:00,-1103593343,-1070136735,180513456,你要加油啊丶,37,回复 @迷茫的身份 :不少了，你把中国，印度这俩人口超级大国去掉再看,2025-06-21 12:24:00,0,0
BV1AfKwzVEga,2025-06-20 09:48:00,-1103593343,-1060609839,49736163,火影光年,313,回复 @迷茫的身份 :164万平方公里的领土住着8000多万人，已经算不错了。,2025-06-21 13:57:00,0,0
BV1AfKwzVEga,2025-06-20 09:48:00,-1119808959,-1111565967,281780797,隐烟尘丶,51,伊朗的导弹库存可是不少,2025-06-21 04:40:00,0,23
BV1AfKwzVEga,2025-06-20 09:48:00,-1111565967,111488928,190722219,奶茶twink,1212,回复 @隐烟尘丶 :每天都炸来炸去，从来只靠导弹不谈判的，也没哪年真的拉大哥下场，就是玩,2025-06-22 14:02:00,0,0
BV1AfKwzVEga,2025-06-20 09:48:00,-1119808959,-46781056,293809015,我家没有印花布了,151,沙漠里刷新的 到点了懂吗,2025-06-21 04:43:00,0,8
BV1AfKwzVEga,2025-06-20 09:48:00,-1119808959,-1110388415,238470,绯色瞳孔,313,伊朗是中东为数不多的工业国家，有生产能力的。,2025-06-21 04:52:00,0,61
BV1AfKwzVEga,2025-06-20 09:48:00,-1110388415,-1060075103,1421317454,人间好看吗jd,13,回复 @绯色瞳孔 :伊朗很多武器也都是公开买中国的，不是中国免费送的，这是国际上公开的事,2025-06-21 14:03:00,0,0
BV1AfKwzVEga,2025-06-20 09:48:00,-1110388415,-962351295,399886450,听风吹落紫荆,17,回复 @绯色瞳孔 :伊朗的工业链很全，但是不应该有这么多款超音速导弹[笑哭][笑哭][笑哭],2025-06-22 12:59:00,0,0
BV1AfKwzVEga,2025-06-20 09:48:00,-1110388415,-917984671,1516013093,Solarballs大铁粉,77,回复 @绯色瞳孔 :毕竟核弹都有能力造,2025-06-23 02:57:00,0,0
BV1AfKwzVEga,2025-06-20 09:48:00,-1119808959,-1109548191,3537118091545290,出淤泥而不染的小泥鳅,28,不知道啊 捡来的导弹旁边写着中英文说明书,2025-06-21 05:00:00,0,8
BV1AfKwzVEga,2025-06-20 09:48:00,-1109548191,-27940896,15675718,冷潇文,56,回复 @出淤泥而不染的小泥鳅 :哪来的中文说明书，是阿拉伯文和英文,2025-06-21 08:19:00,0,0
BV1AfKwzVEga,2025-06-20 09:48:00,-1109548191,-1092978207,396776677,Lilpeachx,6,回复 @出淤泥而不染的小泥鳅 :人家伊朗也是文明古国工业链中东最全，科学家应该也是有一部分世界领先水平，不然以色列也用不着暗鲨，所以人家自己是可以生产导弹的,2025-06-21 08:19:00,0,0
BV1AfKwzVEga,2025-06-20 09:48:00,-1119808959,-44648688,23180304,圆月之夜,12,伊朗在中东其实算是可以的国家，大山里面好多铀矿,2025-06-21 05:04:00,0,8
BV1AfKwzVEga,2025-06-20 09:48:00,-1119808959,-44184512,430605127,福冈麦霸滨崎步,148,地里种的啊，不然为什么有些东西叫蘑菇弹，这种东西都是地里种的,2025-06-21 05:08:00,0,2
BV1AfKwzVEga,2025-06-20 09:48:00,-1119808959,-43437200,236731601,曲终过尽松陵路,95,伊朗可是中东军火商，而且这么多次战争都能留下来的国家你不会以为没东西吧？,2025-06-21 05:16:00,0,15
BV1AfKwzVEga,2025-06-20 09:48:00,-43437200,-1090037919,351717956,爱吃西瓜的小竹鼠,391,回复 @曲终过尽松陵路 :地形复杂，都山区，和伊拉克不一样只要伊朗内部不反水，即使美国派兵，也会死伤惨重。而且陆军交锋，俄乌战争证明无人机太好用了，坦克全成靶子，伊朗无人机水平还挺强的。美军真下场就泥潭深入了[吃瓜],2025-06-21 08:54:00,0,0
BV1AfKwzVEga,2025-06-20 09:48:00,-43437200,-1088388175,28550668,劍气冲而南斗平,68,回复 @曲终过尽松陵路 :我一直以为伊朗生产力跟巴巴羊差不多[藏狐],2025-06-21 09:14:00,0,0
BV1AfKwzVEga,2025-06-20 09:48:00,-1119808959,-43315392,1112728610,西成二哥,32,别问，问就是沙漠里捡的,2025-06-21 05:17:00,0,1
BV1AfKwzVEga,2025-06-20 09:48:00,-1119808959,-43047648,474844125,冰墩墩ss,8,大自然赠予的,2025-06-21 05:20:00,0,0
BV1AfKwzVEga,2025-06-20 09:48:00,-1119808959,-1107032239,402254487,宇宙人金坷垃,72,直播间刷的,2025-06-21 05:27:00,0,0
BV1AfKwzVEga,2025-06-20 09:48:00,-1119808959,-42314336,261860346,i我佛慈悲,45,垃圾桶捡的→_→,2025-06-21 05:27:00,0,0
BV1AfKwzVEga,2025-06-20 09:48:00,-1119808959,-41883040,404362445,dragoon909,14,家底,2025-06-21 05:31:00,0,0
BV1AfKwzVEga,2025-06-20 09:48:00,-1119808959,-41905536,404362445,dragoon909,14,支持伊朗,2025-06-21 05:32:00,0,0
BV1AfKwzVEga,2025-06-20 09:48:00,-1119808959,-41092368,13210049,-愤怒D熊猫-,21,伊朗别自己跪了就行[喜极而泣],2025-06-21 05:42:00,0,3
BV1AfKwzVEga,2025-06-20 09:48:00,-41092368,-21929808,1331495319,拓摩,31,回复 @-愤怒D熊猫- :几次中东战争，以色列背靠美国打赢的，现在美国对付俄罗斯分心不了，所以以色列目前状况差。,2025-06-21 09:28:00,0,0
BV1AfKwzVEga,2025-06-20 09:48:00,-41092368,-1083160975,286791987,你妹啊昵称已存在,17,回复 @-愤怒D熊猫- :美要求彻底放弃核研发开放波斯湾让胡塞放行根本不可能谈拢相当于人都跪了你还要打耳光吐口水把他抓起来,2025-06-21 10:10:00,0,0
BV1AfKwzVEga,2025-06-20 09:48:00,-1119808959,-1105085583,2631496,mei_nagano0924,10,伊朗可以自己造,2025-06-21 05:47:00,0,2
BV1AfKwzVEga,2025-06-20 09:48:00,-1119808959,-1104175071,3546619192543762,旗d,23,拖鞋军你就不要说他不强。,2025-06-21 05:59:00,0,0
BV1AfKwzVEga,2025-06-20 09:48:00,-1104175071,-1070900751,2048561157,bili_71923334366,3,回复 @旗d :拖鞋军好像说的是胡赛武装,2025-06-21 12:15:00,0,0
BV1AfKwzVEga,2025-06-20 09:48:00,-1119808959,-38838016,9604704,一盏老登-,132,俺拾嘞[OK],2025-06-21 06:05:00,0,0
BV1AfKwzVEga,2025-06-20 09:48:00,-1119808959,-38784480,511337731,JQKJE,35,精准打击的装备是大鹅的导弹应该是沙漠里捡的,2025-06-21 06:07:00,0,1
BV1AfKwzVEga,2025-06-20 09:48:00,-1119808959,-38664240,1560684644,爱蹭兵线,12,朗子没那么弱的，这点导弹人还是掏的出来的,2025-06-21 06:08:00,0,1
BV1AfKwzVEga,2025-06-20 09:48:00,-1119808959,-1102575167,410966769,龙骑档案,20,什么导弹？那是法棍??[doge],2025-06-21 06:19:00,0,0
BV1AfKwzVEga,2025-06-20 09:48:00,-1119808959,-1102092111,155841550,安娜帅到没朋友,77,地里长的，人家又不是全是沙漠，也有土地的，什么都不懂，傻帽[doge][doge],2025-06-21 06:25:00,0,0
BV1AfKwzVEga,2025-06-20 09:48:00,-1102092111,-1075242991,316727978,嘿兔子向前冲,18,回复 @安娜帅到没朋友 :自己的土，自己的地，种啥都涨战斗力[OK],2025-06-21 11:31:00,0,0
BV1AfKwzVEga,2025-06-20 09:48:00,-1119808959,-1101571263,383263870,红丝错千重i,15,这是俺拾嘞,2025-06-21 06:30:00,0,0
BV1AfKwzVEga,2025-06-20 09:48:00,-1119808959,-36743808,342748346,快活似过年,41,中国在90到00年代就已经分批向伊朗转移过一批导弹和火箭弹等方面的技术和生产线，以换取当时还比较缺的资金,2025-06-21 06:32:00,0,0
BV1AfKwzVEga,2025-06-20 09:48:00,-1119808959,-1100421903,383535698,代码大咖,137,沙漠有定时刷新机制,2025-06-21 06:46:00,0,0
BV1AfKwzVEga,2025-06-20 09:48:00,-1119808959,-1099955743,38327872,平庸的森,12,伊朗可是有自己的工业产线的。,2025-06-21 06:51:00,0,0
BV1AfKwzVEga,2025-06-20 09:48:00,-1119808959,-34208416,18653540,头哥霸气,57,别问，问就是一个爱种田的给的,2025-06-21 07:02:00,0,0
BV1AfKwzVEga,2025-06-20 09:48:00,-1119808959,-1099053279,394389395,榆次好男人,8,伊朗的导弹不少，而且有制造能力,2025-06-21 07:02:00,0,0
BV1AfKwzVEga,2025-06-20 09:48:00,-1119808959,-1098926079,474259,猥琐小胖子,22,不要乱怀疑啊，就是人家自己的[滑稽],2025-06-21 07:04:00,0,2
BV1AfKwzVEga,2025-06-20 09:48:00,-1119808959,-32763648,336551605,归去来兮-o,65,库存,2025-06-21 07:19:00,0,0
BV1AfKwzVEga,2025-06-20 09:48:00,-1119808959,-1094859103,98693599,今天有雨1,3,伊朗以前是美国小弟，核电站都是美国给的，核武器都有,2025-06-21 07:56:00,0,0
BV1AfKwzVEga,2025-06-20 09:48:00,-1119808959,-1093848015,35236473,HZTDQF,30,想说就直接说[doge],2025-06-21 08:08:00,0,0
BV1AfKwzVEga,2025-06-20 09:48:00,-1119808959,-1092694671,1352136371,道乐文华536,4,因为你每天都在捣蛋 捣蛋多了就出口给伊朗 伊朗买到捣蛋就发送到以色列去了,2025-06-21 08:24:00,0,0
BV1AfKwzVEga,2025-06-20 09:48:00,-1119808959,-1092096015,28429788,學姐丶,95,当然是土里面长出来的啊[傲娇]怎么可能会有人卖导弹给他们啊,2025-06-21 08:30:00,0,0
BV1AfKwzVEga,2025-06-20 09:48:00,-1119808959,-1087566239,508229658,飞天小月季,8,本来就不是什么弱国。,2025-06-21 09:22:00,0,0
BV1AfKwzVEga,2025-06-20 09:48:00,-1119808959,-1087034319,430631165,欠一屁股账,73,今年大丰收,2025-06-21 09:29:00,0,0
BV1AfKwzVEga,2025-06-20 09:48:00,-1119808959,-21381216,34600501,红色尼罗河,50,沙漠捡不完,2025-06-21 09:34:00,0,0
BV1AfKwzVEga,2025-06-20 09:48:00,-1119808959,-1086021519,1480830781,烟外之意,14,义乌正在加班[doge_金箍],2025-06-21 09:41:00,0,0
BV1AfKwzVEga,2025-06-20 09:48:00,-1119808959,-20036096,19753125,加里妹妹,55,伊朗和土尔其是中东唯二的工业国。不要太小看了伊朗，伊朗是世界上为数不多有全工业链的国家，全世界好像就我们和伊朗是这样（因为伊朗长期被制裁）,2025-06-21 09:48:00,0,0
BV1AfKwzVEga,2025-06-20 09:48:00,-1119808959,-1084552719,102613280,Apex里的那个厨神,328,感谢大哥刷到火箭[大笑][大笑][大笑][大笑],2025-06-21 09:57:00,0,0
BV1AfKwzVEga,2025-06-20 09:48:00,-1119808959,-19139728,387246133,日暮竹摇风,72,天天意淫东大入场，莫名其妙,2025-06-21 09:58:00,0,2
BV1AfKwzVEga,2025-06-20 09:48:00,-19139728,-15862992,10233225,我说的都是真的_,8,回复 @日暮竹摇风 :点了，天天yy,2025-06-21 10:31:00,0,0
BV1AfKwzVEga,2025-06-20 09:48:00,-1119808959,-1083801471,351756057,茕235,23,伊朗可不是没有武力的[吃瓜],2025-06-21 10:04:00,0,0
BV1AfKwzVEga,2025-06-20 09:48:00,-1119808959,-18441200,650434032,意大利面配卤蛋,4,要你管社会上的你少打听，真主给的不行么？,2025-06-21 10:05:00,0,0
BV1AfKwzVEga,2025-06-20 09:48:00,-1119808959,-18453152,1078798308,凌凌程,89,伊朗可是中东大国，重点科研地面武装，核虽然被毁了，但还有各种导弹呢[吃瓜],2025-06-21 10:06:00,0,0
BV1AfKwzVEga,2025-06-20 09:48:00,-1119808959,-1083466447,286791987,你妹啊昵称已存在,17,朗有完整工业体系要不西方制裁到现在都37年了还能跟以打的有来有回,2025-06-21 10:08:00,0,0
BV1AfKwzVEga,2025-06-20 09:48:00,-1119808959,-1083395087,3546872503339488,拨黄羊田田壁毛做毛笔,10,"大棚催熟技术。
来自韩天尊的肯定[滑稽]",2025-06-21 10:08:00,0,0
BV1AfKwzVEga,2025-06-20 09:48:00,-1119808959,-1082060031,3546614780136092,跳跳鱼跳岩浆,774,人家伊朗也是工业大国,2025-06-21 10:23:00,0,0
BV1AfKwzVEga,2025-06-20 09:48:00,-1119808959,-14144784,395906,坑里的某A,0,你看看世界地图伊朗有多大,2025-06-21 10:49:00,0,0
BV1AfKwzVEga,2025-06-20 09:48:00,-1119808959,-13785360,88418328,朝霞映锦依,32,人家攒了好几十年，当然不少,2025-06-21 10:51:00,0,0
BV1AfKwzVEga,2025-06-20 09:48:00,-1119808959,-12008816,26797840,灬赤鳳灬,31,人家自己能生产，只是没核弹头,2025-06-21 11:09:00,0,0
BV1AfKwzVEga,2025-06-20 09:48:00,-1119808959,-11428560,8552039,字幕君的节操,17,加油,2025-06-21 11:15:00,0,0
BV1AfKwzVEga,2025-06-20 09:48:00,-1119808959,-11332368,1287165531,莱布仔,27,马斯克开源的,2025-06-21 11:16:00,0,0
BV1AfKwzVEga,2025-06-20 09:48:00,-1119808959,-1076267295,46896684,小黑唱晚安喵,30,有丝分裂的[嗑瓜子],2025-06-21 11:20:00,0,0
BV1AfKwzVEga,2025-06-20 09:48:00,-1119808959,-1074635759,311109968,男孩为何川短裤,273,人家有一定工业能力,2025-06-21 11:37:00,0,0
BV1AfKwzVEga,2025-06-20 09:48:00,-1119808959,-1073931871,3546827617994752,小红云玩游戏,35,伊朗也是有实力的,2025-06-21 11:44:00,0,0
BV1AfKwzVEga,2025-06-20 09:48:00,-1119808959,-1073993295,3546848897796283,舒喷儿Man,3,这个还真是人家自己造的，不是沙漠里捡的。,2025-06-21 11:44:00,0,0
BV1AfKwzVEga,2025-06-20 09:48:00,-1119808959,-7949776,284898739,我是阿胜,23,大风刮来的,2025-06-21 11:48:00,0,0
BV1AfKwzVEga,2025-06-20 09:48:00,-1119808959,-3906048,20429315,与君共沾衿,74,血条换的,2025-06-21 12:30:00,0,1
BV1AfKwzVEga,2025-06-20 09:48:00,-1119808959,-3040832,443427038,火暴灯,119,在沙漠种下一个导弹，然后会长出很多导弹,2025-06-21 12:37:00,0,0
BV1AfKwzVEga,2025-06-20 09:48:00,-1119808959,-1068477519,578423458,刀刀-shuangdao,829,地里种出来的[微笑][doge][doge],2025-06-21 12:40:00,0,0
BV1AfKwzVEga,2025-06-20 09:48:00,-1119808959,896,3493143206955430,自古套路升钱财,9,大人的事情小孩子别问[吃瓜],2025-06-21 13:07:00,0,0
BV1AfKwzVEga,2025-06-20 09:48:00,-1119808959,-1062278127,35008167,愿绡缠梦,16,我送的啊,2025-06-21 13:40:00,0,0
BV1AfKwzVEga,2025-06-20 09:48:00,-1119808959,3834832,2900010,猫耳山仙人,111,我不支持以色列，但是也不支持伊朗，你们没意识到一个问题，伊朗现在想拥核，伊朗一旦有核武器，性质就变了。[无语],2025-06-21 13:45:00,0,0
BV1AfKwzVEga,2025-06-20 09:48:00,-1119808959,-1061417775,3546384305228279,shkgfx5556,287,奥斯曼人留下的,2025-06-21 13:50:00,0,0
BV1AfKwzVEga,2025-06-20 09:48:00,-1119808959,-1059832399,2042770,aemeraldsword,16,世界第十工业国，你不能用中国的标准看外面，以为不如我们都是辣鸡，事实上伊朗也是能自己搓弹道导弹的,2025-06-21 14:05:00,0,0
BV1AfKwzVEga,2025-06-20 09:48:00,-1119808959,7004336,1426316130,--闪电---,39,别问，问就是真主给的,2025-06-21 14:14:00,0,0
BV1AfKwzVEga,2025-06-20 09:48:00,-1119808959,11378064,3546893120440920,3985695,0,可别小看伊朗。,2025-06-21 14:56:00,0,0
BV1AfKwzVEga,2025-06-20 09:48:00,-1119808959,-1051182655,3546843325664085,大啖蛋,7,我投幣給的,2025-06-21 15:30:00,0,1
BV1AfKwzVEga,2025-06-20 09:48:00,-1119808959,-1047270303,452627556,横塘线,11,我记得以前是朝鲜的技术，俄罗斯的卫星定位，,2025-06-21 16:12:00,0,0
BV1AfKwzVEga,2025-06-20 09:48:00,-1119808959,-1041086511,67960658,咖喱猪大肠,46,能研究核能，伊朗在研究和制造方面应该是有些实力的，不是那种一穷二白的国家,2025-06-21 17:35:00,0,0
BV1AfKwzVEga,2025-06-20 09:48:00,-1119808959,-1032911471,304847751,已经秃顶,27,应该是原始部落分享的技术，可能过几天，村民向你分享了 核聚变[doge],2025-06-21 22:25:00,0,0
BV1AfKwzVEga,2025-06-20 09:48:00,-1119808959,35316272,11384434,風有些喧嚣,330,对啊不会炸到在以色列的中国人？,2025-06-21 23:32:00,0,0
BV1AfKwzVEga,2025-06-20 09:48:00,-1119808959,-1030257391,21715557,0有趣的女人0,97,都有能力研究核设施[吃瓜],2025-06-21 23:55:00,0,0
BV1AfKwzVEga,2025-06-20 09:48:00,-1119808959,37140320,455361502,辣椒炒米果,63,伊朗算是中东的工业大国,2025-06-22 00:15:00,0,0
BV1AfKwzVEga,2025-06-20 09:48:00,-1119808959,-1023670415,25707775,捂器大湿,38,直播间抽到的,2025-06-22 01:48:00,0,0
BV1AfKwzVEga,2025-06-20 09:48:00,-1119808959,-1021342367,3546886369708058,从来没有打过瓦,1,魔怔了[辣眼睛]你以为缅甸这样的国家吗？,2025-06-22 02:18:00,0,0
BV1AfKwzVEga,2025-06-20 09:48:00,-1119808959,-1005835903,365991560,不想受伤勒,116,明知故问[笑哭],2025-06-22 05:02:00,0,0
BV1AfKwzVEga,2025-06-20 09:48:00,-1119808959,64220304,30883021,六楼的胖纸,67,胡赛都有高超音速了你猜伊朗有没有[doge],2025-06-22 05:34:00,0,0
BV1AfKwzVEga,2025-06-20 09:48:00,-1119808959,71776448,1070991631,Dr-海盗,7,伊朗的汽车产量是全球前十的工业国家。没想到吧。,2025-06-22 06:59:00,0,0
BV1AfKwzVEga,2025-06-20 09:48:00,-1119808959,86568560,3493297066608945,贼蜀黍,18,老铁那么多，不就是多刷几个大火箭嘛，天天刷都行,2025-06-22 09:50:00,0,0
BV1AfKwzVEga,2025-06-20 09:48:00,-1119808959,91369744,470221822,uzayer04,61,小时候听新闻说伊朗的核弹可以炸地球好几次。不知道是不是真的，现在听起来的好夸张,2025-06-22 10:39:00,0,0
BV1AfKwzVEga,2025-06-20 09:48:00,-1119808959,-970343919,34083394,逆袭小m教授,10,别问了，别问了。,2025-06-22 11:35:00,0,0
BV1AfKwzVEga,2025-06-20 09:48:00,-1119808959,101774256,597263343,萌熊观察Bear,18,反正不是我给的[吃瓜],2025-06-22 12:25:00,0,0
BV1AfKwzVEga,2025-06-20 09:48:00,-1119808959,-963295135,389295689,M客创,9651,造不了就买，石油国就是豪横，伊朗一直搞国防防美帝,2025-06-22 12:49:00,0,0
BV1AfKwzVEga,2025-06-20 09:48:00,-1119808959,108042768,1331274837,皮卡丘要伊莱,51,伊朗自身有完整的工业体系（相对吧）整个中东第一个是土耳其第二个差不多就他了，而且想想能暗地里扶持一个被西方称作恐怖组织去对抗美的，自身也肯定要点实力吧,2025-06-22 13:28:00,0,0
BV1AfKwzVEga,2025-06-20 09:48:00,-1119808959,-958719535,3494358955329795,析刻,9,伊朗，前身是波斯帝国，前几年怂了之前我们很多人以为是中东霸主,2025-06-22 13:35:00,0,0
BV1AfKwzVEga,2025-06-20 09:48:00,-1119808959,110038080,400758621,ao特曼ヽ,33,人家有自己的军工厂,2025-06-22 13:48:00,0,0
BV1AfKwzVEga,2025-06-20 09:48:00,-1119808959,-949017359,96294188,林姐姐的头号粉丝,5,伊朗是怂逼可不是菜逼[doge_金箍]之前就他那周边地区，他的工业产能还是很牛的,2025-06-22 15:13:00,0,0
BV1AfKwzVEga,2025-06-20 09:48:00,-1119808959,125297776,3537111057697138,D二小萨尼,32,苏联解体后的加盟共和国：天天在暴乱，饭都快吃不起了，经济都快崩了，哪还有钱养导弹，卖了卖了还点钱买东西吃,2025-06-22 16:26:00,0,0
BV1AfKwzVEga,2025-06-20 09:48:00,-1119808959,-938962047,3546667160701253,吃火龙果要嗑籽,16,没事，马上沙漠不仅长导弹，还能长无人机[滑稽],2025-06-22 17:19:00,0,0
BV1AfKwzVEga,2025-06-20 09:48:00,-1119808959,-935881439,2026772871,专骂卖国贼,21,那些回你的，都是不懂的，我知道你想说啥，我也这么判断的，其实很简单,2025-06-22 18:25:00,0,0
BV1AfKwzVEga,2025-06-20 09:48:00,-1119808959,-933916079,1268092069,照亮前方之路,22,太漂亮了,2025-06-22 19:47:00,0,0
BV1AfKwzVEga,2025-06-20 09:48:00,-1119808959,-931187455,473639074,後夜相思月滿船,138,技术源自朝鲜,2025-06-22 22:23:00,0,0
BV1AfKwzVEga,2025-06-20 09:48:00,-1119808959,139331568,323856520,雨祈祷,27,飞毛腿知道吗？伊朗是完全有能力自己制造和改造的,2025-06-22 23:41:00,0,0
BV1AfKwzVEga,2025-06-20 09:48:00,-1119808959,140047472,94123132,北方猪猡,14,伊朗可是个有全供应链生产能力的国家，只不过相对落后，不是软的,2025-06-22 23:58:00,0,0
BV1AfKwzVEga,2025-06-20 09:48:00,-1119808959,146843488,476423643,火柴竿vs689,52,伊朗在中东是工业国家，只是设施太老旧了，但不是不能生产只是太高端的不行，数量有质量一般，就像个中东小俄罗斯。,2025-06-23 02:04:00,0,0
BV1AfKwzVEga,2025-06-20 09:48:00,-1119808959,149540624,348543801,黄蜂F,2,伊朗的战术似曾相识[偷笑],2025-06-23 02:44:00,0,0
BV1AfKwzVEga,2025-06-20 09:48:00,-1119808959,152719600,3546675886950701,苍凉双眼有余温,1,伊朗是工业国，几十年就研究无人机和各种导弹了，战机军舰太贵玩不起，全部押包空射武器，初步预估伊朗在这几十年里最少储备了近三万枚各式导弹。,2025-06-23 03:27:00,0,0
BV1AfKwzVEga,2025-06-20 09:48:00,-1119808959,152894848,400205047,kkkkki56,2,阿朗本身就是有点实力的，这就是以色列不能容忍他的原罪，强大是原罪，他们不能让一个强大的邻居存在自己身边！,2025-06-23 03:28:00,0,0
BV1AfKwzVEga,2025-06-20 09:48:00,-1119808959,156630064,262323335,不咸不淡的七秒鱼,7,抢了哈马斯的，哈马斯抢狗大户的！哎！冤冤相报何时了啊[doge],2025-06-23 04:10:00,0,0
BV1AfKwzVEga,2025-06-20 09:48:00,-1119808959,164837328,473534635,圣心雪龙,33,伊朗据说是第九大汽车生产国，这个东西其实很有含金量的,2025-06-23 05:35:00,0,0
BV1AfKwzVEga,2025-06-20 09:48:00,-1119808959,180716192,387313414,一天906,14,伊朗军事能力也还是可以的,2025-06-23 09:16:00,0,0
BV1AfKwzVEga,2025-06-20 09:48:00,-1119808959,186703776,443337924,白嫖纵队上等兵,12,伊朗有深埋地下的导弹工厂。现在估计是产出多少打多少。而且肉眼可见好起来了，导弹数量越来越多，也开始重点打击军事目标，而不是像一开始一样无差别攻击民用目标。可以说伊朗正逐渐恢复他的军事能力。以色列接下来将要面对一个进入战争状态的伊朗。,2025-06-23 10:21:00,0,1
BV1AfKwzVEga,2025-06-20 09:48:00,-1119808959,-882325871,26786077,QQQQMMM,8,伊朗常年被各方势力威胁打压，不得已逼出了一套自己的工业体系，虽然粗糙，但是也是属于自己的生存能力,2025-06-23 10:23:00,0,0
BV1AfKwzVEga,2025-06-20 09:48:00,-1119808959,-849176799,63887850,bili_63887850,1826,中东沙漠刷导弹,2025-06-23 16:14:00,0,0
BV1AfKwzVEga,2025-06-20 09:48:00,-1119808959,372885488,39180909,1234567meng,136,你猜[doge][doge][doge],2025-06-25 09:05:00,0,0
BV1AfKwzVEga,2025-06-20 09:48:00,-1119808959,-420568703,645746475,Re-迷雾,31,地下挖的,2025-06-28 06:26:00,0,0
