﻿视频BV号,视频发布日期,上级评论ID,评论ID,用户ID,用户名,用户粉丝数,评论内容,评论时间,回复数,点赞数
BV1A9MvzkE7u,2025-06-16 02:53:00,0,-1551827519,3461581484591971,听视会,41,我好奇撤侨没有，不会为了多赚钱 不愿意撤吧？,2025-06-16 10:59:00,14,0
BV1A9MvzkE7u,2025-06-16 02:53:00,-1551827519,-450297248,320759328,省_不动,10,半个多月前，不是就从以色列撤侨了吗？,2025-06-17 00:11:00,0,0
BV1A9MvzkE7u,2025-06-16 02:53:00,-1551827519,-1462211039,299396965,言论由天,64,去那里打工的路费至少需要十万左右，如果撤了有些人连路费都挣不回来。,2025-06-17 10:23:00,0,0
BV1A9MvzkE7u,2025-06-16 02:53:00,-1462211039,-400221008,288289918,书我只能,10,回复 @言论由天 :为什么那么多啊，机票有那么贵吗,2025-06-17 11:01:00,0,0
BV1A9MvzkE7u,2025-06-16 02:53:00,-400221008,-384289952,470572403,蘭茞丶獨芳,13,回复 @书我只能 :刚刚查了一下，最近打仗不计，以11.10-11.21往返北京到特拉维夫的海南航空直飞公务舱总价为3万多4万不到。经济舱只要￥12742。十万块钱要算单程的话够一个大家族去了。他真是胡说八道，什么年代了还在那里骗人??,2025-06-17 13:47:00,0,0
BV1A9MvzkE7u,2025-06-16 02:53:00,-384289952,-1436239695,299396965,言论由天,64,回复 @蘭茞丶獨芳 :你不会以为出去打工只需要飞机票就行了吧？,2025-06-17 14:54:00,0,0
BV1A9MvzkE7u,2025-06-16 02:53:00,-384289952,-1436154559,299396965,言论由天,64,回复 @蘭茞丶獨芳 :好奇你到底打工过没有，内地去香港打工都需要交五万块钱，真的好奇你是哪个阶层？,2025-06-17 14:55:00,0,0
BV1A9MvzkE7u,2025-06-16 02:53:00,-384289952,-1435786431,299396965,言论由天,64,回复 @蘭茞丶獨芳 :每个地区去打工价格都是不同的，像以那里每天的工资是一千到一千五，真像你说的就掏个路费过去打工那里的人早满了。,2025-06-17 14:58:00,0,0
BV1A9MvzkE7u,2025-06-16 02:53:00,-1435786431,-371744064,470572403,蘭茞丶獨芳,13,回复 @言论由天 :首先，你自己说的是路费，其他的费用你没有说，你自己说的路费至少十万左右。其次，我认为工作需要有工作许可的签证。就像我这边，来澳大利亚工作的人有很多，我们的签证费是涨了，但也不会那么离谱。如果是非法移民，那不受劳工法保护的。,2025-06-17 15:56:00,0,0
BV1A9MvzkE7u,2025-06-16 02:53:00,-371744064,-1429097023,299396965,言论由天,64,回复 @蘭茞丶獨芳 :出去打工肯定是把工作签证算在里面的，就像你出门也会带吃的一样。,2025-06-17 16:15:00,0,0
BV1A9MvzkE7u,2025-06-16 02:53:00,-371744064,-1428923711,299396965,言论由天,64,回复 @蘭茞丶獨芳 :抬杠就没有意思了，你自己去澳大利亚的费用多少自己清楚,2025-06-17 16:16:00,0,0
BV1A9MvzkE7u,2025-06-16 02:53:00,-1462211039,-385258064,470572403,蘭茞丶獨芳,13,回复 @言论由天 :飞机坐头等舱吗？哪来这么贵？,2025-06-17 13:38:00,0,0
BV1A9MvzkE7u,2025-06-16 02:53:00,-1551827519,-1462148799,299396965,言论由天,64,我邻居去年九月份去的，干了一年了估计去了路费也挣不了多少。那里一个月有三万左右，去除路费基本不挣啥钱了。,2025-06-17 10:24:00,0,0
BV1A9MvzkE7u,2025-06-16 02:53:00,-1462148799,-1061180335,690715588,79761165,37,回复 @言论由天 :不挣啥钱他去干嘛,2025-06-21 13:52:00,0,0
BV1A9MvzkE7u,2025-06-16 02:53:00,-1061180335,-1060085551,299396965,言论由天,64,回复 @79761165 :签两年年至少七十万，肯定会有人去的。运气不好的还没干啥活呢就得回来，去一趟至少十万没了,2025-06-21 14:03:00,0,0
