﻿视频BV号,视频发布日期,上级评论ID,评论ID,用户ID,用户名,用户粉丝数,评论内容,评论时间,回复数,点赞数
BV1ahNvzmEoz,2025-06-17 10:00:00,0,-300745792,241411015,余中金,199,如果伊朗真有核武器，面对以色列的偷袭，核武器用了就用了，美国还能对伊朗用吗？,2025-06-18 11:46:00,6,1
BV1ahNvzmEoz,2025-06-17 10:00:00,-300745792,-1350495487,477163,樱羽大神,5,以色列敢,2025-06-18 13:27:00,0,1
BV1ahNvzmEoz,2025-06-17 10:00:00,-1350495487,-291364784,241411015,余中金,199,回复 @樱羽大神 :小国确实没多少手段！,2025-06-18 13:28:00,0,0
BV1ahNvzmEoz,2025-06-17 10:00:00,-291364784,-288587408,99271729,NIFE夜永夕,1534,回复 @余中金 : 主要是以色列也被认为是实质有核国家，不管谁先扔核弹，就是同归于尽,2025-06-18 13:58:00,0,3
BV1ahNvzmEoz,2025-06-17 10:00:00,-300745792,-1340636607,40817784,考虑考虑要不要上厕所,74,真要同归于尽也不一定非要用核武器，以色列国家毕竟小。伊朗再怎么说脏弹，生化类武器给以色列用一用，基本这个国家也完蛋了。就是到没到这么个阶段的问题。毕竟大规模杀伤武器是核生化。除了核，生化类武器伊朗还真不少。但那就真成了纯粹杀人了,2025-06-18 15:08:00,0,1
BV1ahNvzmEoz,2025-06-17 10:00:00,-300745792,-270252784,391632125,冯程储卫,6,沈逸教授说，核武器不是对付以色列最好的武器，因为以色列太小了，大概率会炸到以色列的邻国，真狠起来，用脏弹最合适，然后是用导弹攻击以色列关键基础设施比如海水淡化厂。,2025-06-18 17:50:00,0,4
BV1ahNvzmEoz,2025-06-17 10:00:00,-300745792,-1241186367,179343357,柒柒伍玖,61,美国没法用的，顶多看有没有可能动用战术核武器，不然战略级别的核武器谁敢保证你真打伊朗、只打伊朗呢？,2025-06-19 17:10:00,0,1
