﻿视频BV号,视频发布日期,上级评论ID,评论ID,用户ID,用户名,用户粉丝数,评论内容,评论时间,回复数,点赞数
BV1ANKTzRESn,2025-06-20 16:32:00,0,-1144237935,234979,黑—。—白,28,我承认，我前几天对朗子出言不逊了，我道歉[吃瓜],2025-06-20 17:29:00,11,172
BV1ANKTzRESn,2025-06-20 16:32:00,-1144237935,-71196512,410096347,怎么才七成__,13,你们确实只是喜欢打字看热闹，可朗子呢，在拿命来博。,2025-06-20 23:10:00,0,49
BV1ANKTzRESn,2025-06-20 16:32:00,-1144237935,-71186736,475918306,小正哥,7,刚才外面人多，[doge][doge][doge][doge][笑哭],2025-06-20 23:11:00,0,2
BV1ANKTzRESn,2025-06-20 16:32:00,-1144237935,-70473312,256975530,夏夜来了,10,不不不，我们网友要立于不败之地，我们是在鞭策伊朗。,2025-06-20 23:31:00,0,17
BV1ANKTzRESn,2025-06-20 16:32:00,-1144237935,-68966128,697358739,玄鸟生商_,11,朗子？朗哥！[doge_金箍],2025-06-21 00:06:00,0,4
BV1ANKTzRESn,2025-06-20 16:32:00,-68966128,-1120777455,234979,黑—。—白,28,回复 @玄鸟生商_ :裹缠头的大哥哥加油啊！,2025-06-21 03:04:00,0,0
BV1ANKTzRESn,2025-06-20 16:32:00,-1144237935,-1131728735,351014787,鹊桥游魂,9,不用道歉，时间长点朗子酒显相了,2025-06-21 00:25:00,0,4
BV1ANKTzRESn,2025-06-20 16:32:00,-1131728735,-59392128,473790416,山楂片1551,5,回复 @鹊桥游魂 :你刚开始不是这样说的,2025-06-21 02:28:00,0,1
BV1ANKTzRESn,2025-06-20 16:32:00,-1144237935,-1123929567,63248988,大把大把的欢乐豆,27,[枕边童话_哈哈哈]没想到伊朗这次真有反应了，我也是一看升旗就嘲笑，但我不打算删，也算是黑历史了，留着将来回头看看也挺逗,2025-06-21 02:24:00,0,0
BV1ANKTzRESn,2025-06-20 16:32:00,-1144237935,-1122554063,50149783,工程款已到账,5,叫朗哥[生气],2025-06-21 02:41:00,0,0
BV1ANKTzRESn,2025-06-20 16:32:00,-1144237935,-46722480,622966902,异能粒子,48,人家都快和谈了，你可以收回你之前的道歉，继续喷伊朗这只软脚虾[喜极而泣],2025-06-21 04:43:00,0,0
BV1ANKTzRESn,2025-06-20 16:32:00,-46722480,-1099976623,234979,黑—。—白,28,回复 @异能粒子 :支愣不起来那我就继续喷,2025-06-21 06:52:00,0,0
