﻿视频BV号,视频发布日期,上级评论ID,评论ID,用户ID,用户名,用户粉丝数,评论内容,评论时间,回复数,点赞数
BV1AMNxzrEbo,2025-06-19 06:37:00,0,-1257508975,1495364,四处溜达,4,"从莫茨的表述来看，《伊核协议》也是一个类似《明斯克协议》的战略性欺骗协议。
差别只是欺骗的对象不同，《伊核协议》欺骗的是伊朗，《明斯克协议》欺骗的是俄罗斯！
这次我还是要赞赏莫茨，终于有一个西方政客说出了心里话，也让中国人民对于资本主义的欺骗性有了更深刻的认识。
和欧美达成的各种协议，其实都是短暂的停战协议而已！不值得认真对待。
能不能和欧美达成协议，其实一点也不重要，重要的只有一点，自强才是关键，不自强就是犯罪！",2025-06-19 13:46:00,9,175
BV1AMNxzrEbo,2025-06-19 06:37:00,-1257508975,-196254944,481583013,我不当人了呀呀呀,56,楚汉争霸是怎么结束的呢？,2025-06-19 13:54:00,0,2
BV1AMNxzrEbo,2025-06-19 06:37:00,-196254944,-194194656,454389416,MoonRiverOTK,16,回复 @我不当人了呀呀呀 :至死方休,2025-06-19 14:16:00,0,21
BV1AMNxzrEbo,2025-06-19 06:37:00,-1257508975,-188314288,3537111496001902,问问名字该怎么取呀,8,他只是恰巧在这个时候支持以色列而已[doge_金箍],2025-06-19 15:21:00,0,0
BV1AMNxzrEbo,2025-06-19 06:37:00,-1257508975,-181825696,1145215521,磕癌小安安龟,2,我们在单挑世界这一赛道上越走越远[笑哭],2025-06-19 16:46:00,0,1
BV1AMNxzrEbo,2025-06-19 06:37:00,-181825696,-1225389919,3546660384803457,黑学赖川,0,回复 @磕癌小安安龟 : 非洲南美中亚东南亚被开除球籍了是吧[doge],2025-06-20 01:37:00,0,2
BV1AMNxzrEbo,2025-06-19 06:37:00,-1225389919,-67418480,544609529,汤姆叔叔的小黑屋,0,回复 @黑学赖川 : 你应该说俄罗斯2万GDP对抗欧美50万GDP不也能磨三年多么[doge]，不妄自菲薄，也不要小看对手。,2025-06-21 00:37:00,0,0
BV1AMNxzrEbo,2025-06-19 06:37:00,-181825696,-1197270655,412398764,海海1227,15,回复 @磕癌小安安龟 : 末路也是路，都是自己走的,2025-06-20 07:52:00,0,1
BV1AMNxzrEbo,2025-06-19 06:37:00,-1257508975,-1231657871,43773457,云端的风景1,111,轰炸南斯拉夫大使馆就已经看清了,2025-06-19 23:43:00,0,7
BV1AMNxzrEbo,2025-06-19 06:37:00,-1257508975,-735597695,521715485,Faraday姜法拉,4,国民党和共产党的双10协议 楚汉之争的鸿沟协议 怎么样 不要说西方 天下皆如此,2025-06-25 01:29:00,0,1
