﻿视频BV号,视频发布日期,上级评论ID,评论ID,用户ID,用户名,用户粉丝数,评论内容,评论时间,回复数,点赞数
BV1aANRzqE5d,2025-06-22 10:19:00,0,162819968,400906230,芈乜也,31,众所周知，癌症治疗中最头疼的一点就是扩散[藏狐],2025-06-23 05:13:00,9,114
BV1aANRzqE5d,2025-06-22 10:19:00,162819968,-905658655,336191173,贱到不行先生,4,有点形象。,2025-06-23 05:14:00,0,5
BV1aANRzqE5d,2025-06-22 10:19:00,162819968,-902808671,39015270,为啥通不过,4,是的……,2025-06-23 05:51:00,0,3
BV1aANRzqE5d,2025-06-22 10:19:00,162819968,169500752,1151950408,北木橙bmc,4,这已经不是一般的癌症了，必须上化疗！,2025-06-23 06:41:00,0,8
BV1aANRzqE5d,2025-06-22 10:19:00,169500752,171621920,1990741,雀羽华光,124,回复 @北木橙bmc : 理疗化疗一块上,2025-06-23 07:14:00,0,1
BV1aANRzqE5d,2025-06-22 10:19:00,162819968,170690528,185408410,吾呼汝名敢应否,21,热知识，癌细胞几乎一直都存在，但只要免疫系统杀的够及时，就不会得癌症[doge],2025-06-23 06:58:00,0,9
BV1aANRzqE5d,2025-06-22 10:19:00,162819968,-895215823,2224595,小可xk,25,人每天会产生上千个癌细胞，只有免疫系统正常，NT细胞会把它们全杀了的[doge],2025-06-23 07:42:00,0,3
BV1aANRzqE5d,2025-06-22 10:19:00,162819968,184467664,9065318,咕咕bird一半拿去放生,189,丸辣，聚是一坨屎，散是满天翔，这种根本防不胜防啊怎么办[笑哭],2025-06-23 09:58:00,0,2
BV1aANRzqE5d,2025-06-22 10:19:00,162819968,-882154783,308824188,爱吃玻璃,135,上靶向药[doge],2025-06-23 10:25:00,0,1
BV1aANRzqE5d,2025-06-22 10:19:00,162819968,187546208,429199133,LouisFox猎狐,8,同志们，中以合作的大学了解下,2025-06-23 10:30:00,0,0
