﻿视频BV号,视频发布日期,上级评论ID,评论ID,用户ID,用户名,用户粉丝数,评论内容,评论时间,回复数,点赞数
BV1ajMmz4Egg,2025-06-14 09:54:00,0,-698845920,351687526,苏永乐plus,0,不拿回叙利亚就很难搞,2025-06-14 10:11:00,9,37
BV1ajMmz4Egg,2025-06-14 09:54:00,-698845920,-1738561679,3874859,太阳王子,49,他自己就是下一个叙利亚[笑哭],2025-06-14 12:00:00,0,59
BV1ajMmz4Egg,2025-06-14 09:54:00,-1738561679,-679285712,303767603,温伯安,10,回复 @太阳王子 :差不多，我个人觉得伊朗离内乱不久了。,2025-06-14 13:27:00,0,3
BV1ajMmz4Egg,2025-06-14 09:54:00,-679285712,-980063167,1181533458,可牛逼喽,67,回复 @温伯安 : 内乱是不可能了，哈梅内伊如果死了，上台一个完全亲美且不计前嫌的总统有多大可能？,2025-06-22 09:56:00,0,0
BV1ajMmz4Egg,2025-06-14 09:54:00,-698845920,-1738219487,1427623368,偷腥的狸花猫,7,想什么呢？还拿回来，保住自己就是最好的了。。。,2025-06-14 12:04:00,0,12
BV1ajMmz4Egg,2025-06-14 09:54:00,-1738219487,-687508512,351687526,苏永乐plus,0,回复 @偷腥的狸花猫 :所以我认为搞不了（打不了总体战）,2025-06-14 12:05:00,0,3
BV1ajMmz4Egg,2025-06-14 09:54:00,-698845920,-671645456,349615243,TMAC湘,3,巴列维要回去了,2025-06-14 14:39:00,0,0
BV1ajMmz4Egg,2025-06-14 09:54:00,-698845920,-667640464,114174124,肯德基度dj,158,伊朗最大的问题就是精神领袖，干掉这老头好很多,2025-06-14 15:18:00,0,4
BV1ajMmz4Egg,2025-06-14 09:54:00,-667640464,-663577744,278086748,intelligencekong,6,回复 @肯德基度dj :这老头像卧底，就他最怂,2025-06-14 16:02:00,0,1
BV1ajMmz4Egg,2025-06-14 09:54:00,-663577744,-1705061631,65906276,谁谁家的那谁谁,35,回复 @intelligencekong :老慈禧了,2025-06-14 18:34:00,0,2
