﻿视频BV号,视频发布日期,上级评论ID,评论ID,用户ID,用户名,用户粉丝数,评论内容,评论时间,回复数,点赞数
BV1ajMmz4Egg,2025-06-14 09:54:00,0,-1748207391,668683059,江湖茄子,8,这么多重要的人物说死就死了,2025-06-14 10:20:00,12,84
BV1ajMmz4Egg,2025-06-14 09:54:00,-1748207391,-1747280399,14239389,焕画成疯,56,排除异己，借刀杀人,2025-06-14 10:31:00,0,31
BV1ajMmz4Egg,2025-06-14 09:54:00,-1748207391,-696893792,1086911507,活出精彩检查聚不聚,5,都不知道这种军队存在的意义是什么，吃干饭吗？[笑哭],2025-06-14 10:32:00,0,24
BV1ajMmz4Egg,2025-06-14 09:54:00,-696893792,-1745586143,25817550,蘑菇丸哗啦哗啦,37,回复 @活出精彩检查聚不聚 :清朝不就是这样嘛,2025-06-14 10:49:00,0,5
BV1ajMmz4Egg,2025-06-14 09:54:00,-696893792,-694555392,488494525,milletcongees,23,回复 @活出精彩检查聚不聚 : 你要详细了解伊朗内部怎么组成才能知道发生这些事情一点也不奇怪,2025-06-14 10:55:00,0,0
BV1ajMmz4Egg,2025-06-14 09:54:00,-694555392,-1742966751,404926567,最狂歌,193,回复 @milletcongees :宗教神棍儿治国，一定会这样，没有国魂！,2025-06-14 11:14:00,0,3
BV1ajMmz4Egg,2025-06-14 09:54:00,-696893792,-322523520,95428033,未名的幻域,12,回复 @活出精彩检查聚不聚 :捞钱嘛,2025-06-18 07:26:00,0,0
BV1ajMmz4Egg,2025-06-14 09:54:00,-1748207391,-695732720,1257353901,80游,27,主要那个老头还在,2025-06-14 10:44:00,0,2
BV1ajMmz4Egg,2025-06-14 09:54:00,-695732720,-1745468543,1202096866,云天空澈,34,回复 @80游 : 暗杀老头的代价会比较大，不如等他自己死,2025-06-14 10:50:00,0,1
BV1ajMmz4Egg,2025-06-14 09:54:00,-695732720,-1744848223,21209256,forever1175,47,回复 @80游 : 那个老头就是投降派，他对付内贾德那种强硬派更狠，留着他，他会自己投降,2025-06-14 10:54:00,0,11
BV1ajMmz4Egg,2025-06-14 09:54:00,-695732720,-1731849215,668683059,江湖茄子,8,回复 @80游 :老头是政客不会指挥军队也不会造核武器，作用有限,2025-06-14 13:09:00,0,0
BV1ajMmz4Egg,2025-06-14 09:54:00,-1731849215,-1708057583,610924374,学你套路,32,回复 @江湖茄子 :但他能压制强硬派，精神领袖是革命卫队的一把手，只有他能压住，所以不能也不想他死,2025-06-14 17:32:00,0,0
BV1ajMmz4Egg,2025-06-14 09:54:00,-1748207391,-260708688,382042517,不知道叫啥名tr,13,不记得苏莱曼尼了吗,2025-06-19 00:16:00,0,0
