﻿视频BV号,视频发布日期,上级评论ID,评论ID,用户ID,用户名,用户粉丝数,评论内容,评论时间,回复数,点赞数
BV1A9MvzkE7u,2025-06-16 02:53:00,0,-524697728,515340245,钧泓和可淇,28,记者要小心啊，保护好自己。回来就升值加薪，荣誉加身！,2025-06-16 04:47:00,20,595
BV1A9MvzkE7u,2025-06-16 02:53:00,-524697728,-1578511679,1556547673,你们好不好呀,14,那也是她拿命换的！,2025-06-16 04:58:00,0,81
BV1A9MvzkE7u,2025-06-16 02:53:00,-524697728,-1507483791,403307263,爱种菜的兔兔,39,给你点赞,2025-06-16 23:59:00,0,0
BV1A9MvzkE7u,2025-06-16 02:53:00,-524697728,-442981920,1510214,不灭者秘传奥义,8,干实事的人，她值得,2025-06-17 02:14:00,0,18
BV1A9MvzkE7u,2025-06-16 02:53:00,-524697728,-1486561711,396562796,仲夏晨霜,0,在以色列的不需要担心安全，在伊朗的是真危险，因为伊朗没有制空权,2025-06-17 04:59:00,0,0
BV1A9MvzkE7u,2025-06-16 02:53:00,-524697728,-382571216,410670502,gzmanking,88,确实就是这样，他们用命给你换直播换信息，换真实没人知道的瞬间，她们没了也不会有保险，只有单位给她家人一定的抚恤金，而且大部分都是同事们凑的,2025-06-17 14:05:00,0,0
