﻿视频BV号,视频发布日期,上级评论ID,评论ID,用户ID,用户名,用户粉丝数,评论内容,评论时间,回复数,点赞数
BV1ahNvzmEoz,2025-06-17 10:00:00,0,-1445505919,66024771,达瓦里希永远前进,53,几年前哈马斯出击 以色列时， 伊朗隔岸观火，如今火烧屁股知道急了？[doge]以色列一对多，居然能打成单挑战，中东真是水浅王八多[笑哭],2025-06-17 13:20:00,10,267
BV1ahNvzmEoz,2025-06-17 10:00:00,-1445505919,-369679616,89641226,泽上鸣鹤,10,只要他敢打，就算单挑也是优势在我。毕竟体量搁这，耐炸程度高得多了,2025-06-17 16:21:00,0,6
BV1ahNvzmEoz,2025-06-17 10:00:00,-1445505919,-359461600,5946121,虾饺的逆袭,156,一个国家里2个党合作都千难万难，更别说几个国家合作了,2025-06-17 20:54:00,0,7
BV1ahNvzmEoz,2025-06-17 10:00:00,-1445505919,-1379500367,33381661,佩奇和蜘蛛,9,秦国一挑六，也没见他们之间有稳固的合作。嘴上是合作的，都不想先出人出钱，又想着捡漏。,2025-06-18 07:56:00,0,15
BV1ahNvzmEoz,2025-06-17 10:00:00,-1445505919,-302424240,105079740,天涯路无人识,18,几次中东战争都表明那里团结不起来,2025-06-18 11:28:00,0,0
BV1ahNvzmEoz,2025-06-17 10:00:00,-1445505919,-1355326559,206646099,人道主义光辉,56,要不你猜猜哈马斯的武器和补给是谁给的，从虚空中生出来的是吧。。,2025-06-18 12:32:00,0,0
BV1ahNvzmEoz,2025-06-17 10:00:00,-1355326559,-1333908959,187038152,冬冬0903,7,回复 @人道主义光辉 :那你要不要猜猜看，抵抗之弧那么多高层是被谁出卖的?你就说说看，这补给拿的，代价大不大呗。[嗑瓜子],2025-06-18 16:26:00,0,0
BV1ahNvzmEoz,2025-06-17 10:00:00,-1333908959,-1324218735,206646099,人道主义光辉,56,回复 @冬冬0903 :我说的是有证据，而你说的是捕风捉影，甚至都不是捕风捉影，而是臆想。,2025-06-18 21:33:00,0,0
BV1ahNvzmEoz,2025-06-17 10:00:00,-1445505919,-1295422799,1515178584,机械狼咒,22,水浅王八多，个个是大哥,2025-06-19 05:57:00,0,0
BV1ahNvzmEoz,2025-06-17 10:00:00,-1445505919,-82882160,3546627511945803,基地指挥官小哑巴准将,11,要知道，异教徒很可恶，但是异教派更可恶，因此波斯人并不存在围剿以色列的事情，谁打谁就是会有观战的,2025-06-20 16:58:00,0,1
BV1ahNvzmEoz,2025-06-17 10:00:00,-1445505919,-1131338495,291419770,云归天涯,7,中东诸国不团结啊，波斯人这次是真的忍不了了,2025-06-21 00:34:00,0,0
