﻿视频BV号,视频发布日期,上级评论ID,评论ID,用户ID,用户名,用户粉丝数,评论内容,评论时间,回复数,点赞数
BV1AfKwzVEga,2025-06-20 09:48:00,0,-52655376,18486424,JImmyM1,35,谁都不想支持，我希望联合国排各国调合两方的矛盾，避免地区冲突发展为局部战争，然后把战火引燃至周边国家，甚至因为某些资源迫使某些国家参战引发“s3”赛季，历史告诉我们人类是不会从历史中吸取教训，我只是希望这个时候来得更晚一点??，回望过去，不管是国内还是国外，无数人的牺牲换来了这些年的和平，真心希望这世界是和平没有战争????,2025-06-21 03:45:00,12,2
BV1AfKwzVEga,2025-06-20 09:48:00,-52655376,-1111787759,108637595,Lian忧郁,7,全球中战争一直都未停止过，今日非洲，明日中东！只是你我并没有关注到而已！,2025-06-21 04:38:00,0,1
BV1AfKwzVEga,2025-06-20 09:48:00,-1111787759,-28528320,18486424,JImmyM1,35,回复 @Lian忧郁 :确实是，所以我不喜欢战争，但如果有一天这一切发生在我身上，如果无法避免，那么我也将全力以赴,2025-06-21 08:12:00,0,0
BV1AfKwzVEga,2025-06-20 09:48:00,-52655376,-46131984,13423617,盐酸味棉花糖,88,不干人事就算是人不打服 不会停止战争的,2025-06-21 04:48:00,0,1
BV1AfKwzVEga,2025-06-20 09:48:00,-52655376,-45509664,56389934,想不出名字的小可爱,9,没被打到家门口是不知道痛的,2025-06-21 04:55:00,0,0
BV1AfKwzVEga,2025-06-20 09:48:00,-52655376,-1109873119,2084506759,54788,51,什么时候把地球之癌挖了，什么时候就和平了,2025-06-21 04:57:00,0,0
BV1AfKwzVEga,2025-06-20 09:48:00,-1109873119,447502832,348959909,歌恶鸽,1275,回复 @54788 :你真以为把以色列拔了世界就和平了？,2025-06-26 04:32:00,0,0
BV1AfKwzVEga,2025-06-20 09:48:00,-52655376,-43210304,1682070948,救柘,24,感觉太过片面了，不够辩证，正所谓打得一拳开，免得百拳来。伊朗在打之前，中东被以色列霍霍成啥样，感兴趣的可以自行了解。你这种所谓的尽快平息战火，在我看来就相当于让霸凌者和被欺负者各退一步，这是无法真正解决霸凌问题的。我的观点是：战争是为了真正的和平，不打出自己的尊严，是无法保护自己的国家和人民的。,2025-06-21 05:18:00,0,0
BV1AfKwzVEga,2025-06-20 09:48:00,-52655376,-1107606383,3546903987881998,追随教员的道路,1,毁灭吧 累了,2025-06-21 05:20:00,0,0
BV1AfKwzVEga,2025-06-20 09:48:00,-52655376,-1107510911,3493273291196656,帕瓦人MAX,252,加沙人受苦受难的时候怎么看不到你,2025-06-21 05:21:00,0,0
BV1AfKwzVEga,2025-06-20 09:48:00,-52655376,-1107573999,492726490,不想注册非得让注册,15,软弱换不来和平,2025-06-21 05:21:00,0,0
BV1AfKwzVEga,2025-06-20 09:48:00,-1107573999,-28644544,18486424,JImmyM1,35,回复 @不想注册非得让注册 :但是这场战争不会因为软弱或者强硬而有什么改变，我们看到的远比我们想象中复杂,2025-06-21 08:10:00,0,0
BV1AfKwzVEga,2025-06-20 09:48:00,-52655376,-786785951,12343994,铁良芷,13,希望你能去搜索一下以色列的各种战争由来,2025-06-24 10:39:00,0,0
