﻿视频BV号,视频发布日期,上级评论ID,评论ID,用户ID,用户名,用户粉丝数,评论内容,评论时间,回复数,点赞数
BV1a7MSzYE8h,2025-06-14 14:49:00,0,-623291872,31206620,还好吧哈哈,14,萌新好奇高官是怎么死的，暗杀还说的过去，导弹袭击死的也太厉害了吧[笑哭],2025-06-15 04:38:00,11,4
BV1a7MSzYE8h,2025-06-14 14:49:00,-623291872,-622948000,13424508,No泡泡光,13,信息呗,2025-06-15 04:42:00,0,0
BV1a7MSzYE8h,2025-06-14 14:49:00,-623291872,-622495872,334710342,我是混子王,11,应该是暗杀，导弹袭击有失败的风险,2025-06-15 04:45:00,0,0
BV1a7MSzYE8h,2025-06-14 14:49:00,-622495872,-621748672,88240813,横渡柒海的风,116,回复 @我是混子王 :就是导弹啊,2025-06-15 04:54:00,0,0
BV1a7MSzYE8h,2025-06-14 14:49:00,-623291872,-1674705023,4874563,ai天才,3,导弹从窗户钻家里炸死。,2025-06-15 04:46:00,0,0
BV1a7MSzYE8h,2025-06-14 14:49:00,-623291872,-622351424,4518608,优雅永不过时____,29,精确到了房间，直接无人机定点狙杀，连几点上厕所都知道了[笑哭],2025-06-15 04:47:00,0,5
BV1a7MSzYE8h,2025-06-14 14:49:00,-623291872,-622330016,160370942,五菱宏光之力,49,说是聚在一起开会然后一锅端了，所以肯定是内部要清洗,2025-06-15 04:48:00,0,4
BV1a7MSzYE8h,2025-06-14 14:49:00,-623291872,-620941904,188153949,一往如前愈挫愈奋,22,应该是有地面近距离引导的，不然也太准了，或者发射点比较近。,2025-06-15 05:02:00,0,0
BV1a7MSzYE8h,2025-06-14 14:49:00,-623291872,-620770384,31206620,还好吧哈哈,14,好像两地相隔4000多公里呢，哪里有无人机飞那么远[笑哭]在说导弹飞那么远还能精确到房间也是离谱[辣眼睛],2025-06-15 05:03:00,0,0
BV1a7MSzYE8h,2025-06-14 14:49:00,-620770384,-1300163583,384132961,心碎的奶盖,35,回复 @还好吧哈哈 :所以以色列这次打击被评是有可能被记载成教科书式打击,2025-06-19 04:54:00,0,0
BV1a7MSzYE8h,2025-06-14 14:49:00,-623291872,-288858400,125874603,嫑臉的,5,都被渗透成筛子了。。明显内奸出卖的。。这国家真神了。。比大清都抽象，大清还只是打不过才下跪。伊朗纯纯软骨头??,2025-06-18 13:55:00,0,0
BV1a7MSzYE8h,2025-06-14 14:49:00,-623291872,-1224340175,383497463,十亿红尘十亿仙2,8,有什么区别  有精准情报的话导弹威慑力更大,2025-06-20 01:52:00,0,0
