﻿视频BV号,视频发布日期,上级评论ID,评论ID,用户ID,用户名,用户粉丝数,评论内容,评论时间,回复数,点赞数
BV1a7MSzYE8h,2025-06-14 14:49:00,0,-601732112,387894006,神兔分离者,200,小约翰的理解,2025-06-15 08:44:00,17,128
BV1a7MSzYE8h,2025-06-14 14:49:00,-601732112,-1646688383,4179793,道尔顿蓝脸,58,比他视频做的有深度,2025-06-15 10:12:00,0,16
BV1a7MSzYE8h,2025-06-14 14:49:00,-1646688383,-593632752,387894006,神兔分离者,200,回复 @道尔顿蓝脸 :他受限于体量太大不敢随便输出观点,2025-06-15 10:13:00,0,55
BV1a7MSzYE8h,2025-06-14 14:49:00,-593632752,-1634925023,256376390,勾手老邓爷大肯,46,回复 @神兔分离者 :建议单开一个小号[doge_金箍],2025-06-15 12:17:00,0,1
BV1a7MSzYE8h,2025-06-14 14:49:00,-1634925023,-580545632,89090119,勇士花式中老年表演队,31,回复 @勾手老邓爷大肯 :你穿个马甲我就不认识你了？[吃瓜],2025-06-15 12:32:00,0,17
BV1a7MSzYE8h,2025-06-14 14:49:00,-580545632,-1627643343,256376390,勾手老邓爷大肯,46,回复 @勇士花式中老年表演队 :没事，两开花[doge_金箍],2025-06-15 13:35:00,0,0
BV1a7MSzYE8h,2025-06-14 14:49:00,-1646688383,-556896880,384163018,555pne,27,回复 @道尔顿蓝脸 :输出观点容易封圣封牢，少说就少错[笑哭],2025-06-15 16:45:00,0,11
BV1a7MSzYE8h,2025-06-14 14:49:00,-556896880,-555712656,13124319,刘寒叙,139,回复 @555pne :确实，耗子最聪明的就是这点，身为一个知识区up，以整活科普为吃饭的手艺，但他几乎不会在视频里提到任何时政热点，也不会在视。频里明确的向观众输出任何观点，即便输出也是绝对的主流价值观，说实话真的是有智慧。,2025-06-15 17:01:00,0,16
BV1a7MSzYE8h,2025-06-14 14:49:00,-601732112,-590295296,163239703,北洛蓝,26,可汗什么都知道，但做的视频还是比较诙谐的[笑哭],2025-06-15 10:49:00,0,34
BV1a7MSzYE8h,2025-06-14 14:49:00,-590295296,-1597543951,1113695,苍山云,5,回复 @北洛蓝 :治理通辽的宇宙大帝能没两把刷子吗[滑稽],2025-06-16 00:13:00,0,3
BV1a7MSzYE8h,2025-06-14 14:49:00,-601732112,-1629501327,675275693,锦玉三维,44,我看完了[doge],2025-06-15 13:18:00,0,1
BV1a7MSzYE8h,2025-06-14 14:49:00,-601732112,-1623579999,181719978,污渍为什么是神,27,看完了，挺认同的，伊朗现政体实在是太奇葩了，能持续才奇怪,2025-06-15 14:20:00,0,11
BV1a7MSzYE8h,2025-06-14 14:49:00,-601732112,-555053280,6703124,yuenyuenyuen,46,耗子是机灵鬼啊,2025-06-15 17:13:00,0,3
BV1a7MSzYE8h,2025-06-14 14:49:00,-601732112,-1607020207,141547961,鸠巢咖啡豆,3,耗子还是蛮有水平的,2025-06-15 17:52:00,0,3
BV1a7MSzYE8h,2025-06-14 14:49:00,-601732112,-1606421903,38352574,廊屋君,59,[思考]很透彻，比我想的深刻。有些东西让人深省，马哲没白学。,2025-06-15 18:04:00,0,0
BV1a7MSzYE8h,2025-06-14 14:49:00,-601732112,-550516496,488454132,大蛇丸和许仙,5,没记错的话，伊朗是有“小族治大国”的问题的，统治的教士集团，是来自阿塞拜疆族的教士集团，和小约翰开头的说法不一致。但是吧，这一整更像带清了。,2025-06-15 18:58:00,0,6
BV1a7MSzYE8h,2025-06-14 14:49:00,-550516496,-538228256,110753425,admiral0213,10,回复 @大蛇丸和许仙 :卢克文的说法不准确，霍梅尼就不是阿塞拜疆人,2025-06-16 01:53:00,0,0
BV1a7MSzYE8h,2025-06-14 14:49:00,-601732112,-540752912,33784500,飞翔的小圆圈,19,[doge],2025-06-16 01:06:00,0,0
