﻿视频BV号,视频发布日期,上级评论ID,评论ID,用户ID,用户名,用户粉丝数,评论内容,评论时间,回复数,点赞数
BV1ApNazxEQE,2025-06-16 23:24:00,0,-1503222831,29254152,三一三つ,21,弱者还能发弹向强已经超过大多数了，敢把以色去城市化的都是蓝星硬汉,2025-06-17 01:24:00,7,25
BV1ApNazxEQE,2025-06-16 23:24:00,-1503222831,-1499829839,271301891,远古那条河,11,伊朗承认自己弱嘛,2025-06-17 02:19:00,0,2
BV1ApNazxEQE,2025-06-16 23:24:00,-1499829839,-1487449519,29254152,三一三つ,21,回复 @远古那条河 :你们说风凉话的承认就行了,2025-06-17 04:50:00,0,5
BV1ApNazxEQE,2025-06-16 23:24:00,-1503222831,-424894304,87791118,bili_997007996,1,这位外国的人，麻烦学好中文再来发言吧，你这谷歌翻译的啥啊,2025-06-17 05:47:00,0,2
BV1ApNazxEQE,2025-06-16 23:24:00,-424894304,-1475754719,3494353471277671,细品街头,0,回复 @bili_997007996 : 小鸵鸟再来展示你的脱离术呀,2025-06-17 07:29:00,0,0
BV1ApNazxEQE,2025-06-16 23:24:00,-424894304,-1397307343,327698880,三分射手三井寿13,21,回复 @bili_997007996 :这语文说得一塌糊涂，小学都没学好，不知道在表达什么,2025-06-18 04:11:00,0,0
BV1ApNazxEQE,2025-06-16 23:24:00,-1397307343,-1391066079,3494353471277671,细品街头,0,回复 @三分射手三井寿13 : 你们小文盲当然用不着知道,2025-06-18 05:15:00,0,0
BV1ApNazxEQE,2025-06-16 23:24:00,-1503222831,-1310985407,658362,流星小小,4,在中东伊朗真不弱,2025-06-19 02:43:00,0,0
