﻿视频BV号,视频发布日期,上级评论ID,评论ID,用户ID,用户名,用户粉丝数,评论内容,评论时间,回复数,点赞数
BV1ahNvzmEoz,2025-06-17 10:00:00,0,-1298825839,32634270,何日才能像三叶草一样,36,别人指责以色列不道德，朗哥可是真出手啊,2025-06-19 05:09:00,6,20
BV1ahNvzmEoz,2025-06-17 10:00:00,-1298825839,-238979264,71307,伊津津美是奶牛猫,48,废话，朗哥是真的挨了一下狠的，头破血流脑震荡了都，再不急眼那也别混了[笑哭],2025-06-19 05:12:00,0,41
BV1ahNvzmEoz,2025-06-17 10:00:00,-1298825839,-129121008,39944324,念香yhx,15,大伙都是一起口嗨，就他挨了一锤，能不气吗,2025-06-20 09:11:00,0,9
BV1ahNvzmEoz,2025-06-17 10:00:00,-1298825839,-67532096,2052536624,神洲第三共和国,44,人家都被扇耳光了，是可忍孰不可忍啊[笑哭][笑哭][笑哭],2025-06-21 00:32:00,0,4
BV1ahNvzmEoz,2025-06-17 10:00:00,-1298825839,-67386544,28487538,赞妮_不想996,455,被打急眼了，能不出手吗？[笑哭],2025-06-21 00:35:00,0,0
BV1ahNvzmEoz,2025-06-17 10:00:00,-1298825839,-1096942047,392569062,大林达瓦里氏,100,都挨一闷棍了不还手,2025-06-21 07:31:00,0,0
BV1ahNvzmEoz,2025-06-17 10:00:00,-1298825839,-901119551,320574291,十二天篆,11,废话再不来就要死了[笑哭],2025-06-23 06:17:00,0,0
