﻿视频BV号,视频发布日期,上级评论ID,评论ID,用户ID,用户名,用户粉丝数,评论内容,评论时间,回复数,点赞数
BV1aANRzqE5d,2025-06-22 10:19:00,0,-922612255,6660863,年糕呀呀呀_,26,不急，再等等[妙啊],2025-06-23 01:45:00,41,749
BV1aANRzqE5d,2025-06-22 10:19:00,-922612255,-919331103,79343161,起舞迎光草,4,局座高见,2025-06-23 02:36:00,0,105
BV1aANRzqE5d,2025-06-22 10:19:00,-919331103,-909427279,24698,snowsong,727,回复 @起舞迎光草 : 要不要去看看他解说沙漠风暴的录像？,2025-06-23 04:34:00,0,0
BV1aANRzqE5d,2025-06-22 10:19:00,-922612255,149046320,1147996617,痴呆蛋仔,30,局座高见[点赞],2025-06-23 02:37:00,0,29
BV1aANRzqE5d,2025-06-22 10:19:00,-922612255,-919352767,1519625176,你的哑巴队友,3,局座高见！,2025-06-23 02:38:00,0,23
BV1aANRzqE5d,2025-06-22 10:19:00,-922612255,149471376,380509934,J1ong5en,73,这是真高见,2025-06-23 02:41:00,0,30
BV1aANRzqE5d,2025-06-22 10:19:00,-922612255,-919056959,4196260,道爷罗丽控,20,"局座：祝世界和平～
世界：冲我来了[惊讶]",2025-06-23 02:42:00,0,89
BV1aANRzqE5d,2025-06-22 10:19:00,-922612255,150307200,24979329,文件运行助手,60,这局座肯定是假的 真的局座不会这样说,2025-06-23 02:55:00,0,17
BV1aANRzqE5d,2025-06-22 10:19:00,150307200,162456912,3546826949003608,归炁如云,39,回复 @文件运行助手 :并没有，以前局座公开讲过这个，尤其是蓝色部分我记得很清楚,2025-06-23 05:08:00,0,0
BV1aANRzqE5d,2025-06-22 10:19:00,150307200,-905947375,25769359,hgrj,65,回复 @文件运行助手 :我翻了微博确实是局座发的,2025-06-23 05:10:00,0,1
BV1aANRzqE5d,2025-06-22 10:19:00,150307200,-857229551,436193975,吴大钊的核雕,1135,回复 @文件运行助手 :他退休了，可以说,2025-06-23 14:42:00,0,0
BV1aANRzqE5d,2025-06-22 10:19:00,-922612255,151156176,35638,魂魄饼梦,2063,好久不见的因果律武器[惊讶],2025-06-23 03:05:00,0,7
BV1aANRzqE5d,2025-06-22 10:19:00,-922612255,-916472815,13011481,月落狐鸣,164,因果律武器还在头顶回旋[滑稽],2025-06-23 03:17:00,0,7
BV1aANRzqE5d,2025-06-22 10:19:00,-922612255,-915754447,12664757,来自纽约的JOJO,212,谁看了不得说一句 局座高见[点赞],2025-06-23 03:26:00,0,4
BV1aANRzqE5d,2025-06-22 10:19:00,-922612255,-914578655,24659460,绝望的无奈,26,局座这么说，说明当时真不会打起来，没想到特朗普4年后又来了一回[doge],2025-06-23 03:40:00,0,9
BV1aANRzqE5d,2025-06-22 10:19:00,-922612255,154271264,17814947,庸劣,19,老二呢，拉一把啊,2025-06-23 03:45:00,0,1
BV1aANRzqE5d,2025-06-22 10:19:00,-922612255,154721184,4072611,核动力加农炮,231,因果律武器发动了，原来现在的一切在五年前就已经决定好的,2025-06-23 03:50:00,0,5
BV1aANRzqE5d,2025-06-22 10:19:00,-922612255,-912191055,336315597,今天吃饭了吗____,17,局座高见,2025-06-23 04:07:00,0,0
BV1aANRzqE5d,2025-06-22 10:19:00,-922612255,-912223375,29050888,莫言下山,70,还得是特离谱行啊 只有他能搞死美国,2025-06-23 04:08:00,0,3
BV1aANRzqE5d,2025-06-22 10:19:00,-922612255,-907644495,454060781,最爱柊真昼了,245,发高见的感觉没啥独立思考能力,2025-06-23 04:52:00,0,0
BV1aANRzqE5d,2025-06-22 10:19:00,-907644495,-904133311,94904852,鵜飼沙樹,108,回复 @最爱柊真昼了 :不发高见发什么？发下见吗？还是你有高见在20年也发过对美国预言的言论？,2025-06-23 05:33:00,0,8
BV1aANRzqE5d,2025-06-22 10:19:00,-907644495,-903003183,3546779154909353,宽心i,53,回复 @最爱柊真昼了 :见识见识你的思考[思考],2025-06-23 05:47:00,0,5
BV1aANRzqE5d,2025-06-22 10:19:00,-907644495,-900873583,1595939155,陛下何故要造反啊,5,回复 @最爱柊真昼了 :人家在玩梗，就你当真了[滑稽],2025-06-23 06:21:00,0,0
BV1aANRzqE5d,2025-06-22 10:19:00,-907644495,172217648,433338004,巨型-胖猫,453,回复 @最爱柊真昼了 :而事实在于，坚信自己在独立思考并以此为重要信条的人往往最不拥有它,2025-06-23 07:21:00,0,5
BV1aANRzqE5d,2025-06-22 10:19:00,172217648,-876347039,389098,doloop,5335,回复 @巨型-胖猫 : 劝你独立思考的人往往不是真的希望你能独立思考，而是嫌你没学着和他一样“独立”思考,2025-06-23 11:23:00,0,1
BV1aANRzqE5d,2025-06-22 10:19:00,-907644495,-857600527,267661376,如梦呢喃叹浮生,32,回复 @最爱柊真昼了 : 今人嗤点流传赋，不觉前贤畏后生。好自为之,2025-06-23 14:39:00,0,0
BV1aANRzqE5d,2025-06-22 10:19:00,-907644495,-856935599,547535499,阿克柰紫,0,回复 @最爱柊真昼了 : 那你的独立思考是什么？在这里发“独立思考”就是你的独立思考？,2025-06-23 14:46:00,0,0
BV1aANRzqE5d,2025-06-22 10:19:00,-922612255,-904233295,94904852,鵜飼沙樹,108,我嘞个豆啊??,2025-06-23 05:32:00,0,0
BV1aANRzqE5d,2025-06-22 10:19:00,-922612255,165095552,359754521,古_彬,1,有个前提是美国在中东局部战争不能赢，或者不能赢的太舒服，如果中东被轻而易举推平，美元的国际地位会再次巩固，但是目前来看美国不使用反人道武器的前提下貌似并没有横推整个中东的实力，所以美国一旦下场必然开始经济大衰退[doge],2025-06-23 05:38:00,0,0
BV1aANRzqE5d,2025-06-22 10:19:00,-922612255,-897834959,236702062,NaNaFried,199,最骚的是搞事情的人正是他动态图片里面的特朗普，5年过去了还是这位懂王整狠活,2025-06-23 07:04:00,0,0
BV1aANRzqE5d,2025-06-22 10:19:00,-922612255,-896309775,8879455,不是naizi是奈亚子哒,7,印度:马上就到我登台了吧？[歪嘴],2025-06-23 07:25:00,0,0
BV1aANRzqE5d,2025-06-22 10:19:00,-922612255,-889802943,339715959,阿陀蛮,35,川普当时不打，是因为觉得贸易战手段可能解决一部分问题，然而结果就是，他干了一届，发现完全带不动，那还不如大家一起找乐子呢,2025-06-23 08:56:00,0,0
BV1aANRzqE5d,2025-06-22 10:19:00,-922612255,-877749487,389098,doloop,5335,局座还预言老特任内鹰酱的GDP会跌到第二，当老特第一届下去的时候觉得局座预言没成，现在看了是我浅薄了[喜极而泣],2025-06-23 11:10:00,0,1
BV1aANRzqE5d,2025-06-22 10:19:00,-922612255,192489136,384066670,家有父母妻儿,26,是局座！！！,2025-06-23 11:18:00,0,0
BV1aANRzqE5d,2025-06-22 10:19:00,-922612255,203614032,1841901042,再见时仍怦然心动,5,这老头眼光真毒,2025-06-23 13:12:00,0,0
BV1aANRzqE5d,2025-06-22 10:19:00,-922612255,-863846895,3546907842447673,苏苏苏苏谢,0,这个预言没什么难度，2020已经在打贸易战了。局部战争美国经常打，现在还没打都有人说中国已经第一了，只要愿意相信，打没打局部战争都是美国第二,2025-06-23 13:34:00,0,0
BV1aANRzqE5d,2025-06-22 10:19:00,-863846895,-863486863,117087,言葉之刃,46,回复 @苏苏苏苏谢 :我已成为哔哩哔哩第245444431位转正会员，挑战转正答题考试获得60分。,2025-06-23 13:37:00,0,0
BV1aANRzqE5d,2025-06-22 10:19:00,-922612255,-863225439,35632258,有之趣,200,局座高见！,2025-06-23 13:40:00,0,0
BV1aANRzqE5d,2025-06-22 10:19:00,-922612255,217240448,514543810,愿中华千秋万载,2,牛逼呀 果然真正聪明有见识的人看得远些,2025-06-23 15:30:00,0,0
BV1aANRzqE5d,2025-06-22 10:19:00,-922612255,-845700383,56867576,唐丿长老,9,我说局座高见,2025-06-23 17:02:00,0,0
BV1aANRzqE5d,2025-06-22 10:19:00,-922612255,-845599119,670855559,Mika世界最可爱,382,我说局座高见,2025-06-23 17:05:00,0,0
BV1aANRzqE5d,2025-06-22 10:19:00,-922612255,-843640415,1730166,娘宫春日的忧郁,17,局座高见,2025-06-23 17:40:00,0,0
