﻿视频BV号,视频发布日期,上级评论ID,评论ID,用户ID,用户名,用户粉丝数,评论内容,评论时间,回复数,点赞数
BV1ajMmz4Egg,2025-06-14 09:54:00,0,-1749989247,700203862,灞儿波奔奔,14,从今天的新闻来看，伊朗的打击也多少有点伤害，看后续吧！,2025-06-14 10:04:00,10,7
BV1ajMmz4Egg,2025-06-14 09:54:00,-1749989247,-698450256,1820808642,直入江门玩足七天,23,并非厉害,2025-06-14 10:15:00,0,16
BV1ajMmz4Egg,2025-06-14 09:54:00,-1749989247,-697958896,108194220,诸葛小小小小力,35,挠痒痒一样,2025-06-14 10:20:00,0,18
BV1ajMmz4Egg,2025-06-14 09:54:00,-1749989247,-1748240431,14239389,焕画成疯,56,放烟花的水平,2025-06-14 10:21:00,0,15
BV1ajMmz4Egg,2025-06-14 09:54:00,-1749989247,-697641104,642575305,摸鱼的葡式蛋_挞,21,60人….受伤。。。,2025-06-14 10:23:00,0,11
BV1ajMmz4Egg,2025-06-14 09:54:00,-1749989247,-697057840,3546568821049500,RyanPaoJoJo,10,以色列反击了。从战报上看，伊朗更伤....,2025-06-14 10:29:00,0,3
BV1ajMmz4Egg,2025-06-14 09:54:00,-1749989247,-1746427423,267106496,摆烂养花的会计学老师,179,打了一圈发现一个人都没打死，就离谱,2025-06-14 10:39:00,0,4
BV1ajMmz4Egg,2025-06-14 09:54:00,-1749989247,-1746319183,34183650,想不到好名字的我无可奈何,21,伊朗军方高层和核专家伤亡+被渗透成筛子已经接近无了,2025-06-14 10:41:00,0,5
BV1ajMmz4Egg,2025-06-14 09:54:00,-1746319183,-1745724575,700203862,灞儿波奔奔,14,回复 @想不到好名字的我无可奈何 :毕竟刚被团灭了，就算是先回击一波做个样子，也好过就升旗打几个无人机吧，导弹也没打往无人区，现在的朗子，又还能有什么高要求??,2025-06-14 10:47:00,0,1
BV1ajMmz4Egg,2025-06-14 09:54:00,-1745724575,-1745342815,21205558,,59,回复 @灞儿波奔奔 :对立这么久，年年暗杀轰炸，就没有过几个反击计划，被人炸了还得商量几天，下次梅卡瓦都到德黑兰了还在商量,2025-06-14 10:51:00,0,2
BV1ajMmz4Egg,2025-06-14 09:54:00,-1749989247,-1740335263,336458150,山人末方,3,有个屁的伤害，你觉得夜壶会在乎这个？对于夜壶来说打的越大越好。,2025-06-14 11:41:00,0,0
