﻿视频BV号,视频发布日期,上级评论ID,评论ID,用户ID,用户名,用户粉丝数,评论内容,评论时间,回复数,点赞数
BV1ahNvzmEoz,2025-06-17 10:00:00,0,-401820032,260067826,鹿DeEr-Lu,405,竟然以色列有核，为何害怕伊朗研究核呢[思考],2025-06-17 10:46:00,11,2
BV1ahNvzmEoz,2025-06-17 10:00:00,-401820032,-401411472,439924614,没有表情看头像,15,我可以核你，你不能核我。,2025-06-17 10:48:00,0,19
BV1ahNvzmEoz,2025-06-17 10:00:00,-401820032,-400857120,524118706,装甲尼粶,108,就它那点屁大的地方，能不慌吗？[藏狐],2025-06-17 10:55:00,0,18
BV1ahNvzmEoz,2025-06-17 10:00:00,-401820032,-1457328687,1473105697,嘎嘎乱爆,5,没纵深，吃几发就没了,2025-06-17 11:13:00,0,9
BV1ahNvzmEoz,2025-06-17 10:00:00,-1457328687,-360790304,43945201,曾经我叫孙日天丶,0,回复 @嘎嘎乱爆 :别，一发都能影响到邻国,2025-06-17 19:37:00,0,0
BV1ahNvzmEoz,2025-06-17 10:00:00,-401820032,-396525408,87139828,陈皮君ACE,75,感觉美帝偷偷卖核很多自己小弟，你也不知道啊，保命才会拿出来同归于尽[doge_金箍],2025-06-17 11:39:00,0,1
BV1ahNvzmEoz,2025-06-17 10:00:00,-401820032,-396465376,3546899772606906,人群知名靓崽,0,他没纵深啊，伊朗再弱面积也是他的大几十倍。,2025-06-17 11:40:00,0,6
BV1ahNvzmEoz,2025-06-17 10:00:00,-401820032,-1451047967,349689661,昨夜雨疏風驟,15,这东西本来就是我有你不能有，你看东欧不管谁想研究核的话俄罗斯会不会翻脸,2025-06-17 12:20:00,0,1
BV1ahNvzmEoz,2025-06-17 10:00:00,-401820032,-382043952,380432039,大溪地的猕猴桃,25,以有没有核也是个迷啊,2025-06-17 14:09:00,0,0
BV1ahNvzmEoz,2025-06-17 10:00:00,-401820032,-368831056,564690715,平南薛小侯,51,俄罗斯经济拉跨成那样，依然是如今的国际地位，因为他有核且有核反击能力，这就等于随时可以跟你同归于尽[笑哭]你就不可能惹得起了。而有核打无核属于降维打击，就以色列那国土面积，伊朗即使就搞出来这三发，也基本够他亡国了。,2025-06-17 16:31:00,0,3
BV1ahNvzmEoz,2025-06-17 10:00:00,-401820032,-1425185631,41485960,刘啊刘啊刘老师,14,美苏有核，不也曾经商量对中国饱和核打击么,2025-06-17 17:13:00,0,1
BV1ahNvzmEoz,2025-06-17 10:00:00,-401820032,-1417216223,53278352,海洋的绿宝石,35,狗从来都是双标啊,2025-06-17 22:20:00,0,1
