﻿视频BV号,视频发布日期,上级评论ID,评论ID,用户ID,用户名,用户粉丝数,评论内容,评论时间,回复数,点赞数
BV1ahNvzmEoz,2025-06-17 10:00:00,0,-1417071807,111766496,风见基德,40,美国SD导弹年产量50枚，爱国者70枚；然后被稀土制裁后是真没产量了，有的几乎全给以死列了！[吃瓜],2025-06-17 22:27:00,16,46
BV1ahNvzmEoz,2025-06-17 10:00:00,-1417071807,-1394218015,47380470,阿呆仔嘿嘿嘿,1,所以，美国在签收乌克兰的稀土矿了,2025-06-18 04:43:00,0,4
BV1ahNvzmEoz,2025-06-17 10:00:00,-1394218015,-1391802975,430982193,奔跑的6号,5,回复 @阿呆仔嘿嘿嘿 :矿不是问题，关键是提炼，除了中国，其他国家没有这个能力,2025-06-18 05:06:00,0,29
BV1ahNvzmEoz,2025-06-17 10:00:00,-1391802975,-291428736,297185845,淘石君,33,回复 @奔跑的6号 :稀有金属是炼铝工业副产品，炼铝需要大量能源，我们最不缺的就是能源。,2025-06-18 13:28:00,0,3
BV1ahNvzmEoz,2025-06-17 10:00:00,-1394218015,-1383283183,316086494,本人汉堡王蟹老板,28,回复 @阿呆仔嘿嘿嘿 :稀土很多国家都有，缺得是怎么分离出来,2025-06-18 07:00:00,0,13
BV1ahNvzmEoz,2025-06-17 10:00:00,-1394218015,-321164336,1796995314,风海同游,12,回复 @阿呆仔嘿嘿嘿 :缺的是完整的生产链,2025-06-18 07:47:00,0,9
BV1ahNvzmEoz,2025-06-17 10:00:00,-1394218015,-1377363823,2333760,superoooxiang,4,回复 @阿呆仔嘿嘿嘿 :矿产很多都在鹅占区，不是想拿就拿的,2025-06-18 08:26:00,0,9
BV1ahNvzmEoz,2025-06-17 10:00:00,-1394218015,-305258624,34122140,勤俭持家牛德川,23,回复 @阿呆仔嘿嘿嘿 :矿，基本上都在俄占区[笑哭],2025-06-18 10:58:00,0,10
BV1ahNvzmEoz,2025-06-17 10:00:00,-1394218015,-1361448815,1806630293,type30,41,回复 @阿呆仔嘿嘿嘿 :他现在开始勘探开发，也得十年以上拿到能用于武器的高纯度稀土产品,2025-06-18 11:26:00,0,4
BV1ahNvzmEoz,2025-06-17 10:00:00,-1394218015,-282343632,9950217,缘分与命运,51,回复 @阿呆仔嘿嘿嘿 :[吃瓜]你该不会以为稀土是一种矿把，挖出来就有,2025-06-18 15:02:00,0,3
BV1ahNvzmEoz,2025-06-17 10:00:00,-1394218015,-1326907535,540236361,BlueFreer,3,回复 @阿呆仔嘿嘿嘿 :你以为我们现在用的稀土矿石都是我们自家的？[笑哭],2025-06-18 18:49:00,0,2
BV1ahNvzmEoz,2025-06-17 10:00:00,-1394218015,-1293990335,37741756,hsxisoz,15,回复 @阿呆仔嘿嘿嘿 :你大概不明白为何我们能制裁大漂亮稀土，因为能大规模提炼的只有我们，而不是全世界只有我们稀土，就算它大漂亮别的地方买了100万吨稀土它都没技术没能力提炼。[吃瓜],2025-06-19 06:17:00,0,6
BV1ahNvzmEoz,2025-06-17 10:00:00,-1394218015,-1276429999,3546822033279265,远奈九理香,4,回复 @阿呆仔嘿嘿嘿 :那你签了炼呗，咱不给炼他一年产量能有80kg（说的还不是单种，还是指所以加起来能凑80kg）都算中国输了,2025-06-19 10:20:00,0,2
BV1ahNvzmEoz,2025-06-17 10:00:00,-1394218015,-1276196927,3546822033279265,远奈九理香,4,回复 @阿呆仔嘿嘿嘿 :顺带告诉你，一吨稀土矿也就不过几十克稀土罢了，还要起码烧掉足够上数万人一天的日常用电量，让他烧他都烧不起,2025-06-19 10:23:00,0,5
BV1ahNvzmEoz,2025-06-17 10:00:00,-1417071807,-1362204111,520572586,蜀山12020,24,无知真可怕,2025-06-18 11:17:00,0,3
BV1ahNvzmEoz,2025-06-17 10:00:00,-1362204111,-1270062415,280607388,_Fus--Ro--Dah_,58,回复 @蜀山12020 :懂哥又来了,2025-06-19 11:30:00,0,2
BV1ahNvzmEoz,2025-06-17 10:00:00,-1417071807,-1354376255,5404160,saruri,36,这点妙啊 耗光库存 他们就没戏唱了,2025-06-18 12:45:00,0,1
