﻿视频BV号,视频发布日期,上级评论ID,评论ID,用户ID,用户名,用户粉丝数,评论内容,评论时间,回复数,点赞数
BV1ahNvzmEoz,2025-06-17 10:00:00,0,-404032224,1559126,默爱,16,老美说要下场,2025-06-17 10:22:00,14,43
BV1ahNvzmEoz,2025-06-17 10:00:00,-404032224,-1460658975,395517097,奔袭一路,25,老美好像有大量空中加油机飞过去了,2025-06-17 10:39:00,0,9
BV1ahNvzmEoz,2025-06-17 10:00:00,-1460658975,-402032352,448190238,海盗六芒星,14,回复 @奔袭一路 :英法德的加油机也过去了,2025-06-17 10:42:00,0,3
BV1ahNvzmEoz,2025-06-17 10:00:00,-404032224,-401404352,382723627,平平无奇的aaa,15,老美如果入局中东，那泽圣的日子就难咯。到时候能源再涨价，靠欧洲那点可怜的军火老毛子怕不是真要拿八个州跟乌克兰谈判了,2025-06-17 10:49:00,0,23
BV1ahNvzmEoz,2025-06-17 10:00:00,-401404352,-1458625647,11002664,11002664,22,回复 @平平无奇的aaa :小看老毛子的胃口了吧[吃瓜]老美进中东？毛子直接连谈判都不给了，你信不信？之前就以司机的合法性还拒绝谈判。,2025-06-17 11:00:00,0,9
BV1ahNvzmEoz,2025-06-17 10:00:00,-404032224,-399130064,29717145,月音满月,39,不会轻易出手 只会象征的帮忙,2025-06-17 11:12:00,0,1
BV1ahNvzmEoz,2025-06-17 10:00:00,-404032224,-1456439071,3493114754894683,医海无边回头是岸,147,不会出兵，只会给东西+后勤,2025-06-17 11:23:00,0,1
BV1ahNvzmEoz,2025-06-17 10:00:00,-1456439071,-397741712,3546914859518319,季红纱,0,回复 @医海无边回头是岸 :俄罗斯撤侨了。中国发布顶端警告，要求华侨离开，只是军队没有出动,2025-06-17 11:27:00,0,1
BV1ahNvzmEoz,2025-06-17 10:00:00,-404032224,-89774896,76610730,梦想作家插画师,15,哥们转业五年了，武装部今天打电话找我备案[辣眼睛],2025-06-20 15:34:00,0,0
BV1ahNvzmEoz,2025-06-17 10:00:00,-404032224,-1150299023,478944854,urbane_dandy,13,中俄不会允许老美亲自下场的，顶多打辅助，老美真下场真能把伊朗打死，这样中东就不好办了，油价涨起来就不好了,2025-06-20 16:06:00,0,1
BV1ahNvzmEoz,2025-06-17 10:00:00,-1150299023,-51704240,6971700,一个人梦游仙境,121,回复 @urbane_dandy :伊朗可不是阿富汗，幅员辽阔，人口也超过一亿，美国在阿富汗的教训还不够吗？而且伊朗的军事实力不是阿富汗可比的。,2025-06-21 03:55:00,0,0
BV1ahNvzmEoz,2025-06-17 10:00:00,-51704240,-1113891231,478944854,urbane_dandy,13,回复 @一个人梦游仙境 :对于一个历史悠久人口众多的大国，要怎么才能毁灭他呢？当然是——分裂,2025-06-21 04:17:00,0,0
BV1ahNvzmEoz,2025-06-17 10:00:00,-1113891231,19693056,55073947,飞羽飘凌,116,回复 @urbane_dandy :参考南斯拉夫联盟。。。,2025-06-21 16:21:00,0,0
BV1ahNvzmEoz,2025-06-17 10:00:00,-1150299023,14145056,402706540,莴笋颠颠儿,26,回复 @urbane_dandy :现在的老美你还以为是90年代的老美？,2025-06-21 15:22:00,0,0
BV1ahNvzmEoz,2025-06-17 10:00:00,-404032224,-1145668255,28876485,Moira丿莫相离,140,顶多就是一些所谓的教官。派武器过去不可能会直接派军队过去的，他想啥呢？怕,2025-06-20 17:07:00,0,0
