﻿视频BV号,视频发布日期,上级评论ID,评论ID,用户ID,用户名,用户粉丝数,评论内容,评论时间,回复数,点赞数
BV1aANRzqE5d,2025-06-22 10:19:00,0,-960832911,403359788,送我一朵小白花氵,63,现在伊朗还团结了，考验伊朗的时候到了，现在要是不团结，亡国不远了,2025-06-22 13:13:00,10,76
BV1aANRzqE5d,2025-06-22 10:19:00,-960832911,-941085167,143706357,neGOP,7,以色列的雄狮崛起行动中的雄狮指的就是波斯人崛起[笑哭],2025-06-22 16:43:00,0,8
BV1aANRzqE5d,2025-06-22 10:19:00,-960832911,-939206799,2747960,酷爱蓝白,7,伊朗有几千年的历史古代战乱不断都没灭国现代文明社会下更不可能灭国，消灭一个国家等于挑起第三次世界大战,2025-06-22 17:16:00,0,8
BV1aANRzqE5d,2025-06-22 10:19:00,-960832911,-938585551,3546621325347070,演唱会门票把把中,0,没那么容易的，伊朗是完整工业国，武器都自给自足的，又有战略纵深可以拉扯，哪有你说的那么脆弱,2025-06-22 17:25:00,0,13
BV1aANRzqE5d,2025-06-22 10:19:00,-938585551,-922772095,403359788,送我一朵小白花氵,63,回复 @演唱会门票把把中 :我记得叙利亚之前也是很不错的，还有毛子驻军，十多年下来还不是玩儿完了，这么多年制裁下来，如果内战打起来，伊朗前景不容乐观,2025-06-23 01:42:00,0,0
BV1aANRzqE5d,2025-06-22 10:19:00,-922772095,-878071583,171825975,嫑四散物,5,回复 @送我一朵小白花氵 :叙利亚相当于你们村的贫困户，还靠低保过日子。伊朗相当于你村的小老板，能自己生产东西，而且还有资源。这两个差的多了,2025-06-23 11:06:00,0,0
BV1aANRzqE5d,2025-06-22 10:19:00,-960832911,132245968,179371529,叉烧油鸡佬,9,帝国坟场2.0，进去容易出来难,2025-06-22 18:32:00,0,2
BV1aANRzqE5d,2025-06-22 10:19:00,132245968,-926836783,390531581,人是暖暖的心是冰冰的,35,回复 @叉烧油鸡佬 :伊朗那个地形纯属帝国坟场至臻版,2025-06-23 00:28:00,0,0
BV1aANRzqE5d,2025-06-22 10:19:00,-960832911,-927994927,201396180,jiamian3819,3,"伊朗想要体面，就给他体面。伊朗要是不想要体面，就拆分他，重塑他，帮他体面。
战场一直都在伊朗，不论他想不想。",2025-06-23 00:03:00,0,1
BV1aANRzqE5d,2025-06-22 10:19:00,-960832911,144287600,38560410,鼠鼠我呀呀哈,434,亡不了的，真要到那地步，五常里老中和毛子首先会干预的，而且一个拥核国家，还是完整工业国，一旦真要到那地步，那就是你死我死的地步，美国不敢这么整，现在就是看看伊朗会不会急。,2025-06-23 01:21:00,0,0
BV1aANRzqE5d,2025-06-22 10:19:00,144287600,-922977647,403359788,送我一朵小白花氵,63,回复 @真说了你又不高兴 :只要出来一个武装反对派，结果跟叙利亚一样一样的,2025-06-23 01:39:00,0,0
