﻿视频BV号,视频发布日期,上级评论ID,评论ID,用户ID,用户名,用户粉丝数,评论内容,评论时间,回复数,点赞数
BV1ahKuzyERV,2025-06-24 04:48:00,0,-812238271,651697782,林春代雪,90,没意思，要打就打到底嘛,2025-06-24 05:10:00,6,2
BV1ahKuzyERV,2025-06-24 04:48:00,-812238271,264245200,9372210,龙崎sak,21,装备缺了 补充补充 美国好不容易正式下场了 不可能停火的,2025-06-24 06:15:00,0,1
BV1ahKuzyERV,2025-06-24 04:48:00,-812238271,-805305327,3546921234860491,无敌加暴击,1,双方都没东西了，打不下去了，必须得找个理由。否则突然莫名其妙停火很尴尬[偷笑],2025-06-24 06:41:00,0,0
BV1ahKuzyERV,2025-06-24 04:48:00,-812238271,-794214399,430113289,夜灵prime,64,论持久战嘛,2025-06-24 09:18:00,0,0
BV1ahKuzyERV,2025-06-24 04:48:00,-812238271,282896688,1161501402,琥珀的力量,5,2国领土不接壤，就算真打崩对面也没收益，为了一口气就赌国运?,2025-06-24 10:14:00,0,0
BV1ahKuzyERV,2025-06-24 04:48:00,-812238271,284078000,3546846452517813,晶体管点焊机,2,马上美国又要给以色列运装备，装备到位就继续偷袭,2025-06-24 10:26:00,0,1
BV1ahKuzyERV,2025-06-24 04:48:00,-812238271,-776529615,552848391,兴致丹丹FA35,105,以色列的老演技了，顶不住了，先中场停火，等美国儿子下场，然后再接着打，加沙就是这样子过的。伊朗早就看穿了，所以嘴巴上停火，手里的导弹没停过,2025-06-24 12:26:00,0,0
