﻿视频BV号,视频发布日期,上级评论ID,评论ID,用户ID,用户名,用户粉丝数,评论内容,评论时间,回复数,点赞数
BV1AfKwzVEga,2025-06-20 09:48:00,0,-124065680,3546824583416805,Hank3369,8,妳的中文真的太棒！！！,2025-06-20 10:06:00,7,151
BV1AfKwzVEga,2025-06-20 09:48:00,-124065680,-1152471391,620232973,巴山夜雨涨秋chi,21,自己丢的脸，自己找回来,2025-06-20 15:40:00,0,1
BV1AfKwzVEga,2025-06-20 09:48:00,-124065680,-1045965567,17245082,果啤小王子,208,中文确实可以，有点口音，无伤大雅。,2025-06-21 16:26:00,0,2
BV1AfKwzVEga,2025-06-20 09:48:00,-1045965567,20730464,16202336,东神O高歌,53,回复 @果啤小王子 :外国人说成这样很好了！要是中国人说成这样我会怀疑他得过小儿麻痹,2025-06-21 16:35:00,0,1
BV1AfKwzVEga,2025-06-20 09:48:00,-124065680,-1043092751,1924647868,恶魔嘚艺术,22,"一、2014年，维也纳谈判。时任美国国务卿克里拿出了一个东大和波斯的秘密贸易的记录。伊朗代表当场认账。导致华为被制裁、一碗粥带电子脚铐、中兴被罚几十亿美金、中石油石油天然气项目直接损失300多亿刀。为什么?原来波斯要用中企的罪证换美国冻结80亿美元的解冻。

二，2015年伊核协议+刚签，伊朗直接将和中国签的120亿刀基建合同撕掉，理由是欧洲标准更符合波斯利益。

三，2021年，双方签订25年的全面合作4，000亿刀协议，基建人民币结算，走昆仑银行+的特殊通道，但波斯央行却始终死活不亮自己的家底外汇储备及明细。结果2022年，波斯将东大近30%的货款，偷偷挪用买土耳其黄金和印度药品导致中企的炼化项目资金链断裂。

四，血口喷人。2024年莱西总统坠机，新总统穆克贝里刚上台，就大放厥词说中方4，000亿刀实际到账才300亿刀，把长期投资协议曲解成援助到账，说白了，赤裸裸的讹人。

五，直接出卖中企。伊朗对所有能源项目，都要51%的股权。在这个51%股权下，他们罪恶滔天1,将中方页岩气页岩油开采技术泄露给了俄罗斯;2，拿到中石化八套深海钻探设备。却说技术设备不达标，反手将这些设备的设计图跑去和美国埃克森美孚谈条件，直接白不说，还将中企技术泄露。

六，恰巴哈尔港。中企几乎被玩儿死。港口规划，从自贸区，变军事基地，再变石油储备中心，每次变都要中方追加投资，而且不做主权担保，使得中企在这里赔23亿美刀，到目前毛儿都没老着。七，老中看波斯太不靠谱，将战略重心转向了沙特。歌名卫队直接威胁东大，要破坏地区平衡让东大付出代价。东大呢?基于现实的条件，秘密撮合他们和沙特促成北京和解宣言，同意恢外交，共同开发油气田。然而协议墨迹未干。波斯就出售圣城~2导弹给某塞武装袭击沙特油田。这彻底破坏了东大为谈判斡旋作出的努力，赔上了信。

八，东大想卖给他们点先进武器，譬如预警机，交易尚未完成，东大的武器参数已经摆在了摩萨德的案头，搞得东大非常被动。",2025-06-21 17:05:00,0,0
BV1AfKwzVEga,2025-06-20 09:48:00,-124065680,24656656,399059300,Marico的猫猫头,37,天，你的评论居然触发机器人了[笑哭],2025-06-21 17:27:00,0,1
BV1AfKwzVEga,2025-06-20 09:48:00,24656656,-1036475103,294712453,猫偷嘤,332,回复 @Marico的猫猫头 :有没有可能就是这个蛙蛙带机器人过来的,2025-06-21 19:32:00,0,0
BV1AfKwzVEga,2025-06-20 09:48:00,-1036475103,35743760,399059300,Marico的猫猫头,37,回复 @猫偷嘤 :？神经,2025-06-21 23:43:00,0,0
