﻿视频BV号,视频发布日期,上级评论ID,评论ID,用户ID,用户名,用户粉丝数,评论内容,评论时间,回复数,点赞数
BV1aaMvzoEDN,2025-06-16 03:34:00,0,-530726384,544603322,卡哇嘉,7,应该扔大量的战术核弹！！！,2025-06-16 03:40:00,9,8
BV1aaMvzoEDN,2025-06-16 03:34:00,-530726384,-529863280,312274016,奔月飞,11,伊朗没有啊。,2025-06-16 03:51:00,0,2
BV1aaMvzoEDN,2025-06-16 03:34:00,-529863280,-1583047519,32805000,十拳老人,1226,回复 @奔月飞 :把提炼出来的浓缩铀装弹头里做成脏弹，可行吗？,2025-06-16 04:09:00,0,1
BV1aaMvzoEDN,2025-06-16 03:34:00,-1583047519,-1581614303,1765503969,小瑞与大魔王丶,79,回复 @十拳老人 :伊朗要是有一点也不至于被按着打，能反击已经好了,2025-06-16 04:25:00,0,0
BV1aaMvzoEDN,2025-06-16 03:34:00,-1581614303,-1579693567,32805000,十拳老人,1226,回复 @小瑞与大魔王丶 :不是说那浓缩工厂已经提炼武器级的浓缩铀了吗？假消息？,2025-06-16 04:46:00,0,1
BV1aaMvzoEDN,2025-06-16 03:34:00,-1579693567,-1578184927,1765503969,小瑞与大魔王丶,79,回复 @十拳老人 :不了解,2025-06-16 05:01:00,0,0
BV1aaMvzoEDN,2025-06-16 03:34:00,-1579693567,-500885360,22972921,CastleKin,78,回复 @十拳老人 :那是以色列说的，估计和洗衣粉一个水平,2025-06-16 10:08:00,0,1
BV1aaMvzoEDN,2025-06-16 03:34:00,-1583047519,-520898416,57856184,怜我江南不见风雪天,10,回复 @十拳老人 :扔了，伊朗就没了，他还没蠢到那个地步,2025-06-16 05:28:00,0,0
BV1aaMvzoEDN,2025-06-16 03:34:00,-530726384,-528208160,361331018,浅随枫,7,昨天看到一个视频，对以色列不适合采取核打击，因为地形狭长，就导弹这么炸着就好，以色列耗不起的。可以看看新西兰三妹最新一期沈逸老师的视频。@新西兰三妹Summer,2025-06-16 04:09:00,0,2
BV1aaMvzoEDN,2025-06-16 03:34:00,-530726384,-1571325983,49245897,取名z好烦,12,伊朗没有那玩意，但以色列是真的有,2025-06-16 06:37:00,0,0
