﻿视频BV号,视频发布日期,上级评论ID,评论ID,用户ID,用户名,用户粉丝数,评论内容,评论时间,回复数,点赞数
BV1a7MSzYE8h,2025-06-14 14:49:00,0,-1690575903,3537105089202974,咯肥一歪,40,伊朗?升旗就行了啊[doge_金箍][doge_金箍][doge_金箍][doge_金箍],2025-06-15 01:50:00,17,545
BV1a7MSzYE8h,2025-06-14 14:49:00,-1690575903,-638187072,3546903845275735,赛赛起飞,0,伊朗已经错过了最好的机会,2025-06-15 01:59:00,0,30
BV1a7MSzYE8h,2025-06-14 14:49:00,-638187072,-1689289279,3537105089202974,咯肥一歪,40,回复 @赛赛起飞 :问题不大。。反正我们不亏 还赚了 就行 哈哈哈哈,2025-06-15 02:06:00,0,10
BV1a7MSzYE8h,2025-06-14 14:49:00,-1689289279,-1684665103,674251777,MS救赎,1,回复 @咯肥一歪 :其实是亏大了，不过大国最基本的特点就是手里牌多，这条线没通另一条线通了。还赢了，所以总体上是赚了。去年中东国家来这边集体开会放下成见。哈马斯和抵抗之弧与中东各派各国高度和解联盟，但抵抗之狐这边大好的局势被伊朗卖的干干净净。把自己摆做上变盘菜的国家真不多。伊朗这奇葩操作是真的不聪明,2025-06-15 03:01:00,0,25
BV1a7MSzYE8h,2025-06-14 14:49:00,-1684665103,-1684309007,3537105089202974,咯肥一歪,40,回复 @MS救赎 :说白了不是我们亏！  我们的主要矛盾一直是大漂亮啊。。。剩下的都是为了这个    至于你说的那种  我觉得上面肯定有预案的。。所以我说问题不大,2025-06-15 03:06:00,0,8
BV1a7MSzYE8h,2025-06-14 14:49:00,-1684665103,-631605152,3546904155655117,摩梭李旎,1,回复 @MS救赎 :我们在伊朗都没投资，亏大的是毛子，跟我没一点关系没有,2025-06-15 03:16:00,0,9
BV1a7MSzYE8h,2025-06-14 14:49:00,-1684665103,-615569152,400448624,取个名字这么难11,22,回复 @MS救赎 :其实不算，我们的目的不是做盟主，而是裁判，主要目的已经达到了，只要国家有什么矛盾第一时间能想到我们，那就是值了,2025-06-15 05:58:00,0,1
BV1a7MSzYE8h,2025-06-14 14:49:00,-1684665103,-605944976,1530011808,网上没意思退网了,0,回复 @MS救赎 : 亏个鸡毛……中国跟菲律宾关系够不好了吧，就这，中菲贸易额是中伊贸易额的5倍以上，可想而知，中伊之间关系其实也不咋滴……,2025-06-15 07:53:00,0,4
BV1a7MSzYE8h,2025-06-14 14:49:00,-605944976,-562500064,484183418,无觴桀滄,43,回复 @网上没意思退网了 :不是关系好不好的问题，是地缘政治上的问题，这不是用贸易额定义的，咱家和俄罗斯自从伊沙和解之后一直为伊朗争夺国际资源结果伊朗不争气不但把抵抗之弧玩的稀碎还让美国把自己身边撕开一堆口子，一旦伊朗被美国控制那他的地缘位置会对俄罗斯和中国造成极大威胁，中东也会从美国深陷的泥潭变成花园,2025-06-15 15:35:00,0,0
BV1a7MSzYE8h,2025-06-14 14:49:00,-562500064,-551211568,1530011808,网上没意思退网了,0,"回复 @无觴桀滄 : 冷知识：“中俄伊大三角”这个叫法，是美国学者布热津斯基提出来的，东大的官方层面或主流学者从来没当回事……
类比：如果有人把马云、马华腾和你并称“财富大三角”，踢掉你对双马的财富没有一丁点影响……
当年美国把伊拉克、阿富汗还打下来了呢，如今的伊拉克、阿富汗是美国的后花园吗？",2025-06-15 18:36:00,0,1
BV1a7MSzYE8h,2025-06-14 14:49:00,-1689289279,-1683264175,571786582,杠精杠杠精,10,回复 @咯肥一歪 :中国还是挺亏的，中国之前帮了伊朗这么多，还发展出了抵抗之弧，结果这么多东西几个月时间就被伊朗卖没了。,2025-06-15 03:18:00,0,8
BV1a7MSzYE8h,2025-06-14 14:49:00,-1683264175,-1682587007,3537105089202974,咯肥一歪,40,回复 @杠精杠杠精 :那些就是试错成本吧。。。,2025-06-15 03:25:00,0,1
BV1a7MSzYE8h,2025-06-14 14:49:00,-1683264175,-1670062879,1528868,屠夫TX,3258,回复 @杠精杠杠精 : [doge]中国在中东地区投资最大的地方还是沙特，给伊朗的那点儿只能算小零钱，看看这个国家的政治风向跟动态[doge],2025-06-15 05:34:00,0,8
BV1a7MSzYE8h,2025-06-14 14:49:00,-1683264175,-615867792,272898229,对话框圣诞节开,28,回复 @杠精杠杠精 :不算亏，原因很操蛋，因为伊朗害怕中国帮它之后自己影响力变小了所以一直没完全放开，中国当时就是想着好歹是中东的盟友那就让一下吧，结果就是现在中国没投资多少东西，所以不算亏，毕竟伊朗好歹帮中国吸引力几年的火力,2025-06-15 05:54:00,0,4
BV1a7MSzYE8h,2025-06-14 14:49:00,-1683264175,-607123984,1530011808,网上没意思退网了,0,回复 @杠精杠杠精 : 中国交往最多/投资最多/贸易最多的中东国家是阿联酋和沙特，伊朗还排不上名号……,2025-06-15 07:39:00,0,3
BV1a7MSzYE8h,2025-06-14 14:49:00,-1689289279,-562990528,484183418,无觴桀滄,43,回复 @咯肥一歪 :不是的，我们还是亏的，目前状况是咱家和俄罗斯对抗美以，老美从去年叙利亚被攻破就切断了伊朗对以的陆地威胁，现在伊朗完全支棱不起来美以相当于在中东立足了，你在地图上能看出来伊朗的地缘位置如果被美国控制对俄罗斯和咱家影响有多大，咱家和俄罗斯之前一直武装叙利亚和为伊朗争夺国际资源就是为了把美国拖入中东的泥水中，现在美国不但没被拖入反而成人家的花园了，虽说不至于真正对咱产生致命威胁但还是把咱家放在中东的钉子给拔掉了,2025-06-15 15:30:00,0,0
BV1a7MSzYE8h,2025-06-14 14:49:00,-1690575903,-1686457391,397456196,被恭窒忽悠了几十年,24,旗手么，就是升旗的,2025-06-15 02:41:00,0,4
BV1a7MSzYE8h,2025-06-14 14:49:00,-1690575903,-1685012655,1260707496,可子大人,18,谢谢了，普及知识[呲牙][呲牙],2025-06-15 02:58:00,0,0
