﻿视频BV号,视频发布日期,上级评论ID,评论ID,用户ID,用户名,用户粉丝数,评论内容,评论时间,回复数,点赞数
BV1ALNtzyEM8,2025-06-19 08:14:00,0,-161667232,146634329,akyghdbxgv123,13,事实上是你不惹他，他也惹你。异教徒他们是会斩首的,2025-06-20 02:16:00,9,71
BV1ALNtzyEM8,2025-06-19 08:14:00,-161667232,-161116096,386389512,月影彡残空,90,不是异教徒会斩首，而是他想抢你东西会把你打上异教徒在斩首，一点玩笑都开不了，前一秒还笑，后一秒拿枪就打你,2025-06-20 02:21:00,0,15
BV1ALNtzyEM8,2025-06-19 08:14:00,-161116096,-1195622015,233456087,阿萨德共和国,0,回复 @月影彡残空 :这样很好啊，不会被人踩头上,2025-06-20 08:15:00,0,2
BV1ALNtzyEM8,2025-06-19 08:14:00,-161667232,-1139530959,114171982,捷尔任斯基拖拉机厂长,20,你这是哪来的事实呢,2025-06-20 19:34:00,0,3
BV1ALNtzyEM8,2025-06-19 08:14:00,-1139530959,226508304,386389512,月影彡残空,90,回复 @捷尔任斯基拖拉机厂长 :可以看大漠更新的视频，最近去的叙利亚，跟他说的一模一样,2025-06-23 17:37:00,0,0
BV1ALNtzyEM8,2025-06-19 08:14:00,-161667232,-72795696,29111108,现在好动画很少,25,你这话从哪来的呢？,2025-06-20 22:19:00,0,1
BV1ALNtzyEM8,2025-06-19 08:14:00,-72795696,-65627456,146634329,akyghdbxgv123,13,回复 @现在好动画很少 :从世界中来,2025-06-21 01:03:00,0,0
BV1ALNtzyEM8,2025-06-19 08:14:00,-65627456,-48714944,85645248,歼敌一亿刘耷,94,回复 @akyghdbxgv123 :你大了啊，你见识了世界上多少东西就敢这么说大话？,2025-06-21 04:25:00,0,1
BV1ALNtzyEM8,2025-06-19 08:14:00,-65627456,-20006304,29111108,现在好动画很少,25,回复 @akyghdbxgv123 :你有问题[笑哭],2025-06-21 09:49:00,0,0
BV1ALNtzyEM8,2025-06-19 08:14:00,-72795696,-1080126767,103112880,滅絕师太,41,回复 @现在好动画很少 :以色列的领土不就是么？以色列最初就一点大地方好吧，很大部分都是中东那几个国家先去吞并以色列，结果没打赢反而丢掉更多,2025-06-21 10:41:00,0,0
