﻿视频BV号,视频发布日期,上级评论ID,评论ID,用户ID,用户名,用户粉丝数,评论内容,评论时间,回复数,点赞数
BV1AfKwzVEga,2025-06-20 09:48:00,0,-1133416735,1526622254,让我试讠,23,支持的这辈子有了[笑哭],2025-06-20 23:54:00,9,3
BV1AfKwzVEga,2025-06-20 09:48:00,-1133416735,60055488,3494362157681623,bili_98819239079,7,确实,2025-06-22 04:52:00,0,0
BV1AfKwzVEga,2025-06-20 09:48:00,-1133416735,95486432,1282011603,我爱97,9,支持，,2025-06-22 11:20:00,0,0
BV1AfKwzVEga,2025-06-20 09:48:00,-1133416735,-963927199,249176774,打击打击打击点击,28,支持导弹,2025-06-22 12:42:00,0,0
BV1AfKwzVEga,2025-06-20 09:48:00,-1133416735,-956536287,515434072,两袖清风齾,11,伊朗如果被拿下，石油资源将彻底被美国控制，我国的石油每年进口量占70%！那就真完了,2025-06-22 13:57:00,0,0
BV1AfKwzVEga,2025-06-20 09:48:00,-956536287,-954800319,1526622254,让我试讠,23,回复 @两袖清风齾 :你说的也有道理，但是首先伊朗被拿下不代表石油彻底被美国控制，其次就是不管是从法理上来讲你伊朗自己签署不扩散核条约，违反公约人家打你核设施一点毛病没有，还是从事实上来讲如果伊朗搞出核弹，不扩散核条约就相当于是几页废纸，中东人人都有理由搞核弹。到时候世界才是真的混乱，美国想管都管不过来，而且伊朗是政教合一的国家，政权教权高度统一，如果以宗教名义干出一些事来，结局是不可控的。所以全世界不可能单看咱一个国家的利益。[吃瓜],2025-06-22 14:14:00,0,3
BV1AfKwzVEga,2025-06-20 09:48:00,-954800319,-461497807,3354384,叫我小龟龟,26,回复 @让我试讠 :你这算高端局了,2025-06-27 18:38:00,0,0
BV1AfKwzVEga,2025-06-20 09:48:00,-956536287,804552944,287003308,她知你已我形,89,回复 @两袖清风齾 :就算不被控制，油价也是 只涨不跌。 只不过富的是少部分人而已。,2025-06-29 12:27:00,0,0
BV1AfKwzVEga,2025-06-20 09:48:00,-1133416735,112539152,3537106783701307,水鬼弟弟,149,那你支持谁？以色列？,2025-06-22 14:13:00,0,0
BV1AfKwzVEga,2025-06-20 09:48:00,112539152,-954585375,1526622254,让我试讠,23,回复 @水鬼弟弟 :其他的我不表态，支持以色列打伊朗核设施，完全没毛病[吃瓜],2025-06-22 14:15:00,0,0
