﻿视频BV号,视频发布日期,上级评论ID,评论ID,用户ID,用户名,用户粉丝数,评论内容,评论时间,回复数,点赞数
BV1aANRzqE5d,2025-06-22 10:19:00,0,99668720,12235032,不啵不啵_,29,前些个月以色列不是也入侵了叙利亚吗，怎么没见这几天叙利亚有反应,2025-06-22 12:04:00,6,2
BV1aANRzqE5d,2025-06-22 10:19:00,99668720,-966827599,397217461,神雷-曙光,15,叙利亚政府都倒台了，现在是叛军建立的军政府，他们哪里管这些(据说是美国扶植的),2025-06-22 12:12:00,0,7
BV1aANRzqE5d,2025-06-22 10:19:00,99668720,103470544,563114019,无生哀乐苦渡青烟,5,叙利亚前政府已经没了  现在的是山贼政府 国际认可的不多,2025-06-22 12:41:00,0,4
BV1aANRzqE5d,2025-06-22 10:19:00,99668720,104933360,130507611,如梦如幻醉星河,40,叙利亚要是之前没打内战，以色列的飞机也不敢轻易飞过去炸伊朗[脱单doge],2025-06-22 12:56:00,0,3
BV1aANRzqE5d,2025-06-22 10:19:00,99668720,106144208,66671703,我是废物023,2,叙利亚已经被美国扶持的叛军控制了，当然没反应了,2025-06-22 13:09:00,0,4
BV1aANRzqE5d,2025-06-22 10:19:00,99668720,-956799311,588159,我が悲願,76,已经被美以恶堕力（悲）,2025-06-22 13:54:00,0,0
BV1aANRzqE5d,2025-06-22 10:19:00,99668720,113730896,145522412,夜雨倾沉,29,叙利亚已经成了以色列空军的中转站了，去年伊朗轰炸以色列之后以色列千里奔袭报复伊朗，结果成果寥寥就是因为叙利亚在那杵着，以色列需要绕行，加上中途加油之类的，所以只有极少的战机能攻击到伊朗，当时以色列的报复象征意义大于实战意义，如今以色列战机直接从叙利亚转场，航程大大缩短，所以才会形成规模,2025-06-22 14:25:00,0,1
