﻿视频BV号,视频发布日期,上级评论ID,评论ID,用户ID,用户名,用户粉丝数,评论内容,评论时间,回复数,点赞数
BV1A9MvzkE7u,2025-06-16 02:53:00,0,-356955792,332099632,跑不快的教书匠老路,1671,姐姐这会搞个国旗带身上！关键时刻管用！我看看谁敢搞中国人民！,2025-06-17 23:03:00,9,4
BV1A9MvzkE7u,2025-06-16 02:53:00,-356955792,-209240992,508112623,读书人一声长叹_,112,[藏狐]万一被以色列针对，然后说成是伊朗弄的咋办,2025-06-19 11:33:00,0,2
BV1A9MvzkE7u,2025-06-16 02:53:00,-356955792,-1253160383,3493274346064493,bili_61815599088,0,有毛用,2025-06-19 14:34:00,0,0
BV1A9MvzkE7u,2025-06-16 02:53:00,-356955792,-1220343679,352583562,谨信l,32,……战场上导弹还能辨别你个人了？真看战狼把脑子看秀逗了     这种跟着记者群走才是最安全的  一群来自n个国家的记者   无论哪方都会尽量保证他们安全的,2025-06-20 02:50:00,0,8
BV1A9MvzkE7u,2025-06-16 02:53:00,-356955792,-134503776,650582204,一曰勤二曰俭,7,年轻人的世界和真出去的世界是不一样的，你就没想过毁尸灭迹？,2025-06-20 08:02:00,0,0
BV1A9MvzkE7u,2025-06-16 02:53:00,-356955792,-127506480,12876136,Laoskee,220,这两天都还有中国人在导弹袭击时以色列人不让进防空洞的事情呢,2025-06-20 09:30:00,0,1
BV1A9MvzkE7u,2025-06-16 02:53:00,-356955792,-108496784,226649526,小虫魔,360,醒醒吧！,2025-06-20 12:36:00,0,0
BV1A9MvzkE7u,2025-06-16 02:53:00,-356955792,-1096942271,3546739736840481,Vn如此,0,太过于自信并不是什么好事，有时候发表的言论别太逆天,2025-06-21 07:31:00,0,0
BV1A9MvzkE7u,2025-06-16 02:53:00,-356955792,-1045881711,87399250,MeduGor,15,人家说是随身携带，关键时候多一个筹码，这几个评论真是搞笑。[笑哭],2025-06-21 16:28:00,0,0
BV1A9MvzkE7u,2025-06-16 02:53:00,-356955792,62595472,39398212,冰镇西瓜干杯,2,你这都挑衅上了，是哪个国家的人？,2025-06-22 05:16:00,0,0
