﻿视频BV号,视频发布日期,上级评论ID,评论ID,用户ID,用户名,用户粉丝数,评论内容,评论时间,回复数,点赞数
BV1AfKwzVEga,2025-06-20 09:48:00,0,-123765984,478787734,繁华丝雨0220,10,以色列的首都现在是耶路撒冷，不是特拉维夫。它们的政治中心都在那。,2025-06-20 10:08:00,9,5
BV1AfKwzVEga,2025-06-20 09:48:00,-123765984,-1185418271,1678577,Leo.D,45,耶路撒冷是????非法侵占巴勒斯坦的地盘，它自己宣布迁都了，川普承认了，中国不承认，伊朗和伊斯兰世界都不承认，理论上支持两国方案的国家都不应该承认,2025-06-20 10:16:00,0,16
BV1AfKwzVEga,2025-06-20 09:48:00,-1185418271,-121455104,478787734,繁华丝雨0220,10,回复 @Leo.D :不管承认不承认，以色列现在的很多重要部门都搬那边去了，例如摩萨德的总部,2025-06-20 10:30:00,0,1
BV1AfKwzVEga,2025-06-20 09:48:00,-123765984,-117268208,33603214,雲遊客666,30,中国不认那我也不认，很简单的道理,2025-06-20 11:10:00,0,3
BV1AfKwzVEga,2025-06-20 09:48:00,-123765984,-1176938767,28334075,信则有的鱼,14,以色列的首都并不是耶路撒冷，耶路撒冷甚至不完全属于以色列，原则上国际社会可以共管那里，在巴勒斯坦国不被某些国家承认之前。如果承认巴勒斯坦国，那么至少一半耶路撒冷是属于巴勒斯坦国。,2025-06-20 11:39:00,0,3
BV1AfKwzVEga,2025-06-20 09:48:00,-1176938767,-1156715119,436193975,吴大钊的核雕,1136,回复 @信则有的鱼 :以色列所有土地，都是巴勒斯坦的，只过不他们是鸠占鹊巢,2025-06-20 14:58:00,0,0
BV1AfKwzVEga,2025-06-20 09:48:00,-1156715119,-85332752,505065332,dracula400,0,回复 @吴大钊的核雕 : 巴勒斯坦还没有建国。,2025-06-20 16:25:00,0,0
BV1AfKwzVEga,2025-06-20 09:48:00,-1176938767,-1154315951,531466080,小飞在深圳,13,回复 @信则有的鱼 :印象中耶路撒冷是巴勒斯坦的,2025-06-20 15:22:00,0,0
BV1AfKwzVEga,2025-06-20 09:48:00,-123765984,-110077968,3546666086960047,起起伏伏升升落落,31,绝对不可能炸耶路撒冷，不管以色列还是中东还是伊朗，都不可能炸耶路撒冷，甚至可以说耶路撒冷就是以色列最后的避难所,2025-06-20 12:22:00,0,1
BV1AfKwzVEga,2025-06-20 09:48:00,-110077968,-1158272847,22298666,怪黎叔墙先生,20,回复 @起起伏伏升升落落 :耶路撒冷是他们所有宗教的圣城，所以不能打，除非那里有军事设施,2025-06-20 14:42:00,0,0
