﻿视频BV号,视频发布日期,上级评论ID,评论ID,用户ID,用户名,用户粉丝数,评论内容,评论时间,回复数,点赞数
BV1ahNvzmEoz,2025-06-17 10:00:00,0,-380715376,1924771604,星尘ifinity,14,朗子要加油啊！当归回不回靠你了[笑哭],2025-06-17 14:23:00,12,104
BV1ahNvzmEoz,2025-06-17 10:00:00,-380715376,-1405421311,5423793,纯彩空想家,1,想多了，也就互相丢丢导弹，伊朗国内更乱一堆二鬼子亲美派，库存清一清也就完事儿，影响不到东亚这。,2025-06-18 02:29:00,0,50
BV1ahNvzmEoz,2025-06-17 10:00:00,-1405421311,-1396787711,2786690,Ramsley,83,回复 @纯彩空想家 :感觉快打完了，伊朗库存好像也就四五千枚，射程能打到以色列的顶多一半，产能一下也上不来,2025-06-18 04:17:00,0,12
BV1ahNvzmEoz,2025-06-17 10:00:00,-1396787711,-325204800,471561924,拖拖拖1,5,"回复 @Ramsley : 好想说是2000左右的库存
产能也不太行",2025-06-18 06:46:00,0,1
BV1ahNvzmEoz,2025-06-17 10:00:00,-325204800,-1381151871,842677,心念如磐,101,回复 @拖拖拖1 :从2000到3000，现在到上万了[doge_金箍],2025-06-18 07:31:00,0,0
BV1ahNvzmEoz,2025-06-17 10:00:00,-1381151871,-306921648,471561924,拖拖拖1,5,回复 @心念如磐 :哪来的上万啊，真有上万伊朗也不至于这么窘迫，今天才发射了八枚。,2025-06-18 10:40:00,0,0
BV1ahNvzmEoz,2025-06-17 10:00:00,-306921648,-1337261967,842677,心念如磐,101,回复 @拖拖拖1 : 不都是弹道导弹，还有小摩托[doge_金箍],2025-06-18 15:45:00,0,0
BV1ahNvzmEoz,2025-06-17 10:00:00,-380715376,-324414768,240260442,有一千个伤心的女友,43,我赞助一个小男孩[doge],2025-06-18 07:00:00,0,0
BV1ahNvzmEoz,2025-06-17 10:00:00,-324414768,-319396560,190212833,n2093184,36,回复 @有一千个伤心的女友 :这玩意谁敢用是疯了吧，你拿导弹小打小闹大家不管你，你敢用原子弹的话全世界都要来揍你了,2025-06-18 08:12:00,0,6
BV1ahNvzmEoz,2025-06-17 10:00:00,-324414768,-316040464,1497769274,螺蛳粉要配空心菜吖丶,25,回复 @有一千个伤心的女友 :真用了那个，谁都不敢跟他玩了，相当于站在人类的对立面，削他的就不是一个国家了,2025-06-18 08:58:00,0,3
BV1ahNvzmEoz,2025-06-17 10:00:00,-380715376,-1373183471,107465858,昵称都被取光了啊啊啊,46,完全不着急，朗子噶了这边才会有动作，现在急的不是我们了[大笑],2025-06-18 09:21:00,0,0
BV1ahNvzmEoz,2025-06-17 10:00:00,-380715376,-1361709375,1806630293,type30,41,"巴基斯坦如果想帮助伊朗，一个可行的办法是
通过陆路向伊朗出口导弹零部件，伊朗给油就行，巴有制造弹道导弹的能力，那么自然能给伊朗提供导弹零部件
伊朗打多久，巴就卖零部件多久，然后收原油，巴有了石油了，就能拿石油向东大换歼35了[doge]",2025-06-18 11:23:00,0,1
BV1ahNvzmEoz,2025-06-17 10:00:00,-380715376,-1341866463,98602094,想不出叫啥好了,9,得看郎子能不能把老美拖下场，拖下来了我们估计就上了，拖不下来的话，看戏就行了，到时候战后重建我们去赚小钱钱不香嘛[吃瓜][吃瓜][吃瓜],2025-06-18 14:55:00,0,0
