﻿视频BV号,视频发布日期,上级评论ID,评论ID,用户ID,用户名,用户粉丝数,评论内容,评论时间,回复数,点赞数
BV1A9MvzkE7u,2025-06-16 02:53:00,0,-528920096,31481902,hnczyx0702,1,和加沙一样的装修风格，复古,2025-06-16 04:02:00,14,143
BV1A9MvzkE7u,2025-06-16 02:53:00,-528920096,-1557652479,1865307465,呵呵八百呵呵呵,47,你推测一下这次以色列经历了高强度军事冲突（拦截伊朗大规模导弹)后，以色列的科技产业(尤其是军事产品)会不会得到大量出口。你想想隐身战机及无人作战，反导系统及反空系统及电子战系统经历了如此高强度高价值的实战经验，应对了饱和式中程弹道导弹及高超音速导弹及火箭炮及无人机的攻击的反导防空系统，还有运力电子战等系统实战价值极高，本人感觉很多国家都希望大量进口以色列武器，并且希望以色列能帮助其国家军队建立军队电子战能力。（又有高价值实战价值（比如拦截饱和式导弹袭击））,2025-06-16 09:55:00,0,3
BV1A9MvzkE7u,2025-06-16 02:53:00,-1557652479,-498915904,1361514,尚同会,53,回复 @呵呵八百呵呵呵 :你不会以为以色列的东西都是自己生产的吧[笑哭],2025-06-16 10:28:00,0,25
BV1A9MvzkE7u,2025-06-16 02:53:00,-1557652479,-493583632,513355147,zhuangshichuzhen,24,回复 @呵呵八百呵呵呵 :他那点体量工业能力能有多强？最强的就是数据,2025-06-16 11:24:00,0,8
BV1A9MvzkE7u,2025-06-16 02:53:00,-1557652479,-1546323407,3493258351086459,把个老头儿给逼疯啦,1,回复 @呵呵八百呵呵呵 :你说的啥玩意儿？,2025-06-16 11:57:00,0,6
BV1A9MvzkE7u,2025-06-16 02:53:00,-1557652479,-1540564223,2612959,T3rra_,16,回复 @呵呵八百呵呵呵 :机器人，触发关键词了??看它动态,2025-06-16 12:59:00,0,4
BV1A9MvzkE7u,2025-06-16 02:53:00,-1557652479,-1538770303,43167251,会飞的企鹅0,18,回复 @呵呵八百呵呵呵 :转人工,2025-06-16 13:17:00,0,4
BV1A9MvzkE7u,2025-06-16 02:53:00,-1557652479,-482580304,1012317102,路路路路路路路飞fe,27,回复 @呵呵八百呵呵呵 :转人工,2025-06-16 13:19:00,0,1
BV1A9MvzkE7u,2025-06-16 02:53:00,-1557652479,-482439952,416121412,干饭人还要吃饭,15,回复 @呵呵八百呵呵呵 :如拦,2025-06-16 13:21:00,0,2
BV1A9MvzkE7u,2025-06-16 02:53:00,-1557652479,-1537134079,167256067,使劲开不开的开,48,回复 @呵呵八百呵呵呵 :转人工,2025-06-16 13:35:00,0,2
BV1A9MvzkE7u,2025-06-16 02:53:00,-1557652479,-1536892415,1424721684,鲨鱼辣椒の肯定,56,回复 @呵呵八百呵呵呵 :啊？防空是从韩国调过去的啊,2025-06-16 13:37:00,0,0
BV1A9MvzkE7u,2025-06-16 02:53:00,-1557652479,-480403312,252673740,月下西楼寺,17,回复 @呵呵八百呵呵呵 :以色列自己都靠进口，以色列的军事武器除了能卖给印度压根没人要了现在,2025-06-16 13:41:00,0,0
BV1A9MvzkE7u,2025-06-16 02:53:00,-480403312,-478324512,507397638,酷辣冷吃兔,4,回复 @月下西楼寺 :印度真的不挑食,2025-06-16 14:02:00,0,0
BV1A9MvzkE7u,2025-06-16 02:53:00,-1557652479,-1442129471,15825498,LAL0SALAMANKA,43,回复 @呵呵八百呵呵呵 :转人工,2025-06-17 13:54:00,0,0
BV1A9MvzkE7u,2025-06-16 02:53:00,-528920096,-493560656,474643803,revaus316,5,低调奢华风,2025-06-16 11:24:00,0,0
