﻿视频BV号,视频发布日期,上级评论ID,评论ID,用户ID,用户名,用户粉丝数,评论内容,评论时间,回复数,点赞数
BV1AfKwzVEga,2025-06-20 09:48:00,0,-1092029039,3546683904362688,还不宠你吗,0,支持伊朗 世界是属于人民的,2025-06-21 08:31:00,7,55
BV1AfKwzVEga,2025-06-20 09:48:00,-1092029039,-4973360,394500647,东京筑京观守艺人,9,伊朗也是沉疴在身！,2025-06-21 12:18:00,0,0
BV1AfKwzVEga,2025-06-20 09:48:00,-1092029039,3862704,1736809816,bili_66478584006,4,人民是什么,2025-06-21 13:46:00,0,1
BV1AfKwzVEga,2025-06-20 09:48:00,3862704,4283040,60429802,RidgeWalker,3,回复 @bili_66478584006 :破防了？反正不是你这种吃狗粮的[无语],2025-06-21 13:48:00,0,0
BV1AfKwzVEga,2025-06-20 09:48:00,3862704,-1058535903,435963493,偷王tony,10,回复 @bili_66478584006 :反正不是你这种西方价值观的人,2025-06-21 14:18:00,0,2
BV1AfKwzVEga,2025-06-20 09:48:00,-1058535903,8074800,1736809816,bili_66478584006,4,回复 @偷王tony :价值观不是分好坏的吗，怎么你们都喜欢按照方向来分,2025-06-21 14:25:00,0,0
BV1AfKwzVEga,2025-06-20 09:48:00,-1092029039,10960032,347799447,无损番茄酱,14,你这话在伊朗属于大逆不道，伊朗是属于神棍的。,2025-06-21 14:52:00,0,2
BV1AfKwzVEga,2025-06-20 09:48:00,-1092029039,-687723743,523904350,甲骨文99999,3,在洛克看来，人民才是一个国家的最高权威，统治者仅仅是人民意志的执行者。如果统治者行使专断权力，不再是为了保护人民的权利，而是为了满足一己私利，这样作为执法者，它的权力就不再合法了，这个政府就应该被终止或者被替代。,2025-06-25 11:33:00,0,0
