﻿视频BV号,视频发布日期,上级评论ID,评论ID,用户ID,用户名,用户粉丝数,评论内容,评论时间,回复数,点赞数
BV1ahNvzmEoz,2025-06-17 10:00:00,0,-1393233599,3546906644974560,沈河是苟到最后,0,没怎么关注国际战争，我还以为伊朗只是美国的一个小小练兵场，国防实力很一般，现在看来不么算差啊[笑哭],2025-06-18 04:51:00,10,5
BV1ahNvzmEoz,2025-06-17 10:00:00,-1393233599,-1393148143,98797790,亿船幽梦,18,伊朗中东还是说的上话的,2025-06-18 04:53:00,0,4
BV1ahNvzmEoz,2025-06-17 10:00:00,-1393233599,-1392712047,510976682,独轮车司机,89,本来就不差呀，以色列没有西方撑腰，那敢这么干,2025-06-18 04:58:00,0,4
BV1ahNvzmEoz,2025-06-17 10:00:00,-1392712047,-325729408,43613230,Nextup_official,600,回复 @独轮车司机 :你再看看…伊朗打得都要变天了,2025-06-18 06:37:00,0,0
BV1ahNvzmEoz,2025-06-17 10:00:00,-1393233599,-332420272,5968312,不会玩火,16,"毕竟伊朗祖上怎么说也是波斯帝国，也是古国之一了。
只不过是最近这几十年看起来好像没有怎么在国际上有什么声音而已。",2025-06-18 05:07:00,0,1
BV1ahNvzmEoz,2025-06-17 10:00:00,-1393233599,-331945744,569016,十年老宅宅,24,伊朗在中东实力也是数一数二的 而且有远程打击能力 有自研高超音速导弹 真和以色列不要命的打起来 美国不下场的话 以色列估计活不过几天那种战力,2025-06-18 05:12:00,0,1
BV1ahNvzmEoz,2025-06-17 10:00:00,-1393233599,-1391255439,253175185,绛色樱花,63,伊朗工业底子还是不错的，伊朗人口有八千多万，能在有限的外援（俄罗斯）下自己建造核设施，能建造离心工厂，有足够的电力提纯铀235，说明伊朗的工业底子确实可以。但问题在于内部太漏风了，各派势力扯皮，有人想投美，有人想自主。伊朗确实算有点心气的国家，波斯人是雅利安人的一支，他们的本土文官集团是有点心气儿的。不过伊朗内部太抽象了，反渗透能力一塌糊涂，伊朗被西方情报机构渗透得几乎单向透明。伊朗但凡加强一下内部稳定性加强一下反渗透呢,2025-06-18 05:14:00,0,4
BV1ahNvzmEoz,2025-06-17 10:00:00,-1391255439,-1390620511,481252261,城南老九,69,回复 @绛色樱花 : 宗教国家搞成这样可以了，伊朗要再上进，得全面世俗化。,2025-06-18 05:21:00,0,0
BV1ahNvzmEoz,2025-06-17 10:00:00,-1393233599,-1390279663,638081,乖乖乖乖乖乖乖乖,4,本来就不差的，之前战略定力太足，加上犹子信息宣传能力强，它们国内信息管控严格，根本不会露出软肋，虚张声势这个词对他们形容是最好的,2025-06-18 05:23:00,0,0
BV1ahNvzmEoz,2025-06-17 10:00:00,-1393233599,-326683024,1602856313,NyrocSnow,5,毕竟伊朗就是波斯啊，存在了多少年的文明古国，而且是整个穆斯林什叶派的基本盘，中亚最大的国家，问题是内部问题太严重了，教权统治+阿塞拜疆族统治波斯人,2025-06-18 06:23:00,0,1
BV1ahNvzmEoz,2025-06-17 10:00:00,-1393233599,-326783296,398079744,峯榊幻,6,中东第一,2025-06-18 06:24:00,0,0
