﻿视频BV号,视频发布日期,上级评论ID,评论ID,用户ID,用户名,用户粉丝数,评论内容,评论时间,回复数,点赞数
BV1aaMvzoEDN,2025-06-16 03:34:00,0,-530503744,6635902,清炖老鼠肉,17,[笑哭]自从我16年高考完后到现在，接触到新闻看到以色列所作所为，感觉和初高中印象中以色列和这个以色列压根不是一回事[笑哭]，和那时候刊物上描绘的以色列天差地别。,2025-06-16 03:42:00,120,2093
BV1aaMvzoEDN,2025-06-16 03:34:00,-530503744,-1584592991,252983388,境界_の_彼方,14,正常，那时候互联网不发达，接触的全是公知，那群说国外空气都是甜的[藏狐]意林，读者现在看看就是个笑话,2025-06-16 03:50:00,0,344
BV1aaMvzoEDN,2025-06-16 03:34:00,-1584592991,-527542960,317289902,徽-lly,24,回复 @境界_の_彼方 :也别这么说  意林和读者我小时候都订了[笑哭][笑哭][笑哭][笑哭]作用仅仅只是作文素材,2025-06-16 04:17:00,0,47
BV1aaMvzoEDN,2025-06-16 03:34:00,-527542960,-519307376,77005445,MacTa233,27,回复 @徽-lly :我初中的时候读者意林格言都买，期期不落，全是从饭钱里面扣的，前后买了得有几百本，前两年小区搞个什么活动捐书，我把那些都捐了，现在想想烧了都不能捐啊别祸害别的青少年[笑哭],2025-06-16 05:50:00,0,14
BV1aaMvzoEDN,2025-06-16 03:34:00,-519307376,-1527434063,304483957,天_晴__,131,回复 @MacTa233 :霍霍小朋友有一手的[doge][支持],2025-06-16 15:16:00,0,0
BV1aaMvzoEDN,2025-06-16 03:34:00,-519307376,-1509881663,16543777,霉日不得haosi,36,回复 @MacTa233 :幸好我买的是 足球俱乐部 环球体育[微笑],2025-06-16 22:46:00,0,0
BV1aaMvzoEDN,2025-06-16 03:34:00,-519307376,-439905712,186385126,淼淼加三个字,14,回复 @MacTa233 : 烧啥? 卖废纸啊? 挺老沉的,2025-06-17 02:59:00,0,0
BV1aaMvzoEDN,2025-06-16 03:34:00,-519307376,-406033024,327049937,ozyyzo2000,17,回复 @MacTa233 :你应该学B站某个UP主，拿出来读一本做一个视频,2025-06-17 10:01:00,0,0
BV1aaMvzoEDN,2025-06-16 03:34:00,-527542960,-449984192,31730936,法内捕快一张三,138,回复 @徽-lly :那你现在的思想是红的还是蓝的,2025-06-17 00:17:00,0,0
BV1aaMvzoEDN,2025-06-16 03:34:00,-1584592991,-520734784,65934212,招核米国物语,256,回复 @境界_の_彼方 :空气是甜的那个，大概率是大麻点燃后的味道[滑稽],2025-06-16 05:31:00,0,3
BV1aaMvzoEDN,2025-06-16 03:34:00,-520734784,-518335792,88493911,丶Sheldon丶,12,回复 @招核米国物语 :还有可能是铅水管的味道,2025-06-16 06:04:00,0,2
BV1aaMvzoEDN,2025-06-16 03:34:00,-520734784,-1572723023,2139664693,浪客剑心1976,3,回复 @招核米国物语 :美国买大麻比买烟还容易[doge],2025-06-16 06:15:00,0,2
BV1aaMvzoEDN,2025-06-16 03:34:00,-520734784,-1570692767,2404783,hanxtai,0,回复 @招核米国物语 :大麻点燃不是臭的吗,2025-06-16 06:49:00,0,0
BV1aaMvzoEDN,2025-06-16 03:34:00,-1584592991,-1572085071,457050459,人丨贱丨人爱,2,回复 @境界_の_彼方 :无意中翻开小时候的读者。标题是爱植树的以色列人[笑哭][笑哭][笑哭],2025-06-16 06:25:00,0,0
BV1aaMvzoEDN,2025-06-16 03:34:00,-1584592991,-1479882447,71408469,无聊的人类啊啊,40,回复 @境界_の_彼方 :不是，当时双方是各方面都有合作的，关系是比较好的，特别是读者意林最火那段时间，而且还有二战buff，后面因为美国的原因慢慢掰了，然后正面形象就不再宣传了，再往后就是中美开始直接对抗，中东被视为棋盘，再加上它自己有些行为确实过线，就变成负面宣传了,2025-06-17 06:25:00,0,0
BV1aaMvzoEDN,2025-06-16 03:34:00,-530503744,-1584482911,1655902797,贰拾有贰方知路,42,这还是在首都，看着挺一般的,2025-06-16 03:53:00,0,73
BV1aaMvzoEDN,2025-06-16 03:34:00,-1584482911,-1582863055,523945461,不再瞎站队,8,回复 @贰拾有贰方知路 :特拉维夫的房价可不一般[笑哭],2025-06-16 04:12:00,0,37
BV1aaMvzoEDN,2025-06-16 03:34:00,-1582863055,-1574532271,7580263,中华丶田园猫,60,回复 @不再瞎站队 :这话说的，物价也不一般啊[颂乐人偶_眯眼笑],2025-06-16 05:46:00,0,3
BV1aaMvzoEDN,2025-06-16 03:34:00,-1582863055,-512799632,3546914301675820,莫研说的,0,回复 @不再瞎站队 :全球房价第二仅次于香港的城市,2025-06-16 07:28:00,0,0
BV1aaMvzoEDN,2025-06-16 03:34:00,-1584482911,-516501648,526761120,CXJ30,5,回复 @贰拾有贰方知路 :即使没有空袭这城市也属于一般,2025-06-16 06:31:00,0,0
BV1aaMvzoEDN,2025-06-16 03:34:00,-1584482911,-1527738719,110905596,枫林里的竹子,11,回复 @贰拾有贰方知路 :以色列富人区和老百姓也不一样的,2025-06-16 15:12:00,0,0
BV1aaMvzoEDN,2025-06-16 03:34:00,-530503744,-529655760,357187829,轸翼张星柳鬼井,53,地理和历史有以巴冲突以及领土变化。就是篇幅短,2025-06-16 03:54:00,0,125
BV1aaMvzoEDN,2025-06-16 03:34:00,-529655760,-529102896,35076627,啊陈成诚,26,回复 @轸翼张星柳鬼井 :都一样中国历史太长了说啥都是一笔带过,2025-06-16 04:01:00,0,81
BV1aaMvzoEDN,2025-06-16 03:34:00,-530503744,-1583979487,1339296271,雨季雨桐,12,经典以色列灌溉和节水，中东战争和聪明印象[吃瓜],2025-06-16 03:59:00,0,979
BV1aaMvzoEDN,2025-06-16 03:34:00,-1583979487,-525013424,3546658254097046,zzz12999,12,回复 @雨季雨桐 :这下可能得改课本内容了[吃瓜],2025-06-16 04:44:00,0,5
BV1aaMvzoEDN,2025-06-16 03:34:00,-1583979487,-1562035615,388328969,智者1988,21,回复 @雨季雨桐 :还有喜欢读书[笑哭],2025-06-16 08:59:00,0,1
BV1aaMvzoEDN,2025-06-16 03:34:00,-1583979487,-500494752,288666802,EnffeR,4,回复 @雨季雨桐 :我们西北地区也有节水灌溉工程，只有官媒会宣传了。,2025-06-16 10:11:00,0,4
BV1aaMvzoEDN,2025-06-16 03:34:00,-1583979487,-480717760,351914613,祥恺知识,8,回复 @雨季雨桐 :对的,2025-06-16 13:38:00,0,0
BV1aaMvzoEDN,2025-06-16 03:34:00,-1583979487,-438403632,473634541,大黄666666,39,回复 @雨季雨桐 :中国的滴灌技术就是从以色列行进的，大概20多年前，上海就有一个和以色列合作的农业项目。,2025-06-17 03:18:00,0,0
BV1aaMvzoEDN,2025-06-16 03:34:00,-1583979487,-436601296,3494356373735812,东郭野汉,26,回复 @雨季雨桐 :这个确实经典，但是应该是在初中学地理看到书上说以色列的滴灌技术[doge],2025-06-17 03:41:00,0,0
BV1aaMvzoEDN,2025-06-16 03:34:00,-1583979487,-1477362959,35139951,Y_F,25,回复 @雨季雨桐 :以色列农业技术是真的，但土地和水是怎么来的别问[藏狐],2025-06-17 07:04:00,0,0
BV1aaMvzoEDN,2025-06-16 03:34:00,-530503744,-526398864,2033728025,安123475,20,"以色列的灌溉设备是可以的，很客观的讲。

虽然我对他们的行为感觉非常难评。灌溉设备确实可以，是有两把刷子的。",2025-06-16 04:30:00,0,71
BV1aaMvzoEDN,2025-06-16 03:34:00,-526398864,-1578612591,356889288,100daolebillA,19,回复 @安123475 :拿钱砸出来的，当年中国的农科人员想引进，看了价格之后感叹是拿金子做的滴溉设施,2025-06-16 04:57:00,0,36
BV1aaMvzoEDN,2025-06-16 03:34:00,-1578612591,-489284144,34634912,文不是刘,24,回复 @100daolebillA :从海水层层淡化到灌溉系统研究，花了很多钱。对当时的东大乃至世界上比东大有钱不少的国家都是个让人震惊的数字了。犹太财团吸全世界的血，换来了最顶级的海水淡化和灌溉设施。,2025-06-16 12:08:00,0,3
BV1aaMvzoEDN,2025-06-16 03:34:00,-526398864,-1578281391,31366665,单片眼镜右眼戴,10,回复 @安123475 : 那你知道这些灌溉设备使用的水来自于哪吗？来自于以色列非法占领的戈兰高地,2025-06-16 05:00:00,0,29
BV1aaMvzoEDN,2025-06-16 03:34:00,-1578281391,-1444411183,396298057,桃源灯里,65,回复 @单片眼镜右眼戴 :那你知道为什么格兰高地是在以色列手上吗？还不是因为中东战争，反击获胜搞到了作为筹码，别人没有给相应的战利品，还想让其吐出来吗？加奈半岛已经还给承认生存权的国家了。,2025-06-17 13:31:00,0,0
BV1aaMvzoEDN,2025-06-16 03:34:00,-526398864,-1573912751,693559195,素岸时星,2,回复 @安123475 :毕竟拿走了巴勒斯坦75％的水，再垃圾的灌溉系统也能运作的很好[吃瓜][吃瓜],2025-06-16 05:58:00,0,14
BV1aaMvzoEDN,2025-06-16 03:34:00,-526398864,-517890208,91189301,udarebelieve,219,回复 @安123475 :和沙特比起来，不值一提,2025-06-16 06:09:00,0,0
BV1aaMvzoEDN,2025-06-16 03:34:00,-526398864,-1572922287,34369190,Zephyrdoro,2,回复 @安123475 :要不是侵占了巴勒斯坦的水源，以色列灌溉设备多好都没有用[笑哭],2025-06-16 06:11:00,0,15
BV1aaMvzoEDN,2025-06-16 03:34:00,-526398864,-514676720,1057983317,超级打蛋器,0,回复 @安123475 :可以啥，极高的成本根本无法推广，原先国内引进了以色列技术，后面发现还不如自己搞，铺以色列的一次够国产的每年换新20年,2025-06-16 06:59:00,0,6
BV1aaMvzoEDN,2025-06-16 03:34:00,-526398864,-509630256,670645726,金鱼木鱼83,3,回复 @安123475 :@安123475 抢了别人的水井然后自己搞一根管子抽水然后在那边吹嘘自己灌溉技术好？,2025-06-16 08:15:00,0,7
BV1aaMvzoEDN,2025-06-16 03:34:00,-526398864,-500929936,243834337,慕天星海,18,回复 @安123475 :以色列灌溉系统拿着玩儿的。还是中国自己最后弄的。,2025-06-16 10:06:00,0,4
BV1aaMvzoEDN,2025-06-16 03:34:00,-526398864,-1542801023,105262789,隔墙放屁崩蚊子,32,回复 @安123475 : 25年了还搁这吹嘘灌溉技术，拿一个别国没那么大需求的东西搁这吹嘘了几十年了不闲得慌吗？,2025-06-16 12:36:00,0,3
BV1aaMvzoEDN,2025-06-16 03:34:00,-526398864,-1515183839,155888879,橙子西柚也是橘,44,回复 @安123475 :灌溉啥啊，本身就强占着中东水库,2025-06-16 18:25:00,0,2
BV1aaMvzoEDN,2025-06-16 03:34:00,-526398864,-424809136,1526981816,琴里yyds,15,回复 @安123475 :确实，永远记得初中地理讲的滴灌,2025-06-17 05:48:00,0,0
BV1aaMvzoEDN,2025-06-16 03:34:00,-526398864,-408163488,11351115,mridiot菜菜,11,回复 @安123475 :以色列灌溉也是过度吹嘘了还没新疆零头多比例也没新疆多 灌溉技术比较牛逼的是荷兰[笑哭][笑哭],2025-06-17 09:38:00,0,0
BV1aaMvzoEDN,2025-06-16 03:34:00,-530503744,-525611024,328119525,yangyi101,6,我小时候90年代就经常在电视里听巴以冲突的新闻，但是每次都是巴方伤亡，很少有以方的伤亡。我还问，谁是巴谁是以,2025-06-16 04:37:00,0,40
BV1aaMvzoEDN,2025-06-16 03:34:00,-530503744,-1580493807,335451258,明天和意外哪個先来,37,美化越多，塌房时就有多惊愕,2025-06-16 04:37:00,0,76
BV1aaMvzoEDN,2025-06-16 03:34:00,-1580493807,-1485998015,629853666,秋之林4444,2,回复 @明天和意外哪個先来 : 都是公知害的,2025-06-17 05:05:00,0,0
BV1aaMvzoEDN,2025-06-16 03:34:00,-530503744,-1580470303,407067956,观诸星,7,我们老师曾经教完我们就和他们说，书本上的东西永远只是书本上的，要了解更多东西就是要多出去“走走”，时间会改变一切,2025-06-16 04:38:00,0,64
BV1aaMvzoEDN,2025-06-16 03:34:00,-1580470303,-521200288,378517903,大剑客-,58,回复 @观诸星 :有见识[支持],2025-06-16 05:25:00,0,0
BV1aaMvzoEDN,2025-06-16 03:34:00,-1580470303,-439315456,22571714,拍茄子拍黄瓜,22,回复 @观诸星 :你们老师是明白人，知道书本也不是客观的，真相才是,2025-06-17 03:06:00,0,0
BV1aaMvzoEDN,2025-06-16 03:34:00,-530503744,-1580101231,541957583,XFactorin,21,以色列人还蛮适合地下生活的[歪嘴][吃瓜]这地下室建设也不错呀，安全性挺好的，有这么好的地下城市，以色列干嘛老想着抢巴勒斯坦黎巴嫩和叙利亚的国土？安心呆在地下不好吗？流浪千年的民族还想暴露在阳光下？,2025-06-16 04:41:00,0,72
BV1aaMvzoEDN,2025-06-16 03:34:00,-1580101231,-1479271135,575484595,zxzlike,22,回复 @XFactorin : 他们就是贪婪的老鼠。,2025-06-17 06:36:00,0,0
BV1aaMvzoEDN,2025-06-16 03:34:00,-530503744,-524497168,604240018,Atmo__,26,毒教材的事历历在目，某些物种把我们的教材都当作它们意识形态渗透的工具了,2025-06-16 04:48:00,0,65
BV1aaMvzoEDN,2025-06-16 03:34:00,-530503744,-524356064,3546695887489837,天青青风轻轻,18,因为初高中介绍的更多是技术吧，我也没印象初高中介绍以色列zz上有什么好事，技术上以色列确实没得黑,2025-06-16 04:50:00,0,19
BV1aaMvzoEDN,2025-06-16 03:34:00,-524356064,-461570848,420902242,浟洂,4,回复 @天青青风轻轻 : 最高级的骗术就是只说真话。不过现在我倒是想知道地球上谁最会种地,2025-06-16 17:18:00,0,0
BV1aaMvzoEDN,2025-06-16 03:34:00,-524356064,-449792832,31730936,法内捕快一张三,138,回复 @天青青风轻轻 :都是坏事,2025-06-17 00:19:00,0,0
BV1aaMvzoEDN,2025-06-16 03:34:00,-530503744,-523520608,25608419,huihui53,7,经典蜂蜜抹书,2025-06-16 04:58:00,0,17
BV1aaMvzoEDN,2025-06-16 03:34:00,-523520608,-1310515663,394691396,该玩家挂机中,8,回复 @huihui53 :坏了，这个真看过[笑哭],2025-06-19 02:49:00,0,0
BV1aaMvzoEDN,2025-06-16 03:34:00,-530503744,-523495408,3546907313965619,真理共酉,0,书上有关以的国家名都没出现过几次…能有什么印象，企图管中窥豹而已,2025-06-16 04:59:00,0,3
BV1aaMvzoEDN,2025-06-16 03:34:00,-530503744,-1578141663,671609566,一条可乐鱼yummy,221,客观来讲，技术层面确实强，道德层面确实低到不能再低，猪狗不如[笑哭],2025-06-16 05:02:00,0,25
BV1aaMvzoEDN,2025-06-16 03:34:00,-530503744,-521642240,10520804,仲夏季车站,24,小姨子是很注重给自己打造人畜无害的宣传包装滴,2025-06-16 05:19:00,0,19
BV1aaMvzoEDN,2025-06-16 03:34:00,-530503744,-521425472,1625104870,lcs1519,5,只能说夜壶还是聪明的，他把内部矛盾转换为外部矛盾，这样就能巩固自己的统治地位，使得国内民众暂时不能顾及其政府的问题,2025-06-16 05:22:00,0,6
BV1aaMvzoEDN,2025-06-16 03:34:00,-530503744,-1574879439,1576187485,爱笑的小恒恒,59,高中看意林说以色列是花园城市，可是一看还没有我们县绿化搞得好,2025-06-16 05:43:00,0,12
BV1aaMvzoEDN,2025-06-16 03:34:00,-530503744,-519010768,11854423,禹墨tobu,147,时代变了，那时候以色列还比较注意形象,2025-06-16 05:53:00,0,0
BV1aaMvzoEDN,2025-06-16 03:34:00,-530503744,-1573889839,3546821123115362,吴杰56,21,安全第一,2025-06-16 05:57:00,0,0
BV1aaMvzoEDN,2025-06-16 03:34:00,-530503744,-1573577167,1454880,搞么斯呀,14,以前关系好的时候宣传当然不一样,2025-06-16 06:03:00,0,1
BV1aaMvzoEDN,2025-06-16 03:34:00,-530503744,-518196688,345311927,Andrew-Don,7,因为现在的媒体在有意引导,2025-06-16 06:06:00,0,1
BV1aaMvzoEDN,2025-06-16 03:34:00,-530503744,-1572168479,457050459,人丨贱丨人爱,2,无意中翻开小时候的读者。标题是爱植树的以色列人[笑哭][笑哭][笑哭],2025-06-16 06:24:00,0,2
BV1aaMvzoEDN,2025-06-16 03:34:00,-530503744,-516453824,28920500,LHNeverGiveup,43,你要考虑到编教材的人编教材时的时代局限性,2025-06-16 06:33:00,0,0
BV1aaMvzoEDN,2025-06-16 03:34:00,-530503744,-515918080,1899930612,老椰子coconut,22,西方不再享有舆论垄断,2025-06-16 06:40:00,0,0
BV1aaMvzoEDN,2025-06-16 03:34:00,-530503744,-1568060735,1335296,大污师,94,"有些西方“民主”制度国家就像是精神分裂病人，换一次领导班子就跟换了个脑子似的，很多政策是没啥持续性的
有可能过完四年蜜月，忽然接下来四年就成了死敌，接下来四年又成了朋友[吃瓜]",2025-06-16 07:30:00,0,1
BV1aaMvzoEDN,2025-06-16 03:34:00,-530503744,-510924720,1275548840,轩猿chimpbutyellow,3,犹太财团什么媒体什么技术搞不来，你自己有点自己的判断行不行,2025-06-16 07:55:00,0,1
BV1aaMvzoEDN,2025-06-16 03:34:00,-530503744,-1564349535,19267761,打扁绿蛙,33,还说白送给我们预警机,2025-06-16 08:25:00,0,2
BV1aaMvzoEDN,2025-06-16 03:34:00,-530503744,-1564055503,1871472857,我能活多久,8,尽信书不如无书,2025-06-16 08:31:00,0,1
BV1aaMvzoEDN,2025-06-16 03:34:00,-530503744,-1563356111,95668076,wizz1026,7,哈，小朋友的年代基本是咩有思辨能力的，长辈老师官员说啥，就信啥，很正常，20年前我还喜欢刷日剧呢，现在觉得那个阶段就跟智障差不多。,2025-06-16 08:41:00,0,2
BV1aaMvzoEDN,2025-06-16 03:34:00,-530503744,-1562674655,400626380,永别了七日之都,1481,历史书都是美化的,2025-06-16 08:49:00,0,1
BV1aaMvzoEDN,2025-06-16 03:34:00,-530503744,-1562056415,3493089349995174,摸鱼吃瓜乐哈哈,5,以色列一千年来从来没变过，变得是你的认知，虽然我早就没看意林那些了，但我敢赌10块钱这半年照样有类似的刊物吹以色列,2025-06-16 08:59:00,0,3
BV1aaMvzoEDN,2025-06-16 03:34:00,-530503744,-1561967455,23324467,莫得买,15,读者[doge_金箍],2025-06-16 08:59:00,0,0
BV1aaMvzoEDN,2025-06-16 03:34:00,-530503744,-1561221935,8896973,清漪の旋律,15,以色列人为什么从小就喜欢看书？因为他们在小时候书上就被抹了蜜！,2025-06-16 09:10:00,0,1
BV1aaMvzoEDN,2025-06-16 03:34:00,-530503744,-504923520,1205164645,暖雪ゆき,714,地理课本上对于印度的介绍也一言难尽,2025-06-16 09:19:00,0,0
BV1aaMvzoEDN,2025-06-16 03:34:00,-530503744,-504635760,1975044605,Ant蚂蚁动漫社,17,不矛盾，他们的技术，和他们对周边国家的态度，一码归一码。,2025-06-16 09:24:00,0,0
BV1aaMvzoEDN,2025-06-16 03:34:00,-530503744,-504360240,487177612,Shinenoah,119,[笑哭]我20岁以前以为以色列是好人哦,2025-06-16 09:26:00,0,1
BV1aaMvzoEDN,2025-06-16 03:34:00,-530503744,-500985072,243834337,慕天星海,18,因为以色列的外宣给的经费足啊。,2025-06-16 10:06:00,0,3
BV1aaMvzoEDN,2025-06-16 03:34:00,-530503744,-1555502463,3546873080056087,爱情骗子杨先生001,9,那个时候的左派是这样的,2025-06-16 10:20:00,0,0
BV1aaMvzoEDN,2025-06-16 03:34:00,-530503744,-1554881279,1044106584,带着相机吃天下,7,课本上的东西要辨证的看[doge],2025-06-16 10:25:00,0,0
BV1aaMvzoEDN,2025-06-16 03:34:00,-530503744,-498758400,484205518,Max大肖,8,94年生人，12年高考，受父母影响从小就看新闻，阿拉法特的脸童年印象很深。在我小时候记事起那里就是一处动乱之地，六芒星就四处侵略欺压周围地区，现在更是觉得以当局就是一个灭绝人性的政权，该被颠覆被制裁被摧毁,2025-06-16 10:29:00,0,1
BV1aaMvzoEDN,2025-06-16 03:34:00,-530503744,-1554049583,317945072,安邱城第一美男,40,意林和青年文摘多来几本[滑稽],2025-06-16 10:33:00,0,0
BV1aaMvzoEDN,2025-06-16 03:34:00,-530503744,-1548452207,1560213370,ZiLvDeS,0,经典就是以色列节约用水，滴灌农业，还有以色列是全球人均阅读书籍数最多的国家[大笑][大笑],2025-06-16 11:32:00,0,2
BV1aaMvzoEDN,2025-06-16 03:34:00,-530503744,-492260560,499312839,kaixyang,12,以色列从来还是那个以色列，只是带节奏的不一样了而已，比如出现u型锁，,2025-06-16 11:38:00,0,1
BV1aaMvzoEDN,2025-06-16 03:34:00,-530503744,-486868528,11889827,冲虚高手,310,同年高考,2025-06-16 12:35:00,0,0
BV1aaMvzoEDN,2025-06-16 03:34:00,-530503744,-486791104,11889827,冲虚高手,310,和我一样那年变全国卷[笑哭],2025-06-16 12:36:00,0,0
BV1aaMvzoEDN,2025-06-16 03:34:00,-530503744,-485723824,645735118,持棒的洪七公,24,我倒是还记得千禧年左右电视台天天报道阿拉法特,2025-06-16 12:46:00,0,0
BV1aaMvzoEDN,2025-06-16 03:34:00,-530503744,-1536894127,3546789649058475,请讲事实,15,那的确不一样初中的以色列书涂蜂蜜的。,2025-06-16 13:37:00,0,0
BV1aaMvzoEDN,2025-06-16 03:34:00,-530503744,-1527282335,672570761,荐圣,12,恰恰证明了，你的印象都是别人告诉你的。高中时候是书本告诉你的，现在是媒体告诉你的。现在你可以否认之前的认知错误，未来也可能否认现在的认知错误。,2025-06-16 15:17:00,0,1
BV1aaMvzoEDN,2025-06-16 03:34:00,-530503744,-469000096,88736243,心灵至深处,8,在我的脑海里，以色列永远是邪恶的象征[笑哭],2025-06-16 15:37:00,0,0
BV1aaMvzoEDN,2025-06-16 03:34:00,-530503744,-1521597999,434784399,爱笑的达尔朋,1367,很正常，我小时候人们都说老美是灯塔，疫情之后灯塔的一系列动作说明他们是沙雕。[吃瓜],2025-06-16 16:24:00,0,0
BV1aaMvzoEDN,2025-06-16 03:34:00,-530503744,-1521277631,285845780,棋澄道人,66,从来都是??[笑哭],2025-06-16 16:27:00,0,0
BV1aaMvzoEDN,2025-06-16 03:34:00,-530503744,-464532640,52762742,终南寻雪,67,应该差不多吧，我记得我小时候就天天看新闻报道内塔尼亚胡，他在位也有20多年了吧,2025-06-16 16:32:00,0,0
BV1aaMvzoEDN,2025-06-16 03:34:00,-530503744,-463566320,3546800201927146,精灵小姐又在钻我被窝,6,最开始知道以色列的时候是因为小时候看纪录片的时候看到中东战争，我想着以色列有点东西，都快一挑十了[笑哭],2025-06-16 16:44:00,0,0
BV1aaMvzoEDN,2025-06-16 03:34:00,-463566320,-450911712,6798644,Misaka10909,31,回复 @精灵小姐又在钻我被窝 :因为以色列的背后是美国,2025-06-16 23:54:00,0,0
BV1aaMvzoEDN,2025-06-16 03:34:00,-530503744,-1513234095,1282536395,打瞌睡的毛利小六郎,8,以色列科技确实发达，很多美国科技公司在以色列有研究所,2025-06-16 19:28:00,0,0
BV1aaMvzoEDN,2025-06-16 03:34:00,-530503744,-1512824815,38069170,不是两三岁,31,环境变化也会报道的不一样，中美蜜月期，中日友好期。和现在的报道都完全不一样，比如现在对俄罗斯友好，就不会报道乌克兰的平民伤亡新闻，和美国关系紧张，和美国一个战线的国家也是一个报道待遇。你初中的印象可能是真的，只是给你看的角度不一样罢了。毕竟没有完全的坏人，也没有绝对的好人,2025-06-16 19:45:00,0,0
BV1aaMvzoEDN,2025-06-16 03:34:00,-530503744,-1512782639,38069170,不是两三岁,31,而且你这句话可以更思考一个问题，你从报刊上看的以色列，和现在国内媒体给你看的以色列，哪个是真实的呢？会不会每个时代都有不同形式的读者呢，看你高考时间，咱俩差不多大， 我从小对某个宗教不太喜欢，初中高中是那个印象，现在看还是那个印象。,2025-06-16 19:51:00,0,0
BV1aaMvzoEDN,2025-06-16 03:34:00,-530503744,-1511158495,639514865,蹭饭狂魔小王子,41,犹太人是会营销自己的。,2025-06-16 21:37:00,0,0
BV1aaMvzoEDN,2025-06-16 03:34:00,-530503744,-1506621407,1886579175,深杭,1,心旷神怡,2025-06-17 00:22:00,0,0
BV1aaMvzoEDN,2025-06-16 03:34:00,-530503744,-1501725711,385469173,风花雪月232,26,经典农业先进滴灌技术和高科技产业[傲娇],2025-06-17 01:47:00,0,0
BV1aaMvzoEDN,2025-06-16 03:34:00,-530503744,-1493087711,1967355,玩不了一点呗,0,那你一定还记得犹太人的家庭教育[吃瓜],2025-06-17 03:51:00,0,0
BV1aaMvzoEDN,2025-06-16 03:34:00,-530503744,-431757344,409871132,小小橙又来冲浪了_,21,真相大白,2025-06-17 04:33:00,0,0
BV1aaMvzoEDN,2025-06-16 03:34:00,-530503744,-1488832591,52125164,左左右右噢,146,以前吹的太厉害了，我小时候就听过滴灌的那个故事[笑哭][笑哭],2025-06-17 04:35:00,0,0
BV1aaMvzoEDN,2025-06-16 03:34:00,-530503744,-1487386959,106217271,H0tdog热狗,37,但确实是改变了，二战结束那会以色列确实是一个好国家,2025-06-17 04:49:00,0,0
BV1aaMvzoEDN,2025-06-16 03:34:00,-530503744,-1486238303,629853666,秋之林4444,2,就在早二三年前，感觉以色列还是正常可交的国家。,2025-06-17 05:03:00,0,0
BV1aaMvzoEDN,2025-06-16 03:34:00,-530503744,-421081792,45458729,ShinyHSI,48,"我第一次知道YSL 我就有疑问  
这地方原来有这么个国家吗？ [抠鼻][抠鼻]",2025-06-17 06:41:00,0,0
BV1aaMvzoEDN,2025-06-16 03:34:00,-530503744,-1477870527,401741157,捰玺镮苨,18,科技是科技，人品是人品,2025-06-17 06:55:00,0,0
BV1aaMvzoEDN,2025-06-16 03:34:00,-530503744,-1476054047,1536288,墨斯基,18,马超前几年还说激光打导弹呢[doge],2025-06-17 07:26:00,0,0
BV1aaMvzoEDN,2025-06-16 03:34:00,-530503744,-412802384,267021337,都是海波教的,98,那时候我们还和以色列交好，他们发展的也确实不错，打起仗来那就完全不一样了,2025-06-17 08:40:00,0,0
BV1aaMvzoEDN,2025-06-16 03:34:00,-530503744,-407446352,15320508,水桶君152,1,说明他们宣传很到位,2025-06-17 09:45:00,0,0
BV1aaMvzoEDN,2025-06-16 03:34:00,-530503744,-402532336,2530235,居?雨很白呢,172,看意林 读者看的,2025-06-17 10:36:00,0,0
BV1aaMvzoEDN,2025-06-16 03:34:00,-530503744,-1452073055,502459167,热烤小馒头,16,以色列能蹦跶到现在，除了美国，也跟它匹配的难绷对手有关系,2025-06-17 12:10:00,0,0
