﻿视频BV号,视频发布日期,上级评论ID,评论ID,用户ID,用户名,用户粉丝数,评论内容,评论时间,回复数,点赞数
BV1aANRzqE5d,2025-06-22 10:19:00,0,132485824,34427104,牛爷爷爱图图妈,0,刚开始伊朗害怕打，后来伊朗打着打着发现诶，不对，打着打着怎么还顺风了，看来美国和以色列就那样，[doge],2025-06-22 18:38:00,10,23
BV1aANRzqE5d,2025-06-22 10:19:00,132485824,166071056,627041742,A超级无敌小荡荡A,18,就是这样的,2025-06-23 05:53:00,0,0
BV1aANRzqE5d,2025-06-22 10:19:00,166071056,-894778399,3546897589471694,资挂灯,1,回复 @A超级无敌小荡荡A :这是彻底撕破脸了，之前还没有。,2025-06-23 07:49:00,0,3
BV1aANRzqE5d,2025-06-22 10:19:00,132485824,176293664,358315104,一焚一,35,"有网友说，一开始伊朗是担心国际观瞻，所以瞻前顾后。
没想到下定决心硬怼了，国际观瞻反而好起来了。。
神奇吧！",2025-06-23 08:18:00,0,11
BV1aANRzqE5d,2025-06-22 10:19:00,176293664,225635776,34427104,牛爷爷爱图图妈,0,回复 @一焚一 :只要不要脸了，豁出去了，看笑话的人就笑不出来了,2025-06-23 17:22:00,0,0
BV1aANRzqE5d,2025-06-22 10:19:00,132485824,-890056015,3546860159502476,冰抹茶脆脆鲨,0,中东21国支持伊朗啊，继续软下去还想在中东做大做强？,2025-06-23 08:54:00,0,2
BV1aANRzqE5d,2025-06-22 10:19:00,-890056015,183815088,15173715,生如夏花hjl,6,回复 @冰抹茶脆脆鲨 : 中东会支持伊朗？伊朗孤家寡人一个 宗教信仰都不一样的,2025-06-23 09:50:00,0,1
BV1aANRzqE5d,2025-06-22 10:19:00,183815088,-870097231,504038250,慵懒的牧童,10,回复 @生如夏花hjl :外人干进家里了还不表示稍微团结一点，那不是明摆着谁都能来中东割块肉？其实中东各宗派的矛盾更像同一家族，大房和二房不对付，三房四房各自心里小九九，算盘打到冒烟,2025-06-23 12:28:00,0,0
BV1aANRzqE5d,2025-06-22 10:19:00,132485824,-881221471,243469776,这个号暂时不投币,16,纸老虎再叫唤不还是纸,2025-06-23 10:34:00,0,0
BV1aANRzqE5d,2025-06-22 10:19:00,132485824,191965088,351434708,妹事就吃溜溜梅,11,伊朗内部还是大问题，亲美的太多了,2025-06-23 11:12:00,0,1
BV1aANRzqE5d,2025-06-22 10:19:00,132485824,-872605727,3461575717423250,视海捞针,3,美国已经下场了，伊朗现在很危险。,2025-06-23 12:02:00,0,1
