﻿视频BV号,视频发布日期,上级评论ID,评论ID,用户ID,用户名,用户粉丝数,评论内容,评论时间,回复数,点赞数
BV1ahNvzmEoz,2025-06-17 10:00:00,0,-310969216,61354537,红莲-白,91,伊朗和以色列相比较其他正在战争中的国家，真正实现了开战后根本看不到人在前线的现代战争…,2025-06-18 09:58:00,13,102
BV1ahNvzmEoz,2025-06-17 10:00:00,-310969216,-310951824,492412430,穹顶jx,22,应为不接壤,2025-06-18 09:59:00,0,19
BV1ahNvzmEoz,2025-06-17 10:00:00,-310969216,-1361869999,3493131546790255,大无限乐队,35,战略目标不一样，只是定点清除威胁，不是夺取zq。,2025-06-18 11:20:00,0,23
BV1ahNvzmEoz,2025-06-17 10:00:00,-310969216,-1354393727,28080698,雨浸天街土,13,想请问有没有懂的大佬，伊朗的空军力量咋样啊？[笑哭],2025-06-18 12:44:00,0,0
BV1ahNvzmEoz,2025-06-17 10:00:00,-1354393727,-1341238159,691357486,聆听自然法则,15,回复 @雨浸天街土 :很差劲～,2025-06-18 15:01:00,0,1
BV1ahNvzmEoz,2025-06-17 10:00:00,-1354393727,-1297399199,399814770,狄邱额,3,回复 @雨浸天街土 :空军基本没有，巴基斯坦比他强很多,2025-06-19 05:28:00,0,3
BV1ahNvzmEoz,2025-06-17 10:00:00,-1297399199,-1281470479,28080698,雨浸天街土,13,回复 @狄邱额 : 谢谢大佬，我就说怎么没看到空战,2025-06-19 09:21:00,0,0
BV1ahNvzmEoz,2025-06-17 10:00:00,-310969216,-293583568,321311048,rnggenerated,0,反了，是所有人都在前线，没有后方,2025-06-18 13:04:00,0,6
BV1ahNvzmEoz,2025-06-17 10:00:00,-310969216,-1349561775,189707594,落花难返枝,11,隔着约旦伊拉克，谁会让自己的陆军，通过这么远的距离去打地面战争？,2025-06-18 13:36:00,0,2
BV1ahNvzmEoz,2025-06-17 10:00:00,-310969216,-289428080,99271729,NIFE夜永夕,1534,不接壤啊大哥，哪来的前线,2025-06-18 13:49:00,0,6
BV1ahNvzmEoz,2025-06-17 10:00:00,-289428080,-281734784,61354537,红莲-白,91,"回复 @NIFE夜永夕 :美国03年打伊拉克，美国与伊拉克相距超过10000公里，横跨大西洋和中东。美军包括盟友超48万兵力，地面部队超25万人。03年无人机那会儿也不成熟（仅用于侦察），如果成熟当年根本不会用到那么多地面作战部队。类似这样的例子不说多，还是有一些。最典型的苏德全面战争都是派遣地面部队打攻坚战和摧毁一些重要设施。这些都是因为当年技术不成熟导致的。这些国家距离接壤差十万八千里。并不是说不接壤就没有前线。
补充点：虽然说这几场战争的目的战略不同，但不可否认的一点，正是因为现代技术的成熟，前线投入地面部队的人员大幅度减少。
仅仅一句不接壤的理由可站不住脚。",2025-06-18 15:10:00,0,8
BV1ahNvzmEoz,2025-06-17 10:00:00,-281734784,-1319947807,347549676,学徒序列,17,回复 @红莲-白 :你要是能说服约旦、伊拉克、叙利亚让以色列或者伊拉克大规模驻军，他们之间就能有前线,2025-06-19 00:07:00,0,0
BV1ahNvzmEoz,2025-06-17 10:00:00,-1319947807,-230933424,61354537,红莲-白,91,"回复 @学徒序列 :在你看来什么是前线？一定要你的人到一个地方，我的人到一个地方，双方碰面展开地面战才叫前线吗？还在用‘大规模驻军’的老黄历套现代战争？

无人机、远程导弹和电子眼技术现在比几十年前成熟太多了，早二三十年之前几乎就没这些玩意儿，要是现在这场仗在二三十年前打，双方肯定得派兵进对方地盘实施一些战略目标，或者逼着约旦叙利亚这些邻居站队，搞出传统大军对峙的“前线”因为当时除了拿人命填，没别的招。(比如2战不就是因为这样)
但2025年了，时代变了，大人。现实是啥？伊朗直接从本土射导弹炸以色列，以色列靠防空网和盟友战机远程拦截+反击，全程没派一兵进伊朗。中间国家（约旦，伊拉克）顶多开个雷达或拦下无人机，谁需要他们让出领土搞大规模驻军？
现代技术把前线这两个字在一定程度上已经重写了，现在前线是导弹射程范围、无人机监控网、网络战场！真主党、胡塞武装这种代理人拿无人机火箭弹消耗，背后大国远程递刀，比驻军高效十倍！
我很认同楼上那个叫rnggen回复的说法：现在的战争所有人都在前线，压根就没有后方",2025-06-19 07:10:00,0,2
BV1ahNvzmEoz,2025-06-17 10:00:00,-310969216,-1242031679,179343357,柒柒伍玖,61,也门那群爷们都炸了多久了,2025-06-19 16:54:00,0,0
