﻿视频BV号,视频发布日期,上级评论ID,评论ID,用户ID,用户名,用户粉丝数,评论内容,评论时间,回复数,点赞数
BV1ahNvzmEoz,2025-06-17 10:00:00,0,-237552304,3493119049861619,-Dinnerbone-,12,所以说伊朗到底哪来上千枚导弹的[疑惑],2025-06-19 05:29:00,36,60
BV1ahNvzmEoz,2025-06-17 10:00:00,-237552304,-1297174607,349700757,Strang3rrr,41,自己造的[抠鼻],2025-06-19 05:31:00,0,14
BV1ahNvzmEoz,2025-06-17 10:00:00,-237552304,-235422752,660189443,Neuromancers,46,沙漠捡的,2025-06-19 06:02:00,0,3
BV1ahNvzmEoz,2025-06-17 10:00:00,-237552304,-234539888,522087845,李岗岚,188,手搓，或改造以前的老导弹,2025-06-19 06:13:00,0,7
BV1ahNvzmEoz,2025-06-17 10:00:00,-237552304,-1287509823,271086,等待维纳斯,4,别觉得别人啥都没办法弄到伊朗就导弹部队能看，拖鞋军都能手搓伊朗为啥不行，而且大鹅是给过技术支持的，至于东大，我觉得没,2025-06-19 07:58:00,0,23
BV1ahNvzmEoz,2025-06-17 10:00:00,-237552304,-1278921103,14840264,蜗居宅貓,130,伊朗正经的导弹大国，属于是科技树全梭哈导弹了,2025-06-19 09:51:00,0,58
BV1ahNvzmEoz,2025-06-17 10:00:00,-237552304,-1276149327,385057772,书随终身,4,一党对国家可不弱呀，我们能经常听说的，在国际社会上下跳的，基本都不弱，否则都没能力跳,2025-06-19 10:24:00,0,28
BV1ahNvzmEoz,2025-06-17 10:00:00,-237552304,-211040528,7724922,风间今天好好摸鱼了吗,44,我也不知道为什么总有人觉得伊朗军事实力不行，他是人怂，实际上国内有相对健全的军工体系啊，基础军事力量都能自己生产的，坐了那么多年中东头把交椅，就算现在镇不住场子也不至于像非洲一样吧,2025-06-19 11:15:00,0,44
BV1ahNvzmEoz,2025-06-17 10:00:00,-211040528,-174879472,11924409,大E小易,27,回复 @风间今天好好摸鱼了吗 :三代机战斗机造不来，驱逐舰水平也不够,2025-06-19 19:49:00,0,0
BV1ahNvzmEoz,2025-06-17 10:00:00,-237552304,-1270798223,1521098058,Liverpool66route,19,伊朗军事实力不差,2025-06-19 11:21:00,0,1
BV1ahNvzmEoz,2025-06-17 10:00:00,-237552304,-205601264,1059975811,-欧墨尼得斯-,133,在全世界军事实力能排16名左右的国家、有八千多万人口和还算可观的工业，同时还牺牲了海空方向的发展，又是个准战国家（准战国家平时武器装备储备极大，比如说朝韩），能储备点导弹很奇怪吗？买只会更贵，大多都是自己造的。其实这还挺不真气的，朝鲜的条件可比伊朗差太多太多了，完全低好几个次层…结果伊朗才这点存货……,2025-06-19 12:13:00,0,36
BV1ahNvzmEoz,2025-06-17 10:00:00,-237552304,-1250134767,2522495,二流布偶和猫,107,伊朗导弹技术也是世界前列水平的。,2025-06-19 15:08:00,0,1
BV1ahNvzmEoz,2025-06-17 10:00:00,-237552304,-182703328,12717198,朱又包,89,伊朗基本科技树都在导弹上,2025-06-19 16:33:00,0,10
BV1ahNvzmEoz,2025-06-17 10:00:00,-237552304,-1242102559,31993067,密米尔之眼,11,其实是将军家的技术合作,2025-06-19 16:53:00,0,1
BV1ahNvzmEoz,2025-06-17 10:00:00,-237552304,-177924672,13804469,猫和老鼠蜡笔小新,6,导弹和导弹是不一样的。,2025-06-19 18:01:00,0,0
BV1ahNvzmEoz,2025-06-17 10:00:00,-237552304,-177846992,13804469,猫和老鼠蜡笔小新,6,他们的很多导弹可能也就是火箭弹水平,2025-06-19 18:02:00,0,0
BV1ahNvzmEoz,2025-06-17 10:00:00,-177846992,-150087344,1401109926,修改昵称硬币不足,15,回复 @猫和老鼠蜡笔小新 :你家火箭弹能打1000公里啊[抠鼻],2025-06-20 04:36:00,0,0
BV1ahNvzmEoz,2025-06-17 10:00:00,-150087344,-993089615,13804469,猫和老鼠蜡笔小新,6,回复 @修改昵称硬币不足 :我说的是很多，而不是全部。,2025-06-22 07:24:00,0,0
BV1ahNvzmEoz,2025-06-17 10:00:00,-177846992,-50882992,6971700,一个人梦游仙境,121,回复 @猫和老鼠蜡笔小新 :2000公里射程的火箭弹吗？高超音速导弹的火箭弹吗？[辣眼睛]兄弟火箭弹都是能手搓的，导弹和火箭弹不是一个东西。,2025-06-21 04:04:00,0,0
BV1ahNvzmEoz,2025-06-17 10:00:00,-237552304,-1235507727,174050786,丨韩丨立丨,200,[笑哭]没点实力早就灭国了,2025-06-19 20:25:00,0,0
BV1ahNvzmEoz,2025-06-17 10:00:00,-237552304,-172085456,442785220,漏网之鱼why,10,伊朗也工业化了,2025-06-19 22:36:00,0,0
BV1ahNvzmEoz,2025-06-17 10:00:00,-237552304,-172045856,342007530,Darknet_-,48,你想想我们,2025-06-19 22:38:00,0,0
BV1ahNvzmEoz,2025-06-17 10:00:00,-237552304,-166173536,324243321,能代wife,15,伊朗军事本来就不差。造导弹不是随随便便嘛，,2025-06-20 01:01:00,0,0
BV1ahNvzmEoz,2025-06-17 10:00:00,-237552304,-1226298623,380447359,酸酸甜甜-小番茄,132,伊朗不是小国啊。人家打了这么多年仗，再怎么几千枚导弹还是有的。,2025-06-20 01:22:00,0,0
BV1ahNvzmEoz,2025-06-17 10:00:00,-237552304,-1222483375,688563661,只是嘉宾_,16,伊朗也算是地区大国，在你这成搓不出导弹的了,2025-06-20 02:20:00,0,0
BV1ahNvzmEoz,2025-06-17 10:00:00,-237552304,-1216247727,288632792,攒钱买nineT,90,伊朗有导弹生产线的，你以为,2025-06-20 03:46:00,0,0
BV1ahNvzmEoz,2025-06-17 10:00:00,-237552304,-146956320,216828,傲笑长空,10,"不少了[笑哭]
两伊战争双方一共才丢了伍佰导弹，海湾战争才丢了八十枚。。",2025-06-20 05:09:00,0,0
BV1ahNvzmEoz,2025-06-17 10:00:00,-237552304,-1207874495,295433695,Mortalsk,3,人都想点核科技树了，上千导弹不正常吗[思考],2025-06-20 05:16:00,0,0
BV1ahNvzmEoz,2025-06-17 10:00:00,-237552304,-140746016,1722077647,我就是心系汉唐,91,有过介绍。它真有。,2025-06-20 06:32:00,0,0
BV1ahNvzmEoz,2025-06-17 10:00:00,-237552304,-1202464191,283418063,正版孜然,26,伊朗没有空基投送能力，只能梭哈路基导弹了,2025-06-20 06:35:00,0,0
BV1ahNvzmEoz,2025-06-17 10:00:00,-237552304,-1202329935,283418063,正版孜然,26,人家是有自己的工业体系的,2025-06-20 06:36:00,0,0
BV1ahNvzmEoz,2025-06-17 10:00:00,-237552304,-109064320,3546857005386218,黄昏的见证者,5,伊朗又不是小国[辣眼睛]也算不上大国，是发展中国家,2025-06-20 12:31:00,0,0
BV1ahNvzmEoz,2025-06-17 10:00:00,-237552304,-1161025919,391946955,帝皇直拳,0,叙利亚开心了，可以趁机打劫一波,2025-06-20 14:16:00,0,0
BV1ahNvzmEoz,2025-06-17 10:00:00,-237552304,-1145724223,441054876,培爱琪琪,5,据说伊朗能打到以色列的导弹 有上万发,2025-06-20 17:04:00,0,0
BV1ahNvzmEoz,2025-06-17 10:00:00,-237552304,-1145714015,28876485,Moira丿莫相离,140,军事技术都在导弹,2025-06-20 17:05:00,0,0
BV1ahNvzmEoz,2025-06-17 10:00:00,-237552304,-46545312,3494365672508102,MST74U_,20,那么大一个国家连几千枚导弹都没有？瞧不起谁呢？[翻白眼],2025-06-21 04:45:00,0,0
BV1ahNvzmEoz,2025-06-17 10:00:00,-237552304,21693792,47573840,异世界おじさん,103,人家体量在那啊,2025-06-21 16:46:00,0,0
