﻿视频BV号,视频发布日期,上级评论ID,评论ID,用户ID,用户名,用户粉丝数,评论内容,评论时间,回复数,点赞数
BV1ahNvzmEoz,2025-06-17 10:00:00,0,-378839568,277334523,rainsister,42,打了6波才200发？[捂眼],2025-06-17 14:40:00,42,104
BV1ahNvzmEoz,2025-06-17 10:00:00,-378839568,-1437517519,1590329058,TE彼岸,436,慢慢来，以色列才多大,2025-06-17 14:41:00,0,21
BV1ahNvzmEoz,2025-06-17 10:00:00,-1437517519,-1431800495,20245775,水产巨子孙一峰,8,回复 @TE彼岸 :是的，很多人对于以色列核心区域没概念，那么点地方吃了200发一半都得难受半天，何况短期内应该会有常态化的攻击表面立场，接下来要么就调停要么就升级，那都是后话了,2025-06-17 15:41:00,0,32
BV1ahNvzmEoz,2025-06-17 10:00:00,-1431800495,-1338968191,274784974,bill比尔1,0,回复 @水产巨子孙一峰 : 我觉的整30天，一天百八十就成,2025-06-18 15:25:00,0,0
BV1ahNvzmEoz,2025-06-17 10:00:00,-378839568,-372919424,11545945,叶无虞啊,311,还是挺贵的   得心疼半天了,2025-06-17 15:41:00,0,12
BV1ahNvzmEoz,2025-06-17 10:00:00,-372919424,-366868000,388974529,abyssrain8888,12,回复 @叶无虞啊 :自产贵不到哪里去的,2025-06-17 17:01:00,0,8
BV1ahNvzmEoz,2025-06-17 10:00:00,-366868000,-199180464,1347186044,简简单单666g,2,回复 @abyssrain8888 :原材料也不便宜的   造出的时间久  成本大,2025-06-19 13:23:00,0,0
BV1ahNvzmEoz,2025-06-17 10:00:00,-372919424,-1419246287,137429650,心窄看大海,21,回复 @叶无虞啊 :留着钱交赔款吗？这时候不能考虑钱的事了,2025-06-17 20:12:00,0,3
BV1ahNvzmEoz,2025-06-17 10:00:00,-378839568,-372902352,400415242,小阿悄丶丶,6,你以为放鞭炮呢[笑哭],2025-06-17 15:41:00,0,34
BV1ahNvzmEoz,2025-06-17 10:00:00,-378839568,-372950896,400415242,小阿悄丶丶,6,胡赛打了这么久正儿八经导弹打了几发,2025-06-17 15:42:00,0,20
BV1ahNvzmEoz,2025-06-17 10:00:00,-372950896,-1420229055,440431579,沺蘭嶶纆,19,回复 @小阿悄丶丶 :胡赛是每隔一周来几发，还能突防，属于新时代游击打法，单次伤害不大，但长期这样下去，以色列不头疼那是不可能的。,2025-06-17 19:25:00,0,4
BV1ahNvzmEoz,2025-06-17 10:00:00,-372950896,30078048,351766828,胡不丶归,42,回复 @小阿悄丶丶 : 胡赛穷啊，那可是真的穷,2025-06-21 19:36:00,0,0
BV1ahNvzmEoz,2025-06-17 10:00:00,-378839568,-1428251919,327648563,峰哥流浪天涯,28,伊朗的经济能力受限啊，被制裁这么多年经济已经快崩溃了，一枚最少几百万美元，伊朗真的快扛不住了。,2025-06-17 16:25:00,0,66
BV1ahNvzmEoz,2025-06-17 10:00:00,-1428251919,-1425596991,86179769,不想秃头的阿阳啊,13,回复 @峰哥流浪天涯 :都造出来了，不发出去留着干啥,2025-06-17 17:06:00,0,10
BV1ahNvzmEoz,2025-06-17 10:00:00,-1425596991,-1421142175,327648563,峰哥流浪天涯,28,回复 @不想秃头的阿阳啊 :经济不行造太少了，谁说要留着了？你理解能力堪忧啊！,2025-06-17 18:51:00,0,0
BV1ahNvzmEoz,2025-06-17 10:00:00,-1421142175,-1356625935,86179769,不想秃头的阿阳啊,13,回复 @峰哥流浪天涯 : 伊朗现在打的肯定都是库存，不影响经济[吃瓜],2025-06-18 12:20:00,0,0
BV1ahNvzmEoz,2025-06-17 10:00:00,-1428251919,-1418267183,179750775,烽火卷飞沙,5,回复 @峰哥流浪天涯 :如果伊朗下定决心打美军基地，那么他的导弹将用不完[吃瓜],2025-06-17 21:17:00,0,1
BV1ahNvzmEoz,2025-06-17 10:00:00,-1418267183,-1416880111,327648563,峰哥流浪天涯,28,回复 @烽火卷飞沙 :那美国也会下场，热闹了,2025-06-17 22:43:00,0,0
BV1ahNvzmEoz,2025-06-17 10:00:00,-1416880111,-179122160,9966521,此人已死有事烧纸123,11,回复 @峰哥流浪天涯 :美国敢下场 中俄会让美国埋在中东,2025-06-19 17:33:00,0,0
BV1ahNvzmEoz,2025-06-17 10:00:00,-1428251919,-1313881295,2146823152,没硬币不敢改昵称,7,回复 @峰哥流浪天涯 :伊朗是自己造的，肯定会便宜些的,2025-06-19 01:57:00,0,0
BV1ahNvzmEoz,2025-06-17 10:00:00,-378839568,-1428014607,3546847178132098,朴柏哲潮客观,0,他们又不像我们 要是我们打 国家工业机器运转起来 以色列每条街都能分到200发 伊朗底子薄还被制裁了这么多年,2025-06-17 16:29:00,0,48
BV1ahNvzmEoz,2025-06-17 10:00:00,-378839568,-368181872,451283445,北风冰封,7,一发得几百万美元哪，200枚，已经是几十个小目标了。,2025-06-17 16:41:00,0,25
BV1ahNvzmEoz,2025-06-17 10:00:00,-378839568,-1424647887,315181593,有点潮的哇,1,你以为谁都跟我们一样啊？导弹洗地啊,2025-06-17 17:21:00,0,0
BV1ahNvzmEoz,2025-06-17 10:00:00,-378839568,-365259440,16326721,视夷听希,6,打不出去，发射架被废了，天上又都是以色列飞机,2025-06-17 17:29:00,0,0
BV1ahNvzmEoz,2025-06-17 10:00:00,-378839568,-364231504,225364844,龙霄鹏,136,200也不少了，胡赛打了这么久正儿八经导弹打了几发,2025-06-17 17:48:00,0,0
BV1ahNvzmEoz,2025-06-17 10:00:00,-378839568,-1423037663,20083150,Audenless,25,现在总计400多了好像,2025-06-17 17:58:00,0,0
BV1ahNvzmEoz,2025-06-17 10:00:00,-378839568,-363327392,536515106,伯贤喜欢甜妹,1,伊朗经济也不好，很多武器都是落后的,2025-06-17 18:07:00,0,0
BV1ahNvzmEoz,2025-06-17 10:00:00,-378839568,-362095136,96942000,爱吃花酱的喵喵,565,导弹贵,2025-06-17 18:46:00,0,0
BV1ahNvzmEoz,2025-06-17 10:00:00,-378839568,-362232288,509916505,东呛东东呛,18,中程导弹啊，哥，你以为是火箭弹啊。我国两千年左右的时候年产量才多少，现在总体储备才多起来。就他发射的这些已经不少了，要不是老美明里暗里支持，换其它国家一枚估计都拦不下。,2025-06-17 18:46:00,0,8
BV1ahNvzmEoz,2025-06-17 10:00:00,-378839568,-361458448,43945201,曾经我叫孙日天丶,0,你当所有国家都是咱家呢？就这强度不比俄乌高？,2025-06-17 19:09:00,0,1
BV1ahNvzmEoz,2025-06-17 10:00:00,-378839568,-1420514751,7574974,滑稽的2233,105,"你以为谁都和咱家一样？
这玩意可不是谁都玩的起的，就这么说，常规弹头，伊朗就算打空弹药也打不掉的
这个距离，一般的导弹还不行的
现在又要一直打，还得保存一些，你真不能太高看他了",2025-06-17 19:13:00,0,2
BV1ahNvzmEoz,2025-06-17 10:00:00,-378839568,-360963280,3546767477967725,TheOneTheReal,7,很担心伊朗的导弹制造工厂能不能保住，如果被恶犹炸掉，伊朗的导弹库存能支撑多久？,2025-06-17 19:27:00,0,2
BV1ahNvzmEoz,2025-06-17 10:00:00,-378839568,-1419210703,284555379,荒野幽灵乌鸦,63,黔驴技穷，第一天100-200，第二天60，第三天30，后面我不敢想了,2025-06-17 20:21:00,0,1
BV1ahNvzmEoz,2025-06-17 10:00:00,-378839568,-290361104,29777136,倭肯马丁,59,小孩，没什么,2025-06-18 13:39:00,0,0
BV1ahNvzmEoz,2025-06-17 10:00:00,-378839568,-290306816,99271729,NIFE夜永夕,1534,很贵啊，200发至少得好几个小目标了，而且大国批量造起来成本要低，小国不管是研发成本还是买被人的被赚差价，单枚导弹成本都要高很多。,2025-06-18 13:40:00,0,1
BV1ahNvzmEoz,2025-06-17 10:00:00,-378839568,-1331419743,353334874,肥肥鸭掌quq,6,你以为火箭弹呢[笑哭]那是中远距离的导弹了，这俩搁着1000公里呢，北京到广州都2000km了,2025-06-18 17:01:00,0,0
BV1ahNvzmEoz,2025-06-17 10:00:00,-378839568,-1329270303,25569398,香蕉卜呐呐丶,175,超高音速特别贵的，一发几百万上千万不开玩笑，你想想当年我们卖给中东的东风是什么价。,2025-06-18 17:42:00,0,0
BV1ahNvzmEoz,2025-06-17 10:00:00,-378839568,-1324981407,1643182,帅猫,16,[吃瓜] 一个上百万美元，不算研发，这种空导战就是打的互相伤害和经济,2025-06-18 20:22:00,0,0
BV1ahNvzmEoz,2025-06-17 10:00:00,-378839568,-1324929999,1643182,帅猫,16,打的就是心理底线,2025-06-18 20:23:00,0,0
BV1ahNvzmEoz,2025-06-17 10:00:00,-378839568,-265362160,1414200445,双岛牌奶汪,1,五常国国民的何不食肉糜式发问（）,2025-06-18 21:17:00,0,0
BV1ahNvzmEoz,2025-06-17 10:00:00,-378839568,-251687232,388698004,萌丿姣姣,40,不少了哥们[笑哭],2025-06-19 02:43:00,0,0
BV1ahNvzmEoz,2025-06-17 10:00:00,-378839568,-1257897743,474223983,赛博矿工_Net,6,不是所有国家都是中国，甚至你现在让美国一下子齐射200枚以上的中远程导弹，美国一下子都够呛，这东西不会存很多，因为维护费用很高昂，除非转为战时状态，制造和消耗达到一个平衡，这时候可能百枚导弹齐射就偏向常态了，但是发射导弹也是为了精准攻击敌方的高价值目标，实际的杀伤力要说多大也不至于，你就算常态一天打个几百枚，对方也得有那么多高价值目标可以打击才行啊，战争是为了利益，大炮打蚊子不是纯亏吗[笑哭],2025-06-19 13:42:00,0,0
BV1ahNvzmEoz,2025-06-17 10:00:00,-378839568,-1134200271,391453090,铁翻_,22,我觉得这就是为了拖以色列。天天让你防空警报，无法进行正常的生产生活。,2025-06-20 23:33:00,0,0
