﻿视频BV号,视频发布日期,上级评论ID,评论ID,用户ID,用户名,用户粉丝数,评论内容,评论时间,回复数,点赞数
BV1aANRzqE5d,2025-06-22 10:19:00,0,-958737951,275141063,此雾山居良人,57,论骨气这块，胡赛还没输过[笑哭]从头硬到尾，开打时哪怕对手是美国都是说翻脸就翻脸，丝毫不怂他美国[笑哭][笑哭],2025-06-22 13:35:00,69,1958
BV1aANRzqE5d,2025-06-22 10:19:00,-958737951,118626304,355958747,谁都不是的我,24,光脚不怕穿鞋的现实写照[吃瓜],2025-06-22 15:13:00,0,179
BV1aANRzqE5d,2025-06-22 10:19:00,-958737951,121053648,63812732,莓-015,46,打的越狠沙漠里面爆的东西越多[笑哭],2025-06-22 15:38:00,0,98
BV1aANRzqE5d,2025-06-22 10:19:00,-958737951,-946385807,2055197197,影宝的梦想一心,2,美国不大可能为了胡赛这卡拉米彻底开战，搞弹道打吧，胡赛又没有什么高价值目标给美国打。所谓打也不是，不打也不是。就很微妙。,2025-06-22 15:40:00,0,92
BV1aANRzqE5d,2025-06-22 10:19:00,-946385807,-945098879,55701174,木瓜酸送粥,19,回复 @影宝的梦想一心 :美国如果彻底开战，目前形势可能比俄罗斯的水要深得多，另外一个党可是看热闹不嫌事大,2025-06-22 15:55:00,0,207
BV1aANRzqE5d,2025-06-22 10:19:00,-945098879,-931509807,9191665,丶火锅,41,回复 @木瓜酸送粥 :能不能统一就看这一下了,2025-06-22 22:04:00,0,7
BV1aANRzqE5d,2025-06-22 10:19:00,-931509807,-925933263,55701174,木瓜酸送粥,19,回复 @丶火锅 :有点难，他们可能就没有统一的概念，先不说州之间的关系，就红脖子那谁都干的纯朴性格……,2025-06-23 00:48:00,0,2
BV1aANRzqE5d,2025-06-22 10:19:00,-945098879,138671392,3546582215559628,是牧之啊师爷,47,回复 @木瓜酸送粥 :美国后面没人了,2025-06-22 23:21:00,0,3
BV1aANRzqE5d,2025-06-22 10:19:00,-945098879,149767440,380845,灬风华乱舞灬,43,回复 @木瓜酸送粥 :另一个党可不是看乐子，还会使绊子[doge],2025-06-23 02:47:00,0,6
BV1aANRzqE5d,2025-06-22 10:19:00,-945098879,151448720,11604045,瞰云,4,回复 @木瓜酸送粥 :俄罗斯国内跟美国比起来还是稳定多了，美国想干点啥都会有一个很有力的扯后腿的[妙啊],2025-06-23 03:10:00,0,4
BV1aANRzqE5d,2025-06-22 10:19:00,-946385807,154637984,473093614,悲田院,6,回复 @影宝的梦想一心 :其实还是美帝实力逐渐应付不了当今局势了，就像我们一只手掌受伤了，有只蚊子嗡嗡嗡的烦人，但你没法去拍死它，因为自己也疼。,2025-06-23 03:50:00,0,1
BV1aANRzqE5d,2025-06-22 10:19:00,-946385807,215469216,437342736,hotteano,14,回复 @影宝的梦想一心 : 关键还是老美没钱要省军费，要是01年那个时候现在估计已经陷在泥潭里了,2025-06-23 15:10:00,0,0
BV1aANRzqE5d,2025-06-22 10:19:00,-958737951,-945557999,38521464,发芽的土豆芽,14,"人们以为的胡塞：露头被秒
现实的胡塞：越打话语权越大，爆的高科装备越多
想起来七十年前那场战争了[喜极而泣]",2025-06-22 15:48:00,0,856
BV1aANRzqE5d,2025-06-22 10:19:00,-945557999,-932607215,526446099,幸福平安美好生活,101,回复 @发芽的土豆芽 :你得让大家看得到，你是一个可以信任的有价值小弟！要不然谁带你玩！,2025-06-22 20:47:00,0,28
BV1aANRzqE5d,2025-06-22 10:19:00,-945557999,-926053215,4080581,火钳刘眀,39,回复 @发芽的土豆芽 :胡赛真的有点那一场的影子,2025-06-23 00:45:00,0,1
BV1aANRzqE5d,2025-06-22 10:19:00,-945557999,-923427647,3546899088935280,咸鱼八分配,0,回复 @发芽的土豆芽 : 沙漠里啥都能捡到[脱单doge],2025-06-23 01:33:00,0,1
BV1aANRzqE5d,2025-06-22 10:19:00,-945557999,-921971871,21769979,啊噜啊噜啊噜阿,46,回复 @发芽的土豆芽 :只要胡赛想打，就有人送装备,2025-06-23 01:56:00,0,2
BV1aANRzqE5d,2025-06-22 10:19:00,-945557999,155972752,500418409,男主de情敌,5,回复 @发芽的土豆芽 :沙漠里长武器了[doge_金箍],2025-06-23 04:03:00,0,1
BV1aANRzqE5d,2025-06-22 10:19:00,-945557999,157465680,3546883507096537,我爱小米猕猴爱我吗,0,回复 @发芽的土豆芽 :正义之师终将毁灭纸老虎帝国主义！,2025-06-23 04:20:00,0,3
BV1aANRzqE5d,2025-06-22 10:19:00,-945557999,173030912,164776343,,3,回复 @发芽的土豆芽 :可以去看看花老师的视频，胡赛老乡只是装备落后，思想完全不落后，紧跟中美步伐，但是他们的部队甚至是合成化部队，非常先进的编制,2025-06-23 07:33:00,0,5
BV1aANRzqE5d,2025-06-22 10:19:00,173030912,-863450191,38521464,发芽的土豆芽,14,回复 @-浅唱鸭 :问题就是上三常以外都没有的高超音速导弹，合成兵团怎么会出现在这个中东都排不上号的小国[笑哭]感觉布局从阿也战争就开始了,2025-06-23 13:38:00,0,0
BV1aANRzqE5d,2025-06-22 10:19:00,-863450191,210811248,164776343,,3,回复 @发芽的土豆芽 :有没有可能不是别人没有，而是因为没人关注，虽然比我们的高超还差很多，但伊朗和胡赛确实是有高超的,2025-06-23 14:25:00,0,0
BV1aANRzqE5d,2025-06-22 10:19:00,210811248,-763380991,38521464,发芽的土豆芽,14,回复 @-浅唱鸭 :中东有高超的国家确实不少，但胡塞上月打的几发16马赫的比美军现役最强高超还要快[吃瓜]小道消息说是骆驼从兔子家新买的df被胡塞半路劫了[doge],2025-06-24 14:44:00,0,0
BV1aANRzqE5d,2025-06-22 10:19:00,-763380991,340994000,164776343,,3,回复 @发芽的土豆芽 :哥们玩梗可以，但是营销号还是少看吧，巴勒斯坦2确实可以达到16马赫，但是并不具备我国拥有的大气层内机动变轨能力，也就是没有搭载乘波体弹头，弹道是直的，估计推进技术来源为伊朗，伊朗好几年前就有10马赫以上风洞，这些资料你百度都有，还有就是美国的高超技术。。。要不你查一下呢？,2025-06-25 02:18:00,0,0
BV1aANRzqE5d,2025-06-22 10:19:00,340994000,-717482975,38521464,发芽的土豆芽,14,回复 @-浅唱鸭 :劫导弹这个肯定是玩梗，df的发射权在咱们手里我知道[喜极而泣]之前看网上新闻以为胡塞那个是末端突防十几马赫，确实是被营销号带偏了,2025-06-25 05:16:00,0,0
BV1aANRzqE5d,2025-06-22 10:19:00,-945557999,-894958207,3546897589471694,资挂灯,1,回复 @发芽的土豆芽 :老美下定决心打，肯定赢，但是呢？代价非常大。胡赛武装就是这样子,2025-06-23 07:46:00,0,0
BV1aANRzqE5d,2025-06-22 10:19:00,-945557999,-880427087,260279799,刚版曰川,23,回复 @发芽的土豆芽 :能吃掉别人的旗子才是好旗子，才有利用价值,2025-06-23 10:42:00,0,0
BV1aANRzqE5d,2025-06-22 10:19:00,-958737951,-944220847,518157584,-__-__-_-_-__-,2,胡赛武装不缺武器 比较硬气,2025-06-22 16:05:00,0,82
BV1aANRzqE5d,2025-06-22 10:19:00,-944220847,-937615215,293894551,识宝诈骗中心,13,回复 @-__-__-_-_-__- :胡赛会捡到野生武器[doge],2025-06-22 17:44:00,0,29
BV1aANRzqE5d,2025-06-22 10:19:00,-937615215,177962752,44271214,晚上月亮刚下班,46,回复 @识宝诈骗中心 :野人都有有野生武器也很正常吧[doge],2025-06-23 08:41:00,0,1
BV1aANRzqE5d,2025-06-22 10:19:00,177962752,-875927887,293894551,识宝诈骗中心,13,回复 @晚上月亮刚下班 :合理[doge],2025-06-23 11:28:00,0,0
BV1aANRzqE5d,2025-06-22 10:19:00,177962752,-875981935,293894551,识宝诈骗中心,13,回复 @晚上月亮刚下班 :我愿称其为野器,2025-06-23 11:28:00,0,0
BV1aANRzqE5d,2025-06-22 10:19:00,-944220847,-919380479,43423056,fengyun33,4,回复 @-__-__-_-_-__- :只要你敢打，沙漠里自动长出各种武器弹药，你相信他们连高超导弹都敢长，问你怕未。,2025-06-23 02:36:00,0,4
BV1aANRzqE5d,2025-06-22 10:19:00,-958737951,124864320,400555408,陈年年小朋友,8,什么是风洞？沙漠直接刷新啊,2025-06-22 16:21:00,0,49
BV1aANRzqE5d,2025-06-22 10:19:00,-958737951,128038592,486083039,doincjq,10,主要他的地理位置太好了，背后还有大哥支持，天时地利人和,2025-06-22 17:05:00,0,54
BV1aANRzqE5d,2025-06-22 10:19:00,-958737951,-938750639,3546621325347070,演唱会门票把把中,0,胡赛背后可不止一两个大哥支持，你以为它自信哪来的,2025-06-22 17:21:00,0,66
BV1aANRzqE5d,2025-06-22 10:19:00,-938750639,146937488,35018526,鹊桥仙人,175,回复 @演唱会门票把把中 : 我感觉除了大哥，可能逊尼派包括和美西方有仇的都有可能暗中支持,2025-06-23 02:04:00,0,3
BV1aANRzqE5d,2025-06-22 10:19:00,-938750639,147742080,20749845,恶灵怨,13,回复 @演唱会门票把把中 : 沙特阿联酋卡塔尔这些，虽然不敢明面上和美国叫板，但偷偷往沙子里埋点土特产还是没问题的。,2025-06-23 02:17:00,0,11
BV1aANRzqE5d,2025-06-22 10:19:00,147742080,-871615199,504038250,慵懒的牧童,10,回复 @恶灵怨 :狗大户可是总会在关键时刻凑巧买一船高级装备，凑巧的被身旁的各路刚好缺趁手家伙的绿林好汉劫道，然后可怜兮兮[酸了]的再买一船,2025-06-23 12:13:00,0,0
BV1aANRzqE5d,2025-06-22 10:19:00,-938750639,-905814303,25769359,hgrj,65,回复 @演唱会门票把把中 :自己得支棱起来，中东平头哥，开团永远冲在第一个，这种小弟大哥才喜欢,2025-06-23 05:12:00,0,1
BV1aANRzqE5d,2025-06-22 10:19:00,-938750639,-825996095,165995682,雨后的空灵,12,回复 @演唱会门票把把中 :他的自信是自己硬，就像建国的时候教员也硬，是因为背后有支撑吗？就是现在的胡赛有支撑，那也是人家先前硬，打出来的统战价值,2025-06-24 02:31:00,0,0
BV1aANRzqE5d,2025-06-22 10:19:00,-958737951,-937807615,34838463,动漫动漫丿,17,主要是胡赛根本没有什么可供打击的目标，伊朗还有核设施军工厂给你炸呢，胡赛的装备不是抢的就是沙漠里长的，轰炸他顶多炸死几个人还没导弹值钱呢。。。,2025-06-22 17:39:00,0,178
BV1aANRzqE5d,2025-06-22 10:19:00,-937807615,-836511791,689060471,呱呱234,11,回复 @动漫动漫丿 :那他们导弹哪来的？,2025-06-23 22:55:00,0,0
BV1aANRzqE5d,2025-06-22 10:19:00,-937807615,257249712,166063046,泷月い,5,回复 @动漫动漫丿 :光脚的不怕穿鞋的,2025-06-24 04:52:00,0,0
BV1aANRzqE5d,2025-06-22 10:19:00,-958737951,-933613311,157370,欃槍聯虹,4,伊朗需要洲际导弹,2025-06-22 19:47:00,0,6
BV1aANRzqE5d,2025-06-22 10:19:00,-958737951,134942256,4198745,搖曳的七色,8,完美诠释了什么叫光脚的不怕穿鞋的,2025-06-22 20:14:00,0,34
BV1aANRzqE5d,2025-06-22 10:19:00,-958737951,135755728,87620848,黑化的老王,2272,真不能小看胡赛，胡赛老哥是懂持久战的，他们的精神早就武装完毕了,2025-06-22 21:05:00,0,63
BV1aANRzqE5d,2025-06-22 10:19:00,-958737951,138215520,11668031,biubiubiu飞,7,胡赛也是也是伊朗的打手啊,2025-06-22 23:09:00,0,5
BV1aANRzqE5d,2025-06-22 10:19:00,138215520,161794912,392988202,松柏知心,14,回复 @biubiubiu飞 :小弟,2025-06-23 05:00:00,0,0
BV1aANRzqE5d,2025-06-22 10:19:00,-958737951,138333712,2131039503,灬灬昵灬灬称灬灬,22,胡赛想上桌吃饭只能拼命争取,2025-06-22 23:14:00,0,24
BV1aANRzqE5d,2025-06-22 10:19:00,-958737951,-928355471,76525959,放轻松好事自然会来,12,越打装备爆率越高,2025-06-22 23:53:00,0,2
BV1aANRzqE5d,2025-06-22 10:19:00,-958737951,143396816,32514428,autogar,14,也门是阿拉伯国家最穷之一，胡赛就有点像武侠小说里的丐帮，已经穷到没啥可失去的了，所以凝聚力高打谁都不怂，谁打他们都吃亏，纯浪费钱,2025-06-23 01:06:00,0,31
BV1aANRzqE5d,2025-06-22 10:19:00,-958737951,143669216,27869043,青衫负虹剑,22,大佬手下的双花红棍[笑哭],2025-06-23 01:11:00,0,3
BV1aANRzqE5d,2025-06-22 10:19:00,-958737951,-924083983,104985562,EngelUndTeufel,110,胡赛后面是双老大 要不你猜猜是哪两个[doge_金箍],2025-06-23 01:21:00,0,0
BV1aANRzqE5d,2025-06-22 10:19:00,-924083983,-923321967,11471963,绝世玉汤,5,回复 @EngelUndTeufel :哪两个[思考],2025-06-23 01:33:00,0,0
BV1aANRzqE5d,2025-06-22 10:19:00,-958737951,146495072,308998822,那天学校的雨,41,美国没少祸害中东国家，它要是下场怕不是又要沦陷个十几年[嗑瓜子],2025-06-23 01:59:00,0,12
BV1aANRzqE5d,2025-06-22 10:19:00,-958737951,150581456,8818948,白尾喵星人,42,胡赛啥时候能掏出来成体系的J10那才NB[藏狐],2025-06-23 03:00:00,0,0
BV1aANRzqE5d,2025-06-22 10:19:00,-958737951,156439856,3717409,伊甸蛇,30,"阅兵的时候一堆缺胳膊少腿的 太他妈的震撼人心了。
勉强能与之媲美的，是解放军在洪水里的人墙。",2025-06-23 04:08:00,0,4
BV1aANRzqE5d,2025-06-22 10:19:00,-958737951,164693552,405008032,淡白至极的画作,77,光脚的不怕穿鞋的,2025-06-23 05:34:00,0,0
BV1aANRzqE5d,2025-06-22 10:19:00,-958737951,-903173375,400590666,hhddbbdd,36,美还以为是1991呢,2025-06-23 05:47:00,0,1
BV1aANRzqE5d,2025-06-22 10:19:00,-958737951,-902805983,486553857,心有猛虎细嗅蔷薇725,148,胡赛是真的硬气，以前沙特都给打的交保护费，这样的小弟真的谁家老大不爱啊[呲牙],2025-06-23 05:51:00,0,4
BV1aANRzqE5d,2025-06-22 10:19:00,-958737951,168000752,330408205,oO孤影寻梦Oo,100,胡塞以前被沙特10几个国联军打，都打不过，都被打跑了,2025-06-23 06:19:00,0,3
BV1aANRzqE5d,2025-06-22 10:19:00,-958737951,-897728431,1913466553,M45星云,15,胡塞人是真的优越性,2025-06-23 07:05:00,0,2
BV1aANRzqE5d,2025-06-22 10:19:00,-897728431,-862439455,1913466553,M45星云,15,回复 @M45星云 :说错了，是有血性[笑哭],2025-06-23 13:48:00,0,0
BV1aANRzqE5d,2025-06-22 10:19:00,-958737951,175776992,94407046,风起于青萍之末188,53,讲真的，胡塞的政治水平还是军事能力在中东大区都有点超模了，缺点就是资源太少了太穷，没能完成国家统一很可惜。,2025-06-23 08:13:00,0,4
BV1aANRzqE5d,2025-06-22 10:19:00,-958737951,187304816,429199133,LouisFox猎狐,8,玩了这么多年的游戏，发现老乡竟如此??B,2025-06-23 10:27:00,0,0
BV1aANRzqE5d,2025-06-22 10:19:00,-958737951,203857376,1841901042,再见时仍怦然心动,5,软的怕硬的，硬的怕不要命的,2025-06-23 13:14:00,0,0
BV1aANRzqE5d,2025-06-22 10:19:00,-958737951,244054832,2125484748,可莉唯一的狗,12,不对称经济消耗战，胡塞武装日导弹支出二百万美刀、美国日拦截导弹支出三千万美刀，胡塞武装本身就是伊朗的代理人，伊朗每年只需要花费3亿美刀，就能让美国在红海的航母舰队动弹不得，美国还没有任何有效办法应对，航母虽然抗炸，但是炸多了，那也是废废，所以胡塞武装炸它的航母舰队，美国必须要拦截[思考][思考][思考],2025-06-24 02:19:00,0,0
