﻿视频BV号,视频发布日期,上级评论ID,评论ID,用户ID,用户名,用户粉丝数,评论内容,评论时间,回复数,点赞数
BV1A9MvzkE7u,2025-06-16 02:53:00,0,-518334496,1656490100,我是说假如,1,去这里当记者一天不给我一万我绝对不去,2025-06-16 06:04:00,10,15
BV1A9MvzkE7u,2025-06-16 02:53:00,-518334496,-1572045903,3493119395892093,九哥爱说实话,43,兄弟，这不是钱的问题！,2025-06-16 06:25:00,0,14
BV1A9MvzkE7u,2025-06-16 02:53:00,-518334496,-505892368,569751246,040系统消息,15,我只有五千,2025-06-16 09:08:00,0,1
BV1A9MvzkE7u,2025-06-16 02:53:00,-518334496,-1558680495,3546594779596878,bili_95191616879,25,一万也得有命拿啊……,2025-06-16 09:42:00,0,0
BV1A9MvzkE7u,2025-06-16 02:53:00,-518334496,-1557898239,1319624459,君封小哥哥,10,運氣不好直接吃席，錢給的再多你在也帶不走所以還是敬佩戰地記者的！確實拿命換新聞！,2025-06-16 09:52:00,0,4
BV1A9MvzkE7u,2025-06-16 02:53:00,-518334496,-1557736815,3546892954766087,锅內鱿鱼挺长旷,6,没人会给你1个W的。这不有人在吗？她也不会拿到1个W的。你一定会想不明白的。很正常，你的小心脏不行。,2025-06-16 09:54:00,0,4
BV1A9MvzkE7u,2025-06-16 02:53:00,-518334496,-1557544431,1865307465,呵呵八百呵呵呵,47,你推测一下这次以色列经历了高强度军事冲突（拦截伊朗大规模导弹)后，以色列的科技产业(尤其是军事产品)会不会得到大量出口。你想想隐身战机及无人作战，反导系统及反空系统及电子战系统经历了如此高强度高价值的实战经验，应对了饱和式中程弹道导弹及高超音速导弹及火箭炮及无人机的攻击的反导防空系统，还有运力电子战等系统实战价值极高，本人感觉很多国家都希望大量进口以色列武器，并且希望以色列能帮助其国家军队建立军队电子战能力。（又有高价值实战价值（比如拦截饱和式导弹袭击））,2025-06-16 09:55:00,0,1
BV1A9MvzkE7u,2025-06-16 02:53:00,-1557544431,-1550996943,238787575,石门小强,5,回复 @呵呵八百呵呵呵 :你在寻找商机？,2025-06-16 11:06:00,0,0
BV1A9MvzkE7u,2025-06-16 02:53:00,-518334496,-1556718287,73371285,jim_jiang,5,以色列有枪杀记着的传统。,2025-06-16 10:05:00,0,2
BV1A9MvzkE7u,2025-06-16 02:53:00,-518334496,-1552873487,262204886,北极星DE闪耀,12,[doge]战地记者很多人是富二代…    想象不到吧？,2025-06-16 10:47:00,0,0
BV1A9MvzkE7u,2025-06-16 02:53:00,-518334496,-476277360,1440205733,新Andy_liberty,82,特拉维夫好多了，去加沙当记者才是惨,2025-06-16 14:22:00,0,0
