﻿视频BV号,视频发布日期,上级评论ID,评论ID,用户ID,用户名,用户粉丝数,评论内容,评论时间,回复数,点赞数
BV1AfKwzVEga,2025-06-20 09:48:00,0,-1005481663,1097696191,魔剑风云,6,伊朗现在还缺少一个钱学森弹道[吃瓜],2025-06-22 05:05:00,14,9
BV1AfKwzVEga,2025-06-20 09:48:00,-1005481663,64376320,30883021,六楼的胖纸,67,看看实况吧老乡，末端加速的中程导弹[doge],2025-06-22 05:35:00,0,1
BV1AfKwzVEga,2025-06-20 09:48:00,64376320,-988514911,1097696191,魔剑风云,6,回复 @六楼的胖纸 :你说的跟我说的有什么必然联系吗[吃瓜],2025-06-22 08:17:00,0,0
BV1AfKwzVEga,2025-06-20 09:48:00,-988514911,82787744,30883021,六楼的胖纸,67,回复 @魔剑风云 :巴基斯坦走廊，细品[doge],2025-06-22 09:09:00,0,0
BV1AfKwzVEga,2025-06-20 09:48:00,64376320,-962205247,399886450,听风吹落紫荆,17,回复 @六楼的胖纸 :钱学森导弹不只是末端加速[笑哭],2025-06-22 12:59:00,0,0
BV1AfKwzVEga,2025-06-20 09:48:00,-962205247,119908960,30883021,六楼的胖纸,67,回复 @听风吹落紫荆 :前段跳舞也没人能录下来啊问题是[笑哭],2025-06-22 15:25:00,0,0
BV1AfKwzVEga,2025-06-20 09:48:00,-1005481663,-985668223,85016596,滚2圈键盘,28,没事 看需求 沙漠里挖挖看 总能挖到的,2025-06-22 08:53:00,0,0
BV1AfKwzVEga,2025-06-20 09:48:00,-1005481663,87085920,38496808,狂三x吾王,19,没事沙漠里面总能刷新出来你要的[笑哭],2025-06-22 09:54:00,0,0
BV1AfKwzVEga,2025-06-20 09:48:00,-1005481663,89070336,191365633,疯狂佛祖,39,这是机密中的机密，怎么可能随便告诉,2025-06-22 10:16:00,0,0
BV1AfKwzVEga,2025-06-20 09:48:00,-1005481663,91513856,65105402,生鲜饺子,719,沙漠是一个神奇的地方，石油能长，导弹也能长,2025-06-22 10:41:00,0,0
BV1AfKwzVEga,2025-06-20 09:48:00,-1005481663,-962762159,4288156,小千很无奈,30,缺火力覆盖，产能,2025-06-22 12:54:00,0,0
BV1AfKwzVEga,2025-06-20 09:48:00,-1005481663,-962636655,286499786,yiguanzhe,7,这个是秘籍，岂能轻易示人，全世界也没几个国家能掌握，伊朗？基本没戏…,2025-06-22 12:56:00,0,0
BV1AfKwzVEga,2025-06-20 09:48:00,-1005481663,-961821327,333847552,曼耶纱华,26,去看军武白板,2025-06-22 13:05:00,0,0
BV1AfKwzVEga,2025-06-20 09:48:00,-1005481663,-876269503,1225194297,做题一小时,3,你在说什么？这是中国的，你以为缺就会的？老美都没的东西你跟他们说什么！我不明白你的意思！国之重器你倒是大方！,2025-06-23 11:24:00,0,0
BV1AfKwzVEga,2025-06-20 09:48:00,-1005481663,-859194367,29275798,Dr黑曜石,69,这玩意是高科，不能乱给,2025-06-23 14:23:00,0,0
