﻿视频BV号,视频发布日期,上级评论ID,评论ID,用户ID,用户名,用户粉丝数,评论内容,评论时间,回复数,点赞数
BV1aLNBzsE9c,2025-06-17 11:16:00,0,-359570816,281504047,电击螺丝,16,按照现在的导弹精度，带上帐篷和吃喝开车去沙漠里蹲着是不是就可以不分日夜安心睡觉了[doge],2025-06-17 20:36:00,6,41
BV1aLNBzsE9c,2025-06-17 11:16:00,-359570816,-1378994623,99629775,辉色最美,17,走火的子弹最要命[doge_金箍],2025-06-18 08:01:00,0,11
BV1aLNBzsE9c,2025-06-17 11:16:00,-1378994623,-1300652783,348435467,怀疑喵喵生,10,回复 @辉色最美 :你是真坏啊[星星眼],2025-06-19 04:49:00,0,0
BV1aLNBzsE9c,2025-06-17 11:16:00,-359570816,-1229974479,95063993,独杀其身-宝贝天下,91,远离城市就安全了,2025-06-20 00:14:00,0,0
BV1aLNBzsE9c,2025-06-17 11:16:00,-1229974479,-166977104,36178321,宅日记,21,回复 @独杀其身-宝贝天下 :不一定哦 现在城市是防空最多的地方 有可能打到后面就开始屠杀平民了 就会往乡镇扔导弹,2025-06-20 00:47:00,0,0
BV1aLNBzsE9c,2025-06-17 11:16:00,-359570816,-1207353823,61189358,Il夜未央lI,103,以色列的核武器藏在沙漠里，接下来那边才是重点打击区[doge],2025-06-20 05:24:00,0,0
BV1aLNBzsE9c,2025-06-17 11:16:00,-359570816,-1207311807,61189358,Il夜未央lI,103,伊朗用的是北斗导航，目前还没有用军事级别,2025-06-20 05:25:00,0,0
