﻿视频BV号,视频发布日期,上级评论ID,评论ID,用户ID,用户名,用户粉丝数,评论内容,评论时间,回复数,点赞数
BV1aANRzqE5d,2025-06-22 10:19:00,0,-960687903,349370767,家里的大鹅,102,都跑去欧洲[doge_金箍][doge_金箍]然后在欧洲打,2025-06-22 13:15:00,6,30
BV1aANRzqE5d,2025-06-22 10:19:00,-960687903,110999232,6400416,小米小米xiaomi,1401,跑去欧洲直接加入俄乌冲突一刻不停,2025-06-22 13:57:00,0,20
BV1aANRzqE5d,2025-06-22 10:19:00,-960687903,113428848,238688535,阳光老树,19,又去霍霍其他国家了,2025-06-22 14:22:00,0,9
BV1aANRzqE5d,2025-06-22 10:19:00,113428848,-945761343,279229277,就是一只小丑鱼,35,回复 @阳光老树 :要寄生到欧洲国家了！！！,2025-06-22 15:47:00,0,2
BV1aANRzqE5d,2025-06-22 10:19:00,-945761343,133546176,357977912,青衫少年容颜改,1,回复 @就是一只小丑鱼 :都去德国吧，好特么抽象的德国,2025-06-22 19:14:00,0,0
BV1aANRzqE5d,2025-06-22 10:19:00,-960687903,-945633727,319773691,吃我咸鱼轨道炮,8,先来一波伊斯兰，再来一波犹太教，最后再来一个印度教[笑哭][笑哭][doge][doge][doge],2025-06-22 15:48:00,0,2
BV1aANRzqE5d,2025-06-22 10:19:00,-960687903,-939902575,142349490,迟日之暮,99,到德国去[OK],2025-06-22 17:03:00,0,2
