﻿视频BV号,视频发布日期,上级评论ID,评论ID,用户ID,用户名,用户粉丝数,评论内容,评论时间,回复数,点赞数
BV1aaMvzoEDN,2025-06-16 03:34:00,0,-1568636655,37671665,笔墨绘卿颜,107,我居然忘记了那边满地都是人防设施，还觉得导弹劲不够伤亡人数才那点[笑哭],2025-06-16 07:20:00,13,24
BV1aaMvzoEDN,2025-06-16 03:34:00,-1568636655,-511412048,3546896928869026,质地修复,0,我们这边的城市小区、商业中心地下室都有人防工程，农村不了解,2025-06-16 07:48:00,0,2
BV1aaMvzoEDN,2025-06-16 03:34:00,-511412048,-508759360,34135946,愤怒的阿呆哥,25,回复 @质地修复 :农村她炸什么？,2025-06-16 08:27:00,0,0
BV1aaMvzoEDN,2025-06-16 03:34:00,-508759360,-508493840,3546896928869026,质地修复,0,回复 @愤怒的阿呆哥 :炸加沙分城市农村吗？,2025-06-16 08:31:00,0,3
BV1aaMvzoEDN,2025-06-16 03:34:00,-508493840,-1563256847,259222564,格拉東莫夫,17,回复 @质地修复 :在中国这地方还想试图炸农村只能说对面弹药不嫌多了(),2025-06-16 08:43:00,0,13
BV1aaMvzoEDN,2025-06-16 03:34:00,-1563256847,-507356960,3546896928869026,质地修复,0,回复 @格拉東莫夫 :防患于未然？反正平战结合使用嘛,2025-06-16 08:49:00,0,3
BV1aaMvzoEDN,2025-06-16 03:34:00,-508493840,-498817120,46473804,柯洁今天吃老本,48,回复 @质地修复 :炸农村只能说导弹多的没地方扔了，都不够发射成本的,2025-06-16 10:29:00,0,0
BV1aaMvzoEDN,2025-06-16 03:34:00,-498817120,-498096800,3546896928869026,质地修复,0,回复 @柯洁今天吃老本 :管你这那的，先炸再说。反正现在也在农村搞人防试点[吃瓜],2025-06-16 10:37:00,0,0
BV1aaMvzoEDN,2025-06-16 03:34:00,-498096800,-364349376,46473804,柯洁今天吃老本,48,回复 @质地修复 :全世界的硝化物都拿来搞炸药都不够你这么炸的，炸农村地区的非军事单位纯纯的亏欠，而且是血亏，弹道导弹是用钱垒起来的，发射出去没价值就是血亏,2025-06-17 17:46:00,0,0
BV1aaMvzoEDN,2025-06-16 03:34:00,-508759360,-508372592,3546896928869026,质地修复,0,回复 @愤怒的阿呆哥 :查了一下，农村人防工程在试点探索中，建设家庭式掩蔽体，可能不远的将来会普及吧~,2025-06-16 08:36:00,0,5
BV1aaMvzoEDN,2025-06-16 03:34:00,-1568636655,-504394432,343616,自我意志P,45,伊朗提前2天通报，真正的重要人物和设备早就转移忘了，还有晚上炸，除了值班的毛人都没有，,2025-06-16 09:27:00,0,1
BV1aaMvzoEDN,2025-06-16 03:34:00,-504394432,-1535992015,401767150,红色中国心,28,回复 @自我意志P :你这消息哪来的？指个路。,2025-06-16 13:47:00,0,0
BV1aaMvzoEDN,2025-06-16 03:34:00,-1568636655,-1557239087,363139253,柴郡要睡觉辣,8,中国太大了，农村基本没有什么炸的价值，连农村都炸的话和我们开战的国家还打不打仗了，大炮一响黄金万两啊。,2025-06-16 09:58:00,0,0
BV1aaMvzoEDN,2025-06-16 03:34:00,-1568636655,-1553746079,339715959,阿陀蛮,35,"就是能让你加农炮拉到国内来，去炸农村那是有多想不开。
也就边境县还得贴边村镇才有点价值",2025-06-16 10:38:00,0,0
