﻿视频BV号,视频发布日期,上级评论ID,评论ID,用户ID,用户名,用户粉丝数,评论内容,评论时间,回复数,点赞数
BV1ALNtzyEM8,2025-06-19 08:14:00,0,-1269416815,24641581,小豆丁汉尼拔,18,美国要独大，中俄都太大！,2025-06-19 11:36:00,22,497
BV1ALNtzyEM8,2025-06-19 08:14:00,-1269416815,-173679248,62103006,Der丶发呆,70,三国演义！[笑哭][笑哭][笑哭],2025-06-19 21:01:00,0,10
BV1ALNtzyEM8,2025-06-19 08:14:00,-1269416815,-165625168,1920597049,zvulun3,1415,昂撒人就是靠抢,2025-06-20 01:09:00,0,17
BV1ALNtzyEM8,2025-06-19 08:14:00,-165625168,-1226303871,412910851,那日梦已作春秋,18,回复 @zvulun3 :。。以前不靠抢靠什么？现在国际秩序稳定是因为我们需要。,2025-06-20 01:22:00,0,3
BV1ALNtzyEM8,2025-06-19 08:14:00,-1226303871,-116818192,386283449,幻影侠7,22,回复 @那日梦已作春秋 :日耳曼人对罗马相当于古代匈奴蒙古人对中原 不同的是日耳曼人灭了西罗马 开启自己1000年中世纪 最后活不下去了重新去东罗马伊斯兰世界学习 他们叫文艺复兴 现在nb了反倒觉得自己是罗马继承[微笑],2025-06-20 11:14:00,0,2
BV1ALNtzyEM8,2025-06-19 08:14:00,-1226303871,-790508447,275840297,先给崽崽占个位置,115,回复 @那日梦已作春秋 :以前还可以以大罩小,2025-06-24 09:58:00,0,0
BV1ALNtzyEM8,2025-06-19 08:14:00,-1269416815,-165402144,1920597049,zvulun3,1415,从希腊罗马帝国就是如此,2025-06-20 01:14:00,0,6
BV1ALNtzyEM8,2025-06-19 08:14:00,-1269416815,-165226880,1920597049,zvulun3,1415,喜欢打打杀杀,2025-06-20 01:17:00,0,2
BV1ALNtzyEM8,2025-06-19 08:14:00,-1269416815,-157402704,3546618445957644,乐于助人是我qwq,59,[笑哭][笑哭] 大家一起合作不好吗 非要搞代理人战争 神经病一样,2025-06-20 03:12:00,0,0
BV1ALNtzyEM8,2025-06-19 08:14:00,-157402704,-145791664,361211448,飞翔的小jo,6,回复 @乐于助人是我qwq :世界就这么大，你强了，我吃啥。,2025-06-20 05:23:00,0,10
BV1ALNtzyEM8,2025-06-19 08:14:00,-157402704,-140896688,1932712140,帅炸你焦哥666,15,回复 @乐于助人是我qwq :合作美国的钱就没有看，中俄不愿意当被待宰的羔羊。美国自从苏联死后，对工业化都往外移了，靠科技还有金融收割全球经济。说白了就是啥也不干就赚钱。导致美国内部产业空虚化。假如说让你动动股票就能随随便便赚几十亿几百亿，你还会费劲去搞工业化吗，毕竟工人事多呀，还容易闹事在美国。所以美国想躺着赚钱，中俄不同意。日本就是典型，美国的钱袋子，美国没钱了就靠降息收割美元。日本泡沫经济的崩塌很大原因就是美国搞的,2025-06-20 06:29:00,0,11
BV1ALNtzyEM8,2025-06-19 08:14:00,-157402704,-1196830879,690897792,你好呀菠萝,10,回复 @乐于助人是我qwq :不乱美国经济就崩盘，现在美国的赚钱方式，把美元铺向全世界，一但自己国内经济膨胀就开始收割，把自身的经济膨胀平摊出去，还有就是发战争财,2025-06-20 07:57:00,0,3
BV1ALNtzyEM8,2025-06-19 08:14:00,-157402704,-1166249087,3546384194079158,富士山明天喷发,8,回复 @乐于助人是我qwq :你为什么和猫狗一样愚蠢？,2025-06-20 13:25:00,0,0
BV1ALNtzyEM8,2025-06-19 08:14:00,-157402704,-96481584,3494359062284921,,33,回复 @乐于助人是我qwq :合作？美国让你中国慢慢强大？我们在发展10年完全超越美国.那时的美元就不会霸权.美国就是崩溃.你感觉他会怎么做？换做是你呢,2025-06-20 14:30:00,0,0
BV1ALNtzyEM8,2025-06-19 08:14:00,-157402704,51285552,17346048,A_404,76,回复 @乐于助人是我qwq :美元霸权,2025-06-22 03:26:00,0,0
BV1ALNtzyEM8,2025-06-19 08:14:00,51285552,90205440,3546724228401931,天航之星,14,回复 @A_404 :中俄,2025-06-22 10:27:00,0,0
BV1ALNtzyEM8,2025-06-19 08:14:00,-157402704,97187376,628135538,此刻尽显风骚,8,回复 @乐于助人是我qwq :合作不了的，你合作了它的美元霸权怎么办？所以它得不断的抢，不断的巩固美元地位，要是连这都保不住，那它美国就没什么用了,2025-06-22 11:38:00,0,0
BV1ALNtzyEM8,2025-06-19 08:14:00,-157402704,421328080,3493279360354622,不爱怼人,4,回复 @乐于助人是我qwq :因为发展这一块它们太不行,2025-06-25 18:44:00,0,0
BV1ALNtzyEM8,2025-06-19 08:14:00,-1269416815,-1186568383,341131171,八戒在健身,16,美国优先就是他们的口头蝉，所以无论什么时候都是竞争关系。中国不结盟，才是世界和平。,2025-06-20 10:04:00,0,2
BV1ALNtzyEM8,2025-06-19 08:14:00,-1269416815,-93260384,397742341,你喜欢困困吗,65,美国还想同时对付两个,2025-06-20 15:00:00,0,0
BV1ALNtzyEM8,2025-06-19 08:14:00,-1269416815,-1041755215,384317483,叶北比,3,精辟,2025-06-21 17:25:00,0,0
BV1ALNtzyEM8,2025-06-19 08:14:00,-1269416815,154727168,473893003,月盈圆缺,20,美国本来就是海盗化成的国家，海盗是啥专门抢劫为生的[微笑][微笑][微笑],2025-06-23 03:50:00,0,0
BV1ALNtzyEM8,2025-06-19 08:14:00,-1269416815,-483878111,475787957,陌上の鹰,25,零和博弈思维,2025-06-27 13:47:00,0,0
