﻿视频BV号,视频发布日期,上级评论ID,评论ID,用户ID,用户名,用户粉丝数,评论内容,评论时间,回复数,点赞数
BV1AfKwzVEga,2025-06-20 09:48:00,0,-1173086879,12100851,大叔就爱玩,32,伊朗断网了，我伊朗几个朋友都联系不上了，你在哪里？？？,2025-06-20 12:18:00,10,5
BV1AfKwzVEga,2025-06-20 09:48:00,-1173086879,-100888160,29813828,染血的风暴,4,你看她前面的视频，她在上海,2025-06-20 13:49:00,0,5
BV1AfKwzVEga,2025-06-20 09:48:00,-1173086879,-83685488,10648144,elmer5ivor,51,抓间谍呢，伊朗进行通讯管制了,2025-06-20 16:46:00,0,3
BV1AfKwzVEga,2025-06-20 09:48:00,-83685488,-36058704,445263634,蚊帐-,7,回复 @elmer5ivor :直播的时候被点炮了，也是管制？,2025-06-21 06:41:00,0,1
BV1AfKwzVEga,2025-06-20 09:48:00,-36058704,-34213776,10648144,elmer5ivor,51,回复 @蚊帐- :以色列的管制,2025-06-21 07:03:00,0,0
BV1AfKwzVEga,2025-06-20 09:48:00,-1173086879,-82778528,220203541,今晚吃铁锅炖大鹅250,48,在上海用着苹果手机为同胞,2025-06-20 16:58:00,0,7
BV1AfKwzVEga,2025-06-20 09:48:00,-82778528,-65327552,518682119,白云飘飘x,30,回复 @今晚吃铁锅炖大鹅250 :然后呢？,2025-06-21 01:08:00,0,1
BV1AfKwzVEga,2025-06-20 09:48:00,-65327552,-1127954751,2137573266,四十五岁初学吉他,4,回复 @白云飘飘x :然后哈没内衣就没了,2025-06-21 01:28:00,0,0
BV1AfKwzVEga,2025-06-20 09:48:00,-1127954751,-36326576,518682119,白云飘飘x,30,回复 @四十五岁初学吉他 :内裤还有没有？,2025-06-21 06:36:00,0,0
BV1AfKwzVEga,2025-06-20 09:48:00,-1127954751,-1090815119,23085068,肉山大镆王,23,回复 @四十五岁初学吉他 :我已成为哔哩哔哩第114825541位转正会员，挑战转正答题考试获得60分，获得&#34;攻略组&#34;挂件，有效期7天。,2025-06-21 08:46:00,0,0
BV1AfKwzVEga,2025-06-20 09:48:00,-1173086879,-47319232,276792224,哎哟喂呀呀呀哦,17,头巾都不用戴，你说在哪呢[喜极而泣],2025-06-21 04:37:00,0,0
