﻿视频BV号,视频发布日期,上级评论ID,评论ID,用户ID,用户名,用户粉丝数,评论内容,评论时间,回复数,点赞数
BV1a7MSzYE8h,2025-06-14 14:49:00,0,-1716315695,356425194,一直锻炼下去,31,欧洲晚上正常人不会步行。晚上去撸串治安好,2025-06-14 15:42:00,15,20
BV1a7MSzYE8h,2025-06-14 14:49:00,-1716315695,-1714706559,14024578,北欧的钢铁怎么炼成,38,不去特定街区不至于吧？,2025-06-14 16:00:00,0,0
BV1a7MSzYE8h,2025-06-14 14:49:00,-1714706559,-662822480,110175634,天上地下终会相聚,19,回复 @北欧的钢铁怎么炼成 :首都也一样 晚上别乱逛 如果非要赌概率 那也没办法,2025-06-14 16:09:00,0,4
BV1a7MSzYE8h,2025-06-14 14:49:00,-662822480,-1712981839,356425194,一直锻炼下去,31,回复 @天上地下终会相聚 :大城市首都之后更加乱,2025-06-14 16:20:00,0,3
BV1a7MSzYE8h,2025-06-14 14:49:00,-1712981839,-659657184,1710502,门前八只鸭,303,回复 @一直锻炼下去 : [滑稽]因为国外是真有贫民窟，没地方去的人，只能混在大城市等死,2025-06-14 16:51:00,0,6
BV1a7MSzYE8h,2025-06-14 14:49:00,-1714706559,-1712858367,356425194,一直锻炼下去,31,回复 @北欧的钢铁怎么炼成 :我在小城市，其实不是晚上没人，只要天黑之后基本就没人了，夏天9点还有人散步。冬令时17点就没人走动了,2025-06-14 16:22:00,0,3
BV1a7MSzYE8h,2025-06-14 14:49:00,-1712858367,-661623232,784111,周防天音zhou,9,回复 @一直锻炼下去 :意大利还好吧，德国那些有红灯区的估计晚上乱，毕竟黄赌毒肯定一样不少,2025-06-14 16:24:00,0,3
BV1a7MSzYE8h,2025-06-14 14:49:00,-661623232,-1711697663,356425194,一直锻炼下去,31,"回复 @周防天音zhou :欧洲现在正在美国化，吸食廉价赌博，人易怒而是非常容易易怒。而且一旦生气停不下来。
前天就我这附近有一个人被三个宪兵按着，还往宪兵脸上吐口水，然后跪压脖子，应该晕过去了，刚刚松开恢复意识之后又吐口水，朋友在旁边一直安抚，根本无法安抚。",2025-06-14 16:37:00,0,11
BV1a7MSzYE8h,2025-06-14 14:49:00,-661623232,-1709573327,216834881,WWIII2,3,回复 @周防天音zhou :德国是合法红灯区反而不乱，依法纳税受警察保护,2025-06-14 17:09:00,0,2
BV1a7MSzYE8h,2025-06-14 14:49:00,-1709573327,-1706154735,356425194,一直锻炼下去,31,回复 @WWIII2 :我也觉得，因为晚上人多,2025-06-14 18:10:00,0,0
BV1a7MSzYE8h,2025-06-14 14:49:00,-1706154735,-652995152,784111,周防天音zhou,9,回复 @一直锻炼下去 :[笑哭]话说捷克啥情况，我看欧洲很多女优出至捷克，还都挺漂亮,2025-06-14 18:54:00,0,2
BV1a7MSzYE8h,2025-06-14 14:49:00,-652995152,-1613884911,227652,新垣yuiooooo,18,回复 @周防天音zhou :捷克那都出口创汇了，还能咋。,2025-06-15 16:02:00,0,0
BV1a7MSzYE8h,2025-06-14 14:49:00,-1714706559,-661352832,11769127,bili_11769127,0,回复 @北欧的钢铁怎么炼成 :大白天当着警察面都敢抢……你说呢[妙啊],2025-06-14 16:28:00,0,3
BV1a7MSzYE8h,2025-06-14 14:49:00,-1714706559,-1701619439,1438872165,Wranduin,0,回复 @北欧的钢铁怎么炼成 :特定区域会更危险罢了，晚上全城人化身酒鬼,2025-06-14 20:50:00,0,0
BV1a7MSzYE8h,2025-06-14 14:49:00,-1716315695,-638917248,523433333,核动展星光,11,万一当面蹦出来一个非法移民不就悲剧了。,2025-06-15 01:49:00,0,0
BV1a7MSzYE8h,2025-06-14 14:49:00,-1716315695,-636610512,3546584285448448,街角时光屋,0,昨天刷到一个国人在罗马机场行李箱被拆开又用胶带缠一下，因为行李箱里有镀金首饰。当事人拍视频时正好拍到传送带上面一个更惨的被割的破破烂烂的手提箱。,2025-06-15 02:18:00,0,0
