﻿视频BV号,视频发布日期,上级评论ID,评论ID,用户ID,用户名,用户粉丝数,评论内容,评论时间,回复数,点赞数
BV1aANRzqE5d,2025-06-22 10:19:00,0,108449552,95447202,yyk1121,147,[呆]全世界都应该学一下中国近代史。车之鉴已经有了。答案也有了。不过国情不一样，也没办法照着抄。但是借鉴一下也行。,2025-06-22 13:33:00,10,176
BV1aANRzqE5d,2025-06-22 10:19:00,108449552,-958824431,28898593,妹萝,51,人类唯一能从历史中吸取的教训就是人类从来都无法从历史中吸取教训。,2025-06-22 13:34:00,0,71
BV1aANRzqE5d,2025-06-22 10:19:00,-958824431,-935689935,318602260,唭个咙咚呛,6,回复 @妹萝 :没错,2025-06-22 18:32:00,0,0
BV1aANRzqE5d,2025-06-22 10:19:00,108449552,108791408,3546733990644214,神森响,10,"这个还真不是中国史，是美国史
二战期间美国还没直接下场的时候，美国对日本的侵略行为，实行了限制出口钢材的制裁，于是日本空袭珍珠港想把美国拉回谈判桌（
[笑哭]别说中国史，可能连他们本国那点不厚的历史都读不明白",2025-06-22 13:36:00,0,40
BV1aANRzqE5d,2025-06-22 10:19:00,108449552,110963984,434155342,唯你不辜负,8,人是无法共情任何人的，只有鞭子抽到自己身上才能感觉到疼,2025-06-22 13:58:00,0,12
BV1aANRzqE5d,2025-06-22 10:19:00,108449552,-947475263,481226283,魔眼鬼才,24,不是每个人在任何情况下都有觉悟拿千万级别的牺牲和对手打灭国战的。,2025-06-22 15:28:00,0,0
BV1aANRzqE5d,2025-06-22 10:19:00,-947475263,137318336,88512831,咖啡头秃,21,回复 @魔眼鬼才 :以色列有那么多人吗,2025-06-22 22:33:00,0,0
BV1aANRzqE5d,2025-06-22 10:19:00,108449552,120287760,5847841,曼珠沙华bibi,275,别学，学不明白了，把中国的历史倒射给其他第三世界国家本事就是一种傲慢，他们借鉴也得有能力，不是每个国家国内都是团结的，自己国内都打不明白还怎么搞。,2025-06-22 15:30:00,0,6
BV1aANRzqE5d,2025-06-22 10:19:00,108449552,-943793631,390780170,寂寞的月半虎,14,主要是我们中国人骨子里的民族观念很强，越到国家危难之际，越能体现出来,2025-06-22 16:08:00,0,2
BV1aANRzqE5d,2025-06-22 10:19:00,108449552,-930835455,168271055,Jesse鞥,36,可是时代不一样了 战争理念不一样了，巴勒斯坦靠自己很难,2025-06-22 22:37:00,0,0
BV1aANRzqE5d,2025-06-22 10:19:00,108449552,-929882159,2038616780,云中鹤x,7,事后诸葛,2025-06-22 23:10:00,0,0
