﻿视频BV号,视频发布日期,上级评论ID,评论ID,用户ID,用户名,用户粉丝数,评论内容,评论时间,回复数,点赞数
BV1a7MSzYE8h,2025-06-14 14:49:00,0,-666886464,436381302,一时兴见,10,说没人买就是错误的，都会买的，伊朗如果变动那宗教肯定变，那跟沙特就没矛盾了，石油便宜卖就行了不卖美国卖欧洲也行，少卖点又怎么样，俄罗斯卖欧洲就是比中国的便宜，没得市场的是伊朗宗教上层，亲美派肯定有市场的。变成一个世俗化国家。,2025-06-14 15:26:00,10,9
BV1a7MSzYE8h,2025-06-14 14:49:00,-666886464,-665689504,20260423,Leopul,2,[doge][doge]脑子不好使,2025-06-14 15:39:00,0,14
BV1a7MSzYE8h,2025-06-14 14:49:00,-665689504,-665527360,617830537,劺?屮,0,回复 @Leopul :这种想法的人都是透露出一种清澈的美[doge],2025-06-14 15:40:00,0,14
BV1a7MSzYE8h,2025-06-14 14:49:00,-666886464,-665558176,617830537,劺?屮,0,假想敌没了军工复合体的武器卖给谁啊，还卖石油给欧洲，那美国页岩油卖给谁，要你想那么简单都投美了呢,2025-06-14 15:39:00,0,23
BV1a7MSzYE8h,2025-06-14 14:49:00,-666886464,-1716276783,26075367,三叶不是幸运草,102,就说一点很简单，中东没有敌人了是不是就不需要你美国驻军了？,2025-06-14 15:42:00,0,5
BV1a7MSzYE8h,2025-06-14 14:49:00,-1716276783,-1714862479,470257661,老刺32144,1,回复 @三叶不是幸运草 :美国会给你制造一个敌人,2025-06-14 15:58:00,0,0
BV1a7MSzYE8h,2025-06-14 14:49:00,-666886464,-1716015983,1589619778,丿亅丶麟,117,真有那么好我们就不会好好学习了，,2025-06-14 15:45:00,0,0
BV1a7MSzYE8h,2025-06-14 14:49:00,-666886464,-664501680,21139626,二将军三将军,40,"伊朗有没有人买，和油有一定的关系但没那么大，关键还是地缘价值。当年巴列维王朝为什么得到美国的垂青，给美国出卖石油主权固然是一方面，但更重要的在于美国把地区大国的伊朗，安排为能同时威慑苏联和中东其他国家的地区代理人，扮演的是今天以色列的角色。而以色列因为国土太小，当时并没有受到美国的重视，更别提工业基础更差、并且内部关系都还没摆平的沙特。
再次重申，伊朗有没有卖的价值，完全是看它对于美国有没有地缘和能源价值。巴列维王朝后期，对于美国的指令就已经逐步表现出逆反，当时的美国就已经开始越发重视几次中东战争打出统战价值的以色列，伊朗的地缘价值开始下降。而72-73年开始，沙特的石油直接撑起了布雷顿森林体系瓦解后的石油美元，伊朗的能源价值也逐步下降。等到霍梅尼宗教革命，伊朗统治阶层不再听命美国后，伊朗已经彻底失去了对美国的价值；而只要以色列、沙特分别还在地缘和能源上继续为美国做贡献（更别提现在美国自己成了世界第一大产油国），伊朗就无法恢复对美价值，自然就难以实现出卖自己的价值。

至于欧洲，如今的欧洲深受美国犹太财阀民主党影响。而无论是犹太财阀还是民主党，对于伊朗的态度只会比共和党和特朗普更加严厉（毕竟你伊朗作为伊斯兰教国家再怎么样不可能信犹太教，同时作为能源国家也无法匹配民主党的白左世界观）。只要犹太财阀和民主党不松口，伊朗对欧洲更没有出卖价值。",2025-06-14 15:51:00,0,8
BV1a7MSzYE8h,2025-06-14 14:49:00,-666886464,-663540784,597975403,扭扭车试驾员,0,俄罗斯还想加入北约呢！比伊朗值钱吧？,2025-06-14 16:01:00,0,2
BV1a7MSzYE8h,2025-06-14 14:49:00,-666886464,-1673547647,109314167,情景小推手,7,你猜老毛子是不想加入吗？想的都要风了好吧[吃瓜]伊朗跟老毛子一样，都被选为假想敌了，没了假想敌，军工复合体拿什么宣扬外部威胁卖武器啊[doge],2025-06-15 04:57:00,0,0
BV1a7MSzYE8h,2025-06-14 14:49:00,-1673547647,-1668510351,1528868,屠夫TX,3258,回复 @情景小推手 : [吃瓜]老中说我也想加入北约，你收么——老美：不行，你来了就会变成总书记，那我这大统领算什么[吃瓜],2025-06-15 05:50:00,0,0
