﻿视频BV号,视频发布日期,上级评论ID,评论ID,用户ID,用户名,用户粉丝数,评论内容,评论时间,回复数,点赞数
BV1ahNvzmEoz,2025-06-17 10:00:00,0,-360119520,805327,弧光弦乐,94,导弹滞销，帮帮我们，科创板还在跌，帮帮我们[大哭],2025-06-17 20:06:00,12,378
BV1ahNvzmEoz,2025-06-17 10:00:00,-360119520,-1397701087,88544554,刚子谈金融,1033,太逗乐,2025-06-18 04:06:00,0,9
BV1ahNvzmEoz,2025-06-17 10:00:00,-360119520,-1382649599,1554958,FlappyWings振翅高飞,151,那客户买了怎么发货呢？直接发射打到客户指定目的地？？,2025-06-18 07:10:00,0,63
BV1ahNvzmEoz,2025-06-17 10:00:00,-1382649599,-1380054079,100375383,炒鸡晒鸭人x,11,回复 @FlappyWings振翅高飞 :包邮[doge],2025-06-18 07:48:00,0,12
BV1ahNvzmEoz,2025-06-17 10:00:00,-1382649599,-1365407423,336463395,玄孙,26,回复 @FlappyWings振翅高飞 :从巴基斯坦运过去，巴基斯坦和伊朗接壤,2025-06-18 10:43:00,0,5
BV1ahNvzmEoz,2025-06-17 10:00:00,-1365407423,-1338943071,274784974,bill比尔1,0,回复 @玄孙 : 直接发身就可以了，省的运,2025-06-18 15:26:00,0,3
BV1ahNvzmEoz,2025-06-17 10:00:00,-1382649599,-1302352831,500753972,今晚今晚寄快递的,1,回复 @FlappyWings振翅高飞 :6[笑哭],2025-06-19 04:30:00,0,0
BV1ahNvzmEoz,2025-06-17 10:00:00,-1382649599,-216892608,805327,弧光弦乐,94,"回复 @FlappyWings振翅高飞 :当然是，用专利，换市场，换资源，换一带一路啦，今晚全场消费，由无形的大手买单，接着奏乐接着舞，朗子今晚五排，走对抗路[呲牙]
什么？你不同意？
对抗路:请求支援！（万年野赢麻了没，我被越塔了！）
辅助:发起进攻！
蜀国人:我要发育！（吃三路兵线，不爽吃对方野区，我惩戒不白带了吗？）[打call]",2025-06-19 10:14:00,0,3
BV1ahNvzmEoz,2025-06-17 10:00:00,-1382649599,-1211888447,1915692768,极火道,19,回复 @FlappyWings振翅高飞 :肯定的呀，我们包邮直接空运发货过去，有运费险的哦亲＾3＾,2025-06-20 04:33:00,0,0
BV1ahNvzmEoz,2025-06-17 10:00:00,-1382649599,-140511520,1722077647,我就是心系汉唐,91,回复 @FlappyWings振翅高飞 :雇佣军是吧？,2025-06-20 06:35:00,0,0
BV1ahNvzmEoz,2025-06-17 10:00:00,-1382649599,-1104183471,12303056,迦南爱花,4,回复 @FlappyWings振翅高飞 :有道理,2025-06-21 05:59:00,0,0
BV1ahNvzmEoz,2025-06-17 10:00:00,-360119520,-1368855967,7612350,chandlerbing1,11,科创板这两天也是见了鬼了，别的指数什么样不管，他就一直跌,2025-06-18 10:08:00,0,17
BV1ahNvzmEoz,2025-06-17 10:00:00,-360119520,-1279144815,35140960,原生生物界,321,那不拉仇恨吗[辣眼睛],2025-06-19 09:49:00,0,0
