﻿视频BV号,视频发布日期,上级评论ID,评论ID,用户ID,用户名,用户粉丝数,评论内容,评论时间,回复数,点赞数
BV1ahNvzmEoz,2025-06-17 10:00:00,0,-360158896,34822236,鸢鸢相抱彡,66,不敢炸美军基地呀，无人机都不敢飞一飞[笑哭],2025-06-17 20:13:00,9,4
BV1ahNvzmEoz,2025-06-17 10:00:00,-360158896,-1419283823,166067669,吴晞他爹啊,14,美军明面上又没动手，动他干嘛,2025-06-17 20:15:00,0,13
BV1ahNvzmEoz,2025-06-17 10:00:00,-360158896,-359002112,375553414,悠悠是条狗,6,没事儿找事？,2025-06-17 21:18:00,0,5
BV1ahNvzmEoz,2025-06-17 10:00:00,-359002112,-1417248511,53278352,海洋的绿宝石,35,回复 @悠悠是条狗 :狗就是吃饱了撑的,2025-06-17 22:16:00,0,0
BV1ahNvzmEoz,2025-06-17 10:00:00,-360158896,-358762800,148081100,飞翔的荷兰马,23,那你真成阿森纳了-----没四找四,2025-06-17 21:35:00,0,4
BV1ahNvzmEoz,2025-06-17 10:00:00,-360158896,-1412130335,474766776,昶偑万里,12,是吧，反正米国大使馆又在说自己的玻璃是被震碎的，没有人受伤,2025-06-18 00:41:00,0,0
BV1ahNvzmEoz,2025-06-17 10:00:00,-360158896,-343343216,317431614,liyixin09999,3,炸了美军基地就是误炸呗，地图没更新信息误差，接受美军的抗议[打call],2025-06-18 03:06:00,0,0
BV1ahNvzmEoz,2025-06-17 10:00:00,-360158896,-341936912,91882831,兮兮落雨,18,试试就逝世，阿富汗就是例子。,2025-06-18 03:24:00,0,0
BV1ahNvzmEoz,2025-06-17 10:00:00,-360158896,-339035568,67813633,乱码一样,7,以为是之前的日本啊 这边还没打完那边就炸别人港口 明面没有撕破脸肯定不能直接动手的 等于是给了别人打你的理由,2025-06-18 04:00:00,0,0
BV1ahNvzmEoz,2025-06-17 10:00:00,-360158896,-12948288,314318703,钟二中年,55,敢光明正大炸美军基地的全世界只有一个[笑哭],2025-06-21 11:00:00,0,0
