﻿视频BV号,视频发布日期,上级评论ID,评论ID,用户ID,用户名,用户粉丝数,评论内容,评论时间,回复数,点赞数
BV1ajMmz4Egg,2025-06-14 09:54:00,0,-649423568,3913504,bili_8986436905,37,"一个伊朗笑话。
在德黑兰郊区，两个男人走到一个人面前，问道：“你愿意为摩萨德工作吗？10,000 美元。”
那人说：“我同意，但我可以分期付款吗？”",2025-06-14 21:44:00,11,152
BV1ajMmz4Egg,2025-06-14 09:54:00,-649423568,-617446464,4884106,血腥残暴,154,啊？什么意思？,2025-06-15 05:38:00,0,1
BV1ajMmz4Egg,2025-06-14 09:54:00,-617446464,-616395840,400221910,DepanioA,5,回复 @血腥残暴 :意思是伊朗人给摩萨德钱也要当内奸[笑哭],2025-06-15 05:49:00,0,56
BV1ajMmz4Egg,2025-06-14 09:54:00,-616395840,-614660736,33620511,鹿妖吃肉,49,回复 @DepanioA :老神棍是不是已经被全伊朗人民痛恨了,2025-06-15 06:09:00,0,11
BV1ajMmz4Egg,2025-06-14 09:54:00,-614660736,-614336112,7785524,雪之音丶,0,回复 @鹿妖吃肉 :这种级别的高官，已经跟平民没有关系了，应该是其政治对手出卖的结果,2025-06-15 06:12:00,0,17
BV1ajMmz4Egg,2025-06-14 09:54:00,-614660736,-569428320,6549049,顽皮的小象,47,回复 @鹿妖吃肉 :有阶级隔阂，但至少还没到巴列维那种左中右派一起反对的程度。,2025-06-15 14:26:00,0,5
BV1ajMmz4Egg,2025-06-14 09:54:00,-614660736,-299741584,2533420,Love-fighter,13,回复 @鹿妖吃肉 :可以说某些知识分子和某些资产阶级，而不是全体人民,2025-06-18 11:57:00,0,0
BV1ajMmz4Egg,2025-06-14 09:54:00,-614660736,-980005807,1181533458,可牛逼喽,67,回复 @鹿妖吃肉 : 想多了，最近也能看见支持者很多,2025-06-22 09:57:00,0,0
BV1ajMmz4Egg,2025-06-14 09:54:00,-616395840,-614444704,7785524,雪之音丶,0,回复 @DepanioA :看了你解释才懂,2025-06-15 06:11:00,0,0
BV1ajMmz4Egg,2025-06-14 09:54:00,-617446464,135685200,26922427,仁肇说,109,回复 @血腥残暴 :人家要给钱，他想成了要付钱[doge_金箍],2025-06-22 21:04:00,0,0
BV1ajMmz4Egg,2025-06-14 09:54:00,-649423568,-614419440,298276603,nazissus,13,不如改成在哈梅内伊官邸里,2025-06-15 06:12:00,0,7
BV1ajMmz4Egg,2025-06-14 09:54:00,-649423568,-516251232,118056208,街角珍珠冰,32,一万美金的活，只要1000，，，,2025-06-16 06:36:00,0,0
