﻿视频BV号,视频发布日期,上级评论ID,评论ID,用户ID,用户名,用户粉丝数,评论内容,评论时间,回复数,点赞数
BV1ahNvzmEoz,2025-06-17 10:00:00,0,-170129088,15888943,枇杷客,0,伊以一开打，其他国家直接开始撤侨，对伊朗经济肯定会有影响，伊朗这口气得找人发泄呀。战争没好事。[灵魂出窍],2025-06-19 23:39:00,7,10
BV1ahNvzmEoz,2025-06-17 10:00:00,-170129088,-168341072,347264615,暖风风风呀,2,[喜极而泣]民生物资不断的话其实战争国内就业更高，内需生产更有市场，大炮一响黄金万两,2025-06-20 00:21:00,0,5
BV1ahNvzmEoz,2025-06-17 10:00:00,-168341072,-168006032,15888943,枇杷客,0,回复 @暖风风风呀 :但人命和资源等都会消耗在废墟中，逐渐消耗底蕴，不能长久。,2025-06-20 00:28:00,0,5
BV1ahNvzmEoz,2025-06-17 10:00:00,-170129088,-1221478223,24473750,Moonhorn,27,伊朗一直都在西方制裁下，本身靠吃石油，走点人还真没什么影响，反倒是冲突导致原油价格上升更赚钱。,2025-06-20 02:34:00,0,6
BV1ahNvzmEoz,2025-06-17 10:00:00,-170129088,-1219060543,77275154,母慈子孝徐元直,12,那咋办，让人欺负成这样了，马上地区性大国地位就保不住了，谁都能踩你一脚,2025-06-20 03:09:00,0,3
BV1ahNvzmEoz,2025-06-17 10:00:00,-1219060543,-150749488,15888943,枇杷客,0,回复 @母慈子孝徐元直 : 所以要出气呀，又不是伊朗先发起的，伊朗不反击，以色列估计还会来。,2025-06-20 04:29:00,0,1
BV1ahNvzmEoz,2025-06-17 10:00:00,-150749488,-146723248,452254525,文娱作品推送__月季容,78,回复 @枇杷客 :自古地区一把手位置竞争激烈，流血冲突无数啊,2025-06-20 05:12:00,0,1
BV1ahNvzmEoz,2025-06-17 10:00:00,-170129088,-1204005823,2073311850,嗯批希,24,小国家最难受的就是打不了持久战，时间越长以色列越难受,2025-06-20 06:11:00,0,0
