﻿视频BV号,视频发布日期,上级评论ID,评论ID,用户ID,用户名,用户粉丝数,评论内容,评论时间,回复数,点赞数
BV1AfKwzVEga,2025-06-20 09:48:00,0,-57583392,3537309,优翼枫,3,这么说吧，这次突袭真的看到了以色列中东小霸王的强大，导弹拦截率到达了惊人的100%。,2025-06-21 02:51:00,10,30
BV1AfKwzVEga,2025-06-20 09:48:00,-57583392,-1032813999,1303817964,土鸭快乐,34,？？？,2025-06-21 22:34:00,0,0
BV1AfKwzVEga,2025-06-20 09:48:00,-57583392,34910608,3546842295962223,这是个什禁,7,不是哥们，我.哎不对，用楼房拦截是吧,2025-06-21 23:20:00,0,5
BV1AfKwzVEga,2025-06-20 09:48:00,34910608,34986336,11384434,風有些喧嚣,330,回复 @这是个什禁 :以色列平民和小孩拦截,2025-06-21 23:25:00,0,1
BV1AfKwzVEga,2025-06-20 09:48:00,34910608,46184384,515547633,水枪吴妈,14,回复 @这是个什禁 :[doge]你就说是不是在以色列爆炸的吧，你别管用什么拦截，他有没有打击到其他国家去吧。,2025-06-22 02:28:00,0,0
BV1AfKwzVEga,2025-06-20 09:48:00,-57583392,35310608,272158827,B站镕MOMO,434,拿脸接是吧[doge_金箍],2025-06-21 23:31:00,0,4
BV1AfKwzVEga,2025-06-20 09:48:00,-57583392,36198160,29374046,苏北辰大biubiu,12,地面拦截也是拦截,2025-06-21 23:53:00,0,4
BV1AfKwzVEga,2025-06-20 09:48:00,-57583392,37177184,34892012,禾刀SAMA,173,那确实[妙啊]地面百分百拦截，即使中国也做不到,2025-06-22 00:16:00,0,2
BV1AfKwzVEga,2025-06-20 09:48:00,-57583392,44280832,103059126,霜语亡域,59,拿脸挡的？,2025-06-22 02:03:00,0,1
BV1AfKwzVEga,2025-06-20 09:48:00,-57583392,45565664,386927202,谈笑千年17,19,替你补个[doge],2025-06-22 02:19:00,0,1
BV1AfKwzVEga,2025-06-20 09:48:00,-57583392,375929536,107600222,丶移动的三百块,57,[doge][doge][doge][doge]确实是物理意义上的百分之百,2025-06-25 09:41:00,0,0
