﻿视频BV号,视频发布日期,上级评论ID,评论ID,用户ID,用户名,用户粉丝数,评论内容,评论时间,回复数,点赞数
BV1AfKwzVEga,2025-06-20 09:48:00,0,-92328768,220463929,老马的周末频道,151,朗子哥最近终于硬起来了，最近上大分了[尤文图斯 尤点意思_意大利炮],2025-06-20 15:09:00,8,8
BV1AfKwzVEga,2025-06-20 09:48:00,-92328768,-59700336,489067535,工业过滤,20,你见过只用导弹和无人机灭国的吗,2025-06-21 02:24:00,0,1
BV1AfKwzVEga,2025-06-20 09:48:00,-59700336,-31806224,1740690009,用户18455911191,7,回复 @工业过滤 :马上就要见到了,2025-06-21 07:31:00,0,0
BV1AfKwzVEga,2025-06-20 09:48:00,-92328768,-52934688,9155831,铁胆果冻,22,什么硬起来了，是以色列不给留活路，被逼到绝路了才反击,2025-06-21 03:43:00,0,1
BV1AfKwzVEga,2025-06-20 09:48:00,-52934688,-1116412863,37458179,bili搜招财小红红,43,回复 @铁胆果冻 :之前都是象征性的打几发然后就没了，这次是直接干到底了，算硬朗起来了,2025-06-21 03:52:00,0,2
BV1AfKwzVEga,2025-06-20 09:48:00,-52934688,-1114845967,37457051,我是神的男人,35,回复 @铁胆果冻 :没出动地面部队，那来绝境，打的两年，哈马斯打完没，打伊朗你有多少部队，就是两方对轰。,2025-06-21 04:07:00,0,0
BV1AfKwzVEga,2025-06-20 09:48:00,-1114845967,-1096380463,11046754,天然凯凯,61,"回复 @我是神的男人 :对伊朗来说，核设施没了，它在中东就没有话语权了，美国可以随意制裁，那就是没有活路了。
核设施是伊朗和美国谈判的唯一筹码",2025-06-21 07:37:00,0,0
BV1AfKwzVEga,2025-06-20 09:48:00,-52934688,-31731984,1740690009,用户18455911191,7,回复 @铁胆果冻 :以色列自讨苦吃啊,2025-06-21 07:31:00,0,0
BV1AfKwzVEga,2025-06-20 09:48:00,-92328768,-1115680255,511448271,考虑考虑农家乐,38,吃伟哥了[吃瓜],2025-06-21 04:00:00,0,0
