﻿视频BV号,视频发布日期,上级评论ID,评论ID,用户ID,用户名,用户粉丝数,评论内容,评论时间,回复数,点赞数
BV1aaMvzoEDN,2025-06-16 03:34:00,0,-1526271439,36454999,一休用清扬,20,以色列的防空还是挺强的,2025-06-16 15:27:00,6,1
BV1aaMvzoEDN,2025-06-16 03:34:00,-1526271439,-1516340095,692268451,莱不尼茨牛顿,12,确实很强，而且以色列没有人员伤亡。,2025-06-16 17:54:00,0,0
BV1aaMvzoEDN,2025-06-16 03:34:00,-1516340095,-459561104,179315229,Aka?rin,1,回复 @莱不尼茨牛顿 :转人工，建议看完视频再来评论,2025-06-16 17:59:00,0,1
BV1aaMvzoEDN,2025-06-16 03:34:00,-459561104,-1515824271,692268451,莱不尼茨牛顿,12,回复 @Aka?rin :转啥人工，你让发评论的人转人工吧。都炸成这样了，还说以色列防空挺强的。,2025-06-16 18:09:00,0,0
BV1aaMvzoEDN,2025-06-16 03:34:00,-1516340095,-1515780415,372587151,是阿鹤啊啊啊啊,31,回复 @莱不尼茨牛顿 :实体都抬出来还在没伤亡？[笑哭]你是一直小猫,2025-06-16 18:09:00,0,0
BV1aaMvzoEDN,2025-06-16 03:34:00,-1515780415,-1515364879,692268451,莱不尼茨牛顿,12,回复 @是阿鹤啊啊啊啊 :秘不发丧，死也白死。??,2025-06-16 18:18:00,0,1
BV1aaMvzoEDN,2025-06-16 03:34:00,-1515364879,-1515318671,372587151,是阿鹤啊啊啊啊,31,回复 @莱不尼茨牛顿 :哈哈哈哈哈[doge]没葬礼就没私,2025-06-16 18:21:00,0,0
