﻿视频BV号,视频发布日期,上级评论ID,评论ID,用户ID,用户名,用户粉丝数,评论内容,评论时间,回复数,点赞数
BV1ahNvzmEoz,2025-06-17 10:00:00,0,-367085680,480932101,troytpz,14,有核弹，你倒是真敢扔的话，倒是可能结束了,2025-06-17 16:56:00,7,6
BV1ahNvzmEoz,2025-06-17 10:00:00,-367085680,-365420944,440107421,花绫_LeaFluorine,260,扔脏弹都行，就往水源使劲扔,2025-06-17 17:25:00,0,6
BV1ahNvzmEoz,2025-06-17 10:00:00,-365420944,-365419120,440107421,花绫_LeaFluorine,260,回复 @花绫_LeaFluorine :1,2025-06-17 17:25:00,0,0
BV1ahNvzmEoz,2025-06-17 10:00:00,-367085680,-362297776,1865574309,囍无U,7,集束炸弹，不是针对平民的，要不然早完了,2025-06-17 18:42:00,0,0
BV1ahNvzmEoz,2025-06-17 10:00:00,-367085680,-1407992991,122684389,快该昵称要被发现了惹,114,关键是没做出来啊,2025-06-18 01:52:00,0,0
BV1ahNvzmEoz,2025-06-17 10:00:00,-367085680,-1404867439,488048663,编号9117,9,别扔核弹啊，其他随便，这玩意几百年清不掉[微笑][doge][笑哭],2025-06-18 02:35:00,0,0
BV1ahNvzmEoz,2025-06-17 10:00:00,-1404867439,-1399906367,20392457,离鸟丶,28,回复 @编号9117 :要不你看看广岛现在发展的怎么样,2025-06-18 03:41:00,0,1
BV1ahNvzmEoz,2025-06-17 10:00:00,-367085680,-1397634863,1057094465,我定会笑到最后,9,真敢扔的话那真完了,2025-06-18 04:06:00,0,0
