﻿视频BV号,视频发布日期,上级评论ID,评论ID,用户ID,用户名,用户粉丝数,评论内容,评论时间,回复数,点赞数
BV1AMNxzrEbo,2025-06-19 06:37:00,0,-1270971023,474994659,人生当有谦薇,5,德国缺一个潦倒画家,2025-06-19 11:19:00,9,363
BV1AMNxzrEbo,2025-06-19 06:37:00,-1270971023,-1259048831,9179661,咸菜萝卜煲,31,是落榜画家，潦倒不至于,2025-06-19 13:29:00,0,36
BV1AMNxzrEbo,2025-06-19 06:37:00,-1259048831,-1253270431,4928998,育空59,16,回复 @咸菜萝卜煲 :潦倒才是重点，每月几百块钱是不玩命，但每月几百块都没有才要玩命,2025-06-19 14:33:00,0,17
BV1AMNxzrEbo,2025-06-19 06:37:00,-1259048831,-184974160,24969132,新创建人物,7,回复 @咸菜萝卜煲 :已经有了，现在是等我的再次奋斗,2025-06-19 16:00:00,0,4
BV1AMNxzrEbo,2025-06-19 06:37:00,-1270971023,-197310544,34929735,_美丽风景线,0,少了奥地利出生的关键词,2025-06-19 13:43:00,0,51
BV1AMNxzrEbo,2025-06-19 06:37:00,-1270971023,-195647632,1335686345,胸中有浩气,22,有的，兄弟有的，魏德尔都快按不住了,2025-06-19 14:00:00,0,27
BV1AMNxzrEbo,2025-06-19 06:37:00,-1270971023,-174295168,236565037,幽兰卫相,2,没法，德国已经被阉割了[笑哭],2025-06-19 20:21:00,0,7
BV1AMNxzrEbo,2025-06-19 06:37:00,-1270971023,-1231946831,380556188,380556188,58,落魄画家跟着英国的船去以色列了[吃瓜],2025-06-19 23:20:00,0,0
BV1AMNxzrEbo,2025-06-19 06:37:00,-1270971023,-139667232,606575215,棱镜折射彩虹的私语,4,是美国缺，为什么有以色列，除了美国的中东利益，主要是欧洲人也不要啊[吃瓜],2025-06-20 06:48:00,0,0
BV1AMNxzrEbo,2025-06-19 06:37:00,-1270971023,728256784,3546665403288542,清川瑾怀,0,没用吧，德国有美国英国的军队驻扎吧，所以几乎肯定是欧美的人,2025-06-28 18:27:00,0,0
