﻿视频BV号,视频发布日期,上级评论ID,评论ID,用户ID,用户名,用户粉丝数,评论内容,评论时间,回复数,点赞数
BV1ANKTzRESn,2025-06-20 16:32:00,0,-1128018959,106298673,無銘浪客,159,所以到底是谁在说伊朗的导弹已经用完了？[疑惑][疑惑][疑惑][疑惑],2025-06-21 01:27:00,63,254
BV1ANKTzRESn,2025-06-20 16:32:00,-1128018959,-63744128,23259933,所以说哩咯是什么啊,4,之前以色列才说伊朗大概还有1700多枚，谁说没了，伊朗自己说有2000多枚,2025-06-21 01:32:00,0,42
BV1ANKTzRESn,2025-06-20 16:32:00,-63744128,-57358656,181719024,111quy,9,回复 @所以说哩咯是什么啊 :2k？以色列明明是说2w枚啊，这连伊朗零头都没用完呢,2025-06-21 02:53:00,0,0
BV1ANKTzRESn,2025-06-20 16:32:00,-63744128,138922800,20531620,Mr张车品工厂,1507,"回复 @所以说哩咯是什么啊 :伊朗从90年代，引进朝鲜的劳动导弹的全套技术，就开始准备了。
从2000年左右的自产“流星导弹”至今，技术水平可能只有70-80年代，但只要数量多，可以把这些本身快要淘汰的射出去，对方的防空反导拦就消耗对方弹药，没拦住砸中也是赚。
很多生产与思路都是学的80后，更有意思的是，两者都是山地居多，很多条件几乎一样。
所以挖洞，以及地下兵工厂就不会奇怪了。",2025-06-22 23:32:00,0,0
BV1ANKTzRESn,2025-06-20 16:32:00,-1128018959,-63058176,831901,科韵路资深水军,26,其实伊朗除了导弹多，就没别的了,2025-06-21 01:41:00,0,13
BV1ANKTzRESn,2025-06-20 16:32:00,-63058176,-1125819407,1200704072,18师黎明岛,29,回复 @科韵路资深水军 :但人家就是导弹多,2025-06-21 02:01:00,0,13
BV1ANKTzRESn,2025-06-20 16:32:00,-63058176,-59761072,473790416,山楂片1551,5,回复 @科韵路资深水军 :啊对对对,2025-06-21 02:25:00,0,1
BV1ANKTzRESn,2025-06-20 16:32:00,-63058176,-41948976,452183430,残羽断鸢,28,回复 @科韵路资深水军 :伊朗缺发射架[喜极而泣],2025-06-21 05:31:00,0,0
BV1ANKTzRESn,2025-06-20 16:32:00,-1128018959,-62029008,804607,女妖轰炸机,2,按席亚洲介绍的，伊朗已经开始恢复被以色列第一波打击的导弹基地了，可以一边制造一边发射,2025-06-21 01:55:00,0,184
BV1ANKTzRESn,2025-06-20 16:32:00,-1128018959,-61968672,1608962025,风筝追追丶,33,其实是以色列拦截弹快用完了,2025-06-21 01:55:00,0,91
BV1ANKTzRESn,2025-06-20 16:32:00,-1128018959,-61863760,43836015,heyxxlee,35,伊朗现在处于清库存，一些导弹还没射过,2025-06-21 01:57:00,0,69
BV1ANKTzRESn,2025-06-20 16:32:00,-1128018959,-61384752,301240,梦呓の旋律,12,伊朗缺发射器发射载具，第一天被以色列打掉不少发射基地，很多弹堵在地下掩体无法发射,2025-06-21 02:03:00,0,86
BV1ANKTzRESn,2025-06-20 16:32:00,-61384752,-61202064,3493296250816740,人机也想变聪明,28,回复 @梦呓の旋律 :发射基地部分基础设施被毁，但是发射车什么玩意的，一遇到轰炸就可以躲起来，损失其实不大，但是以色列的铁穹快到极限了,2025-06-21 02:06:00,0,38
BV1ANKTzRESn,2025-06-20 16:32:00,-61202064,-1124918735,260626056,早睡早起昌,28,回复 @人机也想变聪明 :铁穹拦低速目标比如火箭弹的，拦导弹是箭2箭3大卫投石索这些,2025-06-21 02:11:00,0,9
BV1ANKTzRESn,2025-06-20 16:32:00,-61202064,-59885264,301240,梦呓の旋律,12,回复 @人机也想变聪明 : 以色列现在无人机在伊朗乱飞追着发射车炸，有一些战果,2025-06-21 02:22:00,0,1
BV1ANKTzRESn,2025-06-20 16:32:00,-59885264,-1092830655,358585688,浅浅时光不忘你,2,回复 @梦呓の旋律 :刚刷到央视发的新闻，伊拉克告到联合国，说以色列战机侵犯他领空，先是20架战机，然后又来30架战机。谁知道伊拉克现在有没有能力保卫自己国家领空？,2025-06-21 08:21:00,0,0
BV1ANKTzRESn,2025-06-20 16:32:00,-1092830655,-1050867151,689132987,申三酉,6,回复 @浅浅时光不忘你 : 伊拉克没有一点能力保护领空。目前的系统只能做到监测。,2025-06-21 15:33:00,0,0
BV1ANKTzRESn,2025-06-20 16:32:00,-61202064,-18340448,282700,站着挣钱张麻子,279,回复 @人机也想变聪明 : 铁穹本就到极限，导弹性能很差，只够拦截土制火箭弹，要拦截高阶点的武器，以色列只有大卫投石索和爱国者能用。,2025-06-21 10:06:00,0,0
BV1ANKTzRESn,2025-06-20 16:32:00,-61202064,-1072157487,3493145847269761,欢喜觉悟,9,回复 @人机也想变聪明 : 铁穹只能拦截土法火箭弹、炮弹和无人机，拦截弹道导弹的是爱国者和箭3！,2025-06-21 12:03:00,0,1
BV1ANKTzRESn,2025-06-20 16:32:00,-1128018959,-61290720,50719416,魑魅魅魍魉魉,3,老式库存快用完了，但新式的还在，还有月产300枚左右，哪怕一点库存都没有了，也可以每天刷10枚大火箭,2025-06-21 02:06:00,0,68
BV1ANKTzRESn,2025-06-20 16:32:00,-61290720,-1067062719,686500196,株洲哈登,5,回复 @魑魅魅魍魉魉 :不是工厂被炸了吗,2025-06-21 12:53:00,0,0
BV1ANKTzRESn,2025-06-20 16:32:00,-1128018959,-1125362287,547104093,bili_31176072549,37,粥～,2025-06-21 02:06:00,0,2
BV1ANKTzRESn,2025-06-20 16:32:00,-1128018959,-1124430159,386343778,龙门跃鲤鱼-倒反天罡,102,沙漠随机刷新印俄文的导弹[doge_金箍][doge_金箍][doge_金箍],2025-06-21 02:17:00,0,3
BV1ANKTzRESn,2025-06-20 16:32:00,-1128018959,-60390080,3494365362128940,正义使者ggbond,1,都是神人在这谈一个工业国导弹库存的问题[笑哭],2025-06-21 02:17:00,0,36
BV1ANKTzRESn,2025-06-20 16:32:00,-1128018959,-60310800,3028900,流连梦里,1271,伊朗目前透露的导弹就有3000颗，实际上肯定远远不止，保守估计在5000左右，当然开打后后续肯定持续产出，每天几十个，连续扔个一年左右没问题。,2025-06-21 02:18:00,0,14
BV1ANKTzRESn,2025-06-20 16:32:00,-1128018959,-60304976,386633540,峰哥亡命星巴克,1,背后必有高人供应[doge_金箍],2025-06-21 02:19:00,0,3
BV1ANKTzRESn,2025-06-20 16:32:00,-1128018959,-1124305295,392008790,zhouzhpp,6,我只看到你说了,2025-06-21 02:20:00,0,0
BV1ANKTzRESn,2025-06-20 16:32:00,-1128018959,-1124190447,495837661,人在广东十六年,161,伊朗导弹还有，由于防空不行，伊朗的导弹发射载具很多被炸了，不知道有没有新的,2025-06-21 02:20:00,0,4
BV1ANKTzRESn,2025-06-20 16:32:00,-1128018959,-59952592,496242123,临渊履冰观日月,17,都开始白天炸了，估计是以色列拦截弹不够了吧[滑稽],2025-06-21 02:21:00,0,2
BV1ANKTzRESn,2025-06-20 16:32:00,-1128018959,-1124137327,6495668,孤舟蓑笠,347,数字生命超多，一定要谨慎甄别[脱单doge],2025-06-21 02:22:00,0,2
BV1ANKTzRESn,2025-06-20 16:32:00,-1128018959,-59863552,38411713,神一样会腰疼,29,很难用完吧，伊朗的战略路线就是玩导弹,2025-06-21 02:23:00,0,1
BV1ANKTzRESn,2025-06-20 16:32:00,-1128018959,-1123559711,283737275,充话费领的大会员,37,https://b23.tv/BV1MKKwzUEJg 央视网快看发的，不过里面也说了每月能生产几十枚弹道导弹。,2025-06-21 02:28:00,0,2
BV1ANKTzRESn,2025-06-20 16:32:00,-1128018959,-1123470639,1882012387,不会水滴鱼儿,9,生产线拉满了，每天能做一些，加上有的库存，以色列那个弹丸之地扛不住的，如果是乌克兰就不一定了。。主要是以色列太小了,2025-06-21 02:29:00,0,0
BV1ANKTzRESn,2025-06-20 16:32:00,-1128018959,-59027536,485379931,牛娃吃牛蛙变牛哇,6,外媒，就想营造伊朗不行的假象,2025-06-21 02:33:00,0,0
BV1ANKTzRESn,2025-06-20 16:32:00,-1128018959,-58096864,51750042,MeQuan,5,遥想当年，俄乌战争开始没多久，就有人说大鹅的家底快打完了[笑哭],2025-06-21 02:45:00,0,2
BV1ANKTzRESn,2025-06-20 16:32:00,-58096864,-53686448,3546889393801519,这位小小倪,0,回复 @MeQuan :毕竟强度俄乌强度确实高[笑哭],2025-06-21 03:34:00,0,0
BV1ANKTzRESn,2025-06-20 16:32:00,-1128018959,-1121996703,6332366,猎户座六级矿工,32,伊朗被封锁制裁了几十年，海空陆几乎是一点没发展，举全国之力科技树全点在导弹上了，这才一个礼拜你跟我说就射完了？,2025-06-21 02:48:00,0,4
BV1ANKTzRESn,2025-06-20 16:32:00,-1128018959,-57776656,217808712,澹雅陶陶,0,伊朗能自己造导弹啊,2025-06-21 02:49:00,0,0
BV1ANKTzRESn,2025-06-20 16:32:00,-1128018959,-1121922655,2033999,奋起千钧棒的金猴,70,打了还不到一半呢 至少能再打二个星期,2025-06-21 02:50:00,0,0
BV1ANKTzRESn,2025-06-20 16:32:00,-1128018959,-56098224,33016044,老筛筛之筛,1221,伊朗是工业化国家！体量摆在这的，空军海军拉稀除了弄导弹还能干啥？[吃瓜],2025-06-21 03:07:00,0,0
BV1ANKTzRESn,2025-06-20 16:32:00,-1128018959,-1115870111,3546626652113288,澎湃小樱,16,如果进入战时状态民转军产能全开，维持每天几十枚导弹的打击力度是没问题的,2025-06-21 03:57:00,0,0
BV1ANKTzRESn,2025-06-20 16:32:00,-1128018959,-1115059743,489057965,mpoo9,13,很多消息称，伊朗导弹库存三千以上，每天打三十枚，就能打很久。反而是发射装备可能会出现问题。,2025-06-21 04:05:00,0,0
BV1ANKTzRESn,2025-06-20 16:32:00,-1128018959,-46753712,622966902,异能粒子,48,伊朗正在和谈，所以导弹发射减少了,2025-06-21 04:43:00,0,0
BV1ANKTzRESn,2025-06-20 16:32:00,-1128018959,-1107878495,97313186,霹雳震三山,72,老式导弹还在清库存呢,2025-06-21 05:17:00,0,0
BV1ANKTzRESn,2025-06-20 16:32:00,-1128018959,-1106106415,85749078,身在温柔乡不知温柔事,11,说一下也没什么，毕竟之前认了太多次了，都以为他是软了，。硬起来了肯定要赞????????????????????????????????????????????,2025-06-21 05:36:00,0,0
BV1ANKTzRESn,2025-06-20 16:32:00,-1128018959,-40414016,3546724175972947,奧德彪來囉,3,伊朗發射車被摧毀4成 剩餘發射車都往伊朗中部跑 很多導彈射程根本不夠? 伊朗西部制空權已放棄 你自己看 每天發射導彈數量一直下降,2025-06-21 05:48:00,0,1
BV1ANKTzRESn,2025-06-20 16:32:00,-40414016,-1092451135,358585688,浅浅时光不忘你,2,回复 @奧德彪來囉 :发射车成本不高，别的国家可以援助，伊朗这几天得撑住。今天伊拉克告到联合国，以色列战机侵犯他领空，接下来伊拉克能不能起飞战斗机拦截一下以色列战机！伊拉克有没有自己的战机？,2025-06-21 08:24:00,0,1
BV1ANKTzRESn,2025-06-20 16:32:00,-1092451135,-12518592,3546724175972947,奧德彪來囉,3,回复 @浅浅时光不忘你 : 別的國家?哪個國家現在敢出來支持伊朗?中國嗎? 美國現在話說得很重 伊拉克就嘴巴念念而已 不可能有作為 打發射車是讓伊朗無載具發射導彈 你看看這幾天伊朗 導彈越打越少? 現在是伊朗很少畫面流出 不過 以色列依然每天空襲 抓導彈車,2025-06-21 11:03:00,0,0
BV1ANKTzRESn,2025-06-20 16:32:00,-12518592,5063296,51179533,tegrke,7,回复 @奧德彪來囉 :16号17发，17号47发，18号30发，19号40发，20号23发，越打越少是怎么得出来的结论,2025-06-21 13:57:00,0,0
BV1ANKTzRESn,2025-06-20 16:32:00,5063296,5625088,3546724175972947,奧德彪來囉,3,回复 @tegrke :你知道一開始6/13-6/16平均一天發射90枚嗎 現在一天剩下30枚 怎剩下1/3了呢?,2025-06-21 14:02:00,0,0
BV1ANKTzRESn,2025-06-20 16:32:00,5625088,11414288,51179533,tegrke,7,回复 @奧德彪來囉 :前三天一半都是消耗拦截弹用的流星3，16号开始伊朗命中率显著提升数量开始减少，以色列拦截率从13号的90%直接跌到到的16号的50%左右，问题是命中导弹的数量可是一直很稳定，至少爆出来的数字很稳定,2025-06-21 14:55:00,0,0
BV1ANKTzRESn,2025-06-20 16:32:00,-40414016,-1092352559,358585688,浅浅时光不忘你,2,回复 @奧德彪來囉 :23号伊朗外长在莫斯科见普京，到时候看俄伊怎么表态，这两天伊朗得撑住，发射车司机坚持一下。以色列50架战机追着打发射车是挺难受的,2025-06-21 08:27:00,0,0
BV1ANKTzRESn,2025-06-20 16:32:00,-1092352559,-12380592,3546724175972947,奧德彪來囉,3,回复 @浅浅时光不忘你 : 美國遲早派B2去轟炸 地下核設施 普丁早表態拉 就叫美國別介入 怎麼可能 伊朗玩火玩成這樣 美國不可能放任地下核設施存在的,2025-06-21 11:05:00,0,0
BV1ANKTzRESn,2025-06-20 16:32:00,-12380592,155151920,39565801,累不群性价比,0,回复 @奧德彪來囉 :嘬嘬嘬,2025-06-23 03:55:00,0,0
BV1ANKTzRESn,2025-06-20 16:32:00,-1128018959,-27226512,51157509,九霄云龙,143,是发射车被打掉了一半，导弹都在地下藏着，但发射的车不够用了，只能越打越少。,2025-06-21 08:27:00,0,0
BV1ANKTzRESn,2025-06-20 16:32:00,-1128018959,-22066048,15924127,丨Azzz丨,19,好好看,2025-06-21 09:27:00,0,0
BV1ANKTzRESn,2025-06-20 16:32:00,-1128018959,-1086486671,9137060,再来壹瓶儿,57,工业国自己手搓就行。哪有这么麻烦。,2025-06-21 09:36:00,0,0
BV1ANKTzRESn,2025-06-20 16:32:00,-1128018959,-1074364383,387800987,1UP777,914,伊朗会发现美帝都是纸老虎,2025-06-21 11:39:00,0,0
BV1ANKTzRESn,2025-06-20 16:32:00,-1128018959,-7322240,1442603607,th2细胞,14,怎么可能用完啊[笑哭]，伊朗才打多少发,2025-06-21 11:54:00,0,0
BV1ANKTzRESn,2025-06-20 16:32:00,-1128018959,-7380032,1442603607,th2细胞,14,哪怕是按照老美最低估计，也有两千发，现在才打几百发,2025-06-21 11:55:00,0,0
BV1ANKTzRESn,2025-06-20 16:32:00,-1128018959,-1071026751,23777971,香草狗良,1087,前段时间才公布的地下藏弹数量2万多枚各种型号导弹[OK],2025-06-21 12:14:00,0,0
BV1ANKTzRESn,2025-06-20 16:32:00,-1128018959,6916352,428379724,落日飞车天使爱人,12,建议赞一波大的,2025-06-21 14:13:00,0,0
BV1ANKTzRESn,2025-06-20 16:32:00,-1128018959,-1033578367,1803526876,春和花园,9,以色列没全产业链，需要买，伊朗是有全产业链的国家,2025-06-21 22:00:00,0,0
BV1ANKTzRESn,2025-06-20 16:32:00,-1128018959,139912912,77208839,伪装字幕菌,43,就算全部都扔完了 态度够诚恳沙漠里会长出来的[doge],2025-06-23 00:00:00,0,0
