﻿视频BV号,视频发布日期,上级评论ID,评论ID,用户ID,用户名,用户粉丝数,评论内容,评论时间,回复数,点赞数
BV1ANKTzRESn,2025-06-20 16:32:00,0,-60521040,319230506,博哥更懂你,7,说实话，是真偏啊[喜极而泣],2025-06-21 02:13:00,26,22
BV1ANKTzRESn,2025-06-20 16:32:00,-60521040,-60582080,319230506,博哥更懂你,7,希望以后准点,2025-06-21 02:14:00,0,15
BV1ANKTzRESn,2025-06-20 16:32:00,-60521040,-60407296,445500734,我的世界麦块小宇,2186,"因为他善[doge_金箍]
其实是导弹来袭前会有雷达大喇叭通知躲避难所",2025-06-21 02:17:00,0,6
BV1ANKTzRESn,2025-06-20 16:32:00,-60521040,-1124209359,108546260,natsue01,1,以色列:疼在我身，笑在你心?,2025-06-21 02:19:00,0,1
BV1ANKTzRESn,2025-06-20 16:32:00,-60521040,-59613696,58933445,问题儿童cc,155,说实话，我觉得威力小了[doge]，不过瘾,2025-06-21 02:26:00,0,16
BV1ANKTzRESn,2025-06-20 16:32:00,-59613696,-25777328,308062238,bsnnebs,4,回复 @问题儿童cc :伊朗只能用缩小弹头来换射程和突防速度,2025-06-21 08:44:00,0,0
BV1ANKTzRESn,2025-06-20 16:32:00,-59613696,-1089828991,31736573,condecalixto,73,回复 @问题儿童cc :除了我们国家战斗部一吨以上，其他中程导弹都是三五百公斤,2025-06-21 08:58:00,0,0
BV1ANKTzRESn,2025-06-20 16:32:00,-60521040,-58023872,436619135,Hammer2fall,3,导航不行,2025-06-21 02:45:00,0,0
BV1ANKTzRESn,2025-06-20 16:32:00,-60521040,-1120870463,147592482,REEMO0012,89,没有地球重力磁力场模型，没有目标范围五十平方前面的亚米级数字高程模型，没有高精度惯导，这就是伊朗的水平了，再高高不到哪去,2025-06-21 03:02:00,0,11
BV1ANKTzRESn,2025-06-20 16:32:00,-1120870463,-53474048,415480811,黄海锋嘿嘿,10,回复 @REEMO0012 :稳定一天发个几十枚不准没事,2025-06-21 03:36:00,0,0
BV1ANKTzRESn,2025-06-20 16:32:00,-60521040,-54233424,11683124,暴走跳跳熊,5,以色列和成都市面积差不多，哪怕打的偏，对于经济还是有很大影响的。,2025-06-21 03:29:00,0,0
BV1ANKTzRESn,2025-06-20 16:32:00,-54233424,-40600960,32684908,微笑-以後,5,回复 @暴走跳跳熊 :差远了  视频中这个明显是想打那个高楼的  结果只炸了几个普通小房子  就算以色列那边物价人工贵   视频中这枚击中的导弹造成的损失应该不会超过1000万美元  如果打中的是那高楼   倒塌?溅射附带损失至少几亿美元[吃瓜],2025-06-21 05:45:00,0,2
BV1ANKTzRESn,2025-06-20 16:32:00,-40600960,-1103334543,29960383,cheetahnd,4,回复 @微笑-以後 :只要有导弹来，所有人停工停产停学，这个损失也要考虑，间接损失,2025-06-21 06:11:00,0,0
BV1ANKTzRESn,2025-06-20 16:32:00,-1103334543,-38214288,32684908,微笑-以後,5,回复 @cheetahnd :B站就有视频  国内民工在以色列的工地上依然热火朝天的干着  边上导弹和防空都在炸着  典型的要钱不要命[吃瓜],2025-06-21 06:15:00,0,0
BV1ANKTzRESn,2025-06-20 16:32:00,-1103334543,-37722880,32684908,微笑-以後,5,回复 @cheetahnd :https://b23.tv/BV1ANKTzRESn 我给你找了一个  看一下视频最后的工地现状  典型的要钱不要命[吃瓜],2025-06-21 06:18:00,0,0
BV1ANKTzRESn,2025-06-20 16:32:00,-37722880,-1101969711,29960383,cheetahnd,4,回复 @微笑-以後 :我那天还看了一个视频 以色列防空洞不让外国人进，估计干活的都是外国人，他们本国精英都躲起来了[笑哭],2025-06-21 06:26:00,0,0
BV1ANKTzRESn,2025-06-20 16:32:00,-1101969711,-36449808,32684908,微笑-以後,5,回复 @cheetahnd :我们的话不是说他们是外国人  因为他们就是国内去的工程队   开战前有2万多人的国内工程队在以色列   国家5月份就要求全面撤侨了   结果他们回来的没几个  现在以色列的工地上基本全是中国工人[笑哭],2025-06-21 06:34:00,0,0
BV1ANKTzRESn,2025-06-20 16:32:00,-36449808,-1014665599,29960383,cheetahnd,4,回复 @微笑-以後 :你意思他们冒着被导弹炸的风险还在干活，还是主观上愿意的?那真是要钱不要命了,2025-06-22 03:36:00,0,0
BV1ANKTzRESn,2025-06-20 16:32:00,-40600960,-1102761327,34836871,稻米粉1,15,回复 @微笑-以後 :高楼附近的可不一定是小房子，也可能是高楼的重要配套设施。比如配电房，通风系统出口，污水处理设施等。,2025-06-21 06:16:00,0,0
BV1ANKTzRESn,2025-06-20 16:32:00,-1102761327,-37914432,32684908,微笑-以後,5,回复 @稻米粉1 :你说的这些东西在每栋楼的地下室[吃瓜],2025-06-21 06:17:00,0,0
BV1ANKTzRESn,2025-06-20 16:32:00,-37914432,-1095694367,34836871,稻米粉1,15,回复 @微笑-以後 :真不是。至少我上班的那栋楼不是,2025-06-21 07:45:00,0,0
BV1ANKTzRESn,2025-06-20 16:32:00,-1095694367,-29981584,32684908,微笑-以後,5,回复 @稻米粉1 :那你那边真的蛮独特的  正常都是设立在地下室的  少数把电房、通风、供水设在楼顶或者中间楼层  你说的情况我这里没见过[吃瓜],2025-06-21 07:54:00,0,0
BV1ANKTzRESn,2025-06-20 16:32:00,-40600960,-1100328511,180960778,zPegasus,34,回复 @微笑-以後 :这种当量的导弹炸不倒钢筋混凝土建筑的，但冲击波能损坏内部结构使其变成危楼，昨天证券交易所那栋基本废了，让他们自己花钱拆除岂不是更好[吃瓜],2025-06-21 06:47:00,0,0
BV1ANKTzRESn,2025-06-20 16:32:00,-60521040,-1117044655,353761,MrHou33,57,貌似现在用的老式导弹射程远，但精度误差30米，确实不太准。精准的没怎么用,2025-06-21 03:45:00,0,0
BV1ANKTzRESn,2025-06-20 16:32:00,-60521040,-43058096,624792740,Equipped,41,这些算老蛋 新蛋还没挖出来,2025-06-21 05:20:00,0,0
BV1ANKTzRESn,2025-06-20 16:32:00,-60521040,-42017392,16154139,流云丶诺艾尔,505,每天只要有10枚是地面和建筑拦截，持续一个月就不存在准不准的事了,2025-06-21 05:30:00,0,0
BV1ANKTzRESn,2025-06-20 16:32:00,-60521040,-1086177103,10568070,Deep_Dark_Blue,129,以色列会审查视频，理由是防止对面校准。谁知道呢，这个四人都得排队的地方到底是什么原因呢,2025-06-21 09:39:00,0,0
