﻿视频BV号,视频发布日期,上级评论ID,评论ID,用户ID,用户名,用户粉丝数,评论内容,评论时间,回复数,点赞数
BV1AfKwzVEga,2025-06-20 09:48:00,0,-1135763199,17632470,我家小鸟画中仙,125,姐姐，我有个问题哈，礼貌提问：姐姐为什么不带头巾遮住头发呢？,2025-06-20 22:45:00,12,18
BV1AfKwzVEga,2025-06-20 09:48:00,-1135763199,-54321904,55755109,友朋尛吃,118,她好像在国内[妙啊],2025-06-21 03:27:00,0,3
BV1AfKwzVEga,2025-06-20 09:48:00,-1135763199,-1117896831,1755585251,JohnWoo517,28,东大没有强制戴头巾的法律,2025-06-21 03:36:00,0,3
BV1AfKwzVEga,2025-06-20 09:48:00,-1135763199,-51880688,250668718,城西以西,31,想带就带不想带就不带,2025-06-21 03:52:00,0,0
BV1AfKwzVEga,2025-06-20 09:48:00,-51880688,316477264,531623737,Qfnbv,5,回复 @城西以西 :对得起真主吗？[笑哭],2025-06-24 16:04:00,0,0
BV1AfKwzVEga,2025-06-20 09:48:00,316477264,440958208,31554212,山海流云,44,回复 @Qfnbv :为啥伊朗人非得信教？而且信教也可以不带呀,2025-06-26 03:18:00,0,0
BV1AfKwzVEga,2025-06-20 09:48:00,440958208,443902704,99039034,吃椛椒的的喵酱,53,回复 @山海流云 :这个问题你可以问问哈梅内伊，[doge_金箍],2025-06-26 03:54:00,0,0
BV1AfKwzVEga,2025-06-20 09:48:00,440958208,456190720,531623737,Qfnbv,5,回复 @山海流云 : 你说得对，可以不带，内衣说了不算，你是内裤，内裤说了算[喜极而泣],2025-06-26 06:16:00,0,0
BV1AfKwzVEga,2025-06-20 09:48:00,440958208,-444338303,226166661,巡山老钻风,22,回复 @山海流云 :伊朗是宗教国家啊，当然以色列也是，你以为都跟国内一样有宗教自由啊，而且就算是国内，某些群里也没有这方面自由[喜极而泣],2025-06-28 02:14:00,0,0
BV1AfKwzVEga,2025-06-20 09:48:00,-1135763199,-50493936,487177612,Shinenoah,120,[滑稽]因为人家洗头了,2025-06-21 04:07:00,0,1
BV1AfKwzVEga,2025-06-20 09:48:00,-1135763199,349880832,1236554112,骑马看花随便,56,你这家伙，故意的，就是是在伊朗，在家里也是可以不戴头巾的，作为一个五千文明的后人，提这个问题也太不礼貌了，人有见面之情，不能这样啊。,2025-06-25 04:10:00,0,1
BV1AfKwzVEga,2025-06-20 09:48:00,349880832,-715863119,17632470,我家小鸟画中仙,125,回复 @骑马看花随便 :我是真不知道，感谢解答[抱拳][抱拳],2025-06-25 05:37:00,0,0
