﻿视频BV号,视频发布日期,上级评论ID,评论ID,用户ID,用户名,用户粉丝数,评论内容,评论时间,回复数,点赞数
BV1ajMmz4Egg,2025-06-14 09:54:00,0,-698927056,24600727,巴拉特肥盖伦,156,[doge]我们为啥要看好伊朗！只有他越喘粗气俄罗斯的支援才会越大！俄罗斯越放血越需要我们！,2025-06-14 10:10:00,12,22
BV1ajMmz4Egg,2025-06-14 09:54:00,-698927056,-1747977695,41028095,Barbceue,62,还有这一层吗[星星眼],2025-06-14 10:24:00,0,0
BV1ajMmz4Egg,2025-06-14 09:54:00,-698927056,-694259872,17026508,Star_Melody,80,你是不是刚从印度留学回来,2025-06-14 10:57:00,0,12
BV1ajMmz4Egg,2025-06-14 09:54:00,-698927056,-1743153439,634860286,咖啡葡萄干,10,先出示我们看好伊朗的证明，如果你说的“我们”是指自媒体，那随你高兴,2025-06-14 11:12:00,0,8
BV1ajMmz4Egg,2025-06-14 09:54:00,-1743153439,-691055696,24600727,巴拉特肥盖伦,156,回复 @咖啡葡萄干 :[笑哭]这样一个盟友你放心吗！,2025-06-14 11:30:00,0,1
BV1ajMmz4Egg,2025-06-14 09:54:00,-691055696,-1740846415,634860286,咖啡葡萄干,10,回复 @巴拉特肥盖伦 :所以你什么时候产生了我们把伊朗当盟友，并且看好他的错觉？明明一直以来我们对沙特都比对他更信任，运20飞的也是埃及运。,2025-06-14 11:35:00,0,15
BV1ajMmz4Egg,2025-06-14 09:54:00,-1740846415,-690534144,24600727,巴拉特肥盖伦,156,回复 @咖啡葡萄干 :[doge]请在看一遍我的第一条,2025-06-14 11:36:00,0,0
BV1ajMmz4Egg,2025-06-14 09:54:00,-698927056,-1708561679,2021660593,论韭菜的修养1,7,俄罗斯不会支持的，最多作壁上观，伊朗乱国际油价就会上涨，俄罗斯是受益方,2025-06-14 17:24:00,0,1
BV1ajMmz4Egg,2025-06-14 09:54:00,-1708561679,-656878336,24600727,巴拉特肥盖伦,156,回复 @论韭菜的修养1 :油价跟伊朗没关系了！他都被排除在美元体系之外了！,2025-06-14 17:31:00,0,0
BV1ajMmz4Egg,2025-06-14 09:54:00,-656878336,-637754016,65412345,老腰生疼,43,回复 @巴拉特肥盖伦 :笑死！你看油价了吗？前天国际油价一天最多涨了百分之十了！我的石化能源股票终于支棱起来了！,2025-06-15 02:04:00,0,1
BV1ajMmz4Egg,2025-06-14 09:54:00,-1708561679,-656590928,249007204,陨石星球,143,回复 @论韭菜的修养1 :俄罗斯官媒都在嘲笑伊朗,2025-06-14 17:36:00,0,0
BV1ajMmz4Egg,2025-06-14 09:54:00,-698927056,-644435088,502753445,暖阳拭雪,30,只有糖三角的某哥，才会觉得我们看好伊朗，只可惜一直被打脸。,2025-06-15 00:24:00,0,1
BV1ajMmz4Egg,2025-06-14 09:54:00,-644435088,-640392272,24600727,巴拉特肥盖伦,156,回复 @暖阳拭雪 :比起伊朗我更看好胡赛武装！敢打敢拼！有一丝我们前辈的风采，伊朗和以色列如果真正发动战争！最受益的应该是胡赛，可以有发展机会！但是打天下可以靠敢打敢拼坐天下的时候就不是敢打敢拼能解决的，面对各种软刀子利益分配冲突就看有没有强大的管理能力和正确的选择了！,2025-06-15 01:29:00,0,1
