﻿视频BV号,视频发布日期,上级评论ID,评论ID,用户ID,用户名,用户粉丝数,评论内容,评论时间,回复数,点赞数
BV1aLNBzsE9c,2025-06-17 11:16:00,0,-155332304,29661714,忘带作业大王,59,一个没防空，一个没空军。优秀的匹配机制,2025-06-20 03:39:00,10,51
BV1aLNBzsE9c,2025-06-17 11:16:00,-155332304,-1202339711,455444386,魔法少女于予玉,48,以色列的防控要耗尽了。他们自己说的,2025-06-20 06:35:00,0,10
BV1aLNBzsE9c,2025-06-17 11:16:00,-1202339711,-130533504,27215740,张永强大大,8,回复 @魔法少女于予玉 :我不信，除非伊朗发射量翻倍,2025-06-20 08:55:00,0,3
BV1aLNBzsE9c,2025-06-17 11:16:00,-130533504,-129316752,3184626,坚定不移相信党,100,回复 @张永强大大 :现在全天候多批次打击，还不够么，他是伊朗不是兔子[呲牙],2025-06-20 09:07:00,0,5
BV1aLNBzsE9c,2025-06-17 11:16:00,-129316752,-128153408,27215740,张永强大大,8,回复 @坚定不移相信党 :韩信点兵，多多益善[doge],2025-06-20 09:22:00,0,2
BV1aLNBzsE9c,2025-06-17 11:16:00,-128153408,-128016224,3184626,坚定不移相信党,100,回复 @张永强大大 :先用库存弹消耗以??的防空力量，现在才是大威力弹出场的时机,2025-06-20 09:23:00,0,3
BV1aLNBzsE9c,2025-06-17 11:16:00,-1202339711,8581120,381311517,鼻孔上长满花,11,回复 @魔法少女于予玉 :应该是怕持续消耗，短时间内还是不缺的（还够防几波）,2025-06-21 14:30:00,0,0
BV1aLNBzsE9c,2025-06-17 11:16:00,-155332304,-1117965215,623225653,MBDK-official,365,防空防空，十防九空,2025-06-21 03:34:00,0,0
BV1aLNBzsE9c,2025-06-17 11:16:00,-155332304,-44704432,19516007,松鸦i,4,"以色列防空是世界上最优秀的国家之一，三套防空体系大卫投石索铁穹加上美国支援防空导弹，可不是跟你闹着玩的
然而防空防空十防九空，伊朗狠下心了饱和式攻击，不可能没有漏防的[doge]",2025-06-21 05:03:00,0,3
BV1aLNBzsE9c,2025-06-17 11:16:00,-44704432,-1073442943,22051874,HALETINTIN,26,回复 @松鸦i :与其这样不如每天凌晨和三点多发，打不打的中无所谓，你们也别想睡觉了[吃瓜],2025-06-21 11:49:00,0,1
BV1aLNBzsE9c,2025-06-17 11:16:00,-155332304,-1015706399,410384681,夺命小喵咬你,13,防空强大？ 导弹饱和试试,2025-06-22 03:24:00,0,0
