﻿视频BV号,视频发布日期,上级评论ID,评论ID,用户ID,用户名,用户粉丝数,评论内容,评论时间,回复数,点赞数
BV1ahKuzyERV,2025-06-24 04:48:00,0,258337648,60394945,细节怪屋,64,美国：看见了啊，我一打伊朗，他俩就停火了，大家都看见了，啊，是我厉害，啊！是我有威慑力，啊，我还是老大啊，你们要相信我我真的是老大，求求你们相信我我还有威慑力我是老大[委屈],2025-06-24 05:03:00,9,43
BV1ahKuzyERV,2025-06-24 04:48:00,258337648,262563984,1688436605,龙风雪,85,不管怎么说，一定时期内，这是事实，没办法。,2025-06-24 05:52:00,0,3
BV1ahKuzyERV,2025-06-24 04:48:00,258337648,-803695951,14240174,复盘一下,21,美国是老大也是实话，但是他主宰不了一切,2025-06-24 07:05:00,0,7
BV1ahKuzyERV,2025-06-24 04:48:00,258337648,-801431711,44059351,巨龙の黄昏,3,他确实是老大。。,2025-06-24 07:39:00,0,1
BV1ahKuzyERV,2025-06-24 04:48:00,258337648,-798036431,98744351,爆浆小甜甜,80,确实打完就停了，不是事实？,2025-06-24 08:26:00,0,3
BV1ahKuzyERV,2025-06-24 04:48:00,258337648,-794081999,3429381,咕噜咕咕咕噜咕噜咕,512,有点尬,2025-06-24 09:19:00,0,1
BV1ahKuzyERV,2025-06-24 04:48:00,258337648,-792653983,4622084,luce砀,70,可是你屁都没放一个啊，对比起来还是厉害[吃瓜],2025-06-24 09:35:00,0,0
BV1ahKuzyERV,2025-06-24 04:48:00,258337648,-780354815,1343657268,生物钟模式,2,点赞你的都是尴人吗，事实不是老大你是？,2025-06-24 11:44:00,0,0
BV1ahKuzyERV,2025-06-24 04:48:00,258337648,-745555279,87454277,穿越过去-回到未来,3,你糖的没边，看军备，看经济水平，第一颁给你吧，毕竟糖成这样稀有,2025-06-24 20:05:00,0,0
BV1ahKuzyERV,2025-06-24 04:48:00,258337648,336304880,194446535,夜行性云雀,44,不然呢？他俩自动停的？,2025-06-25 01:04:00,0,1
