﻿视频BV号,视频发布日期,上级评论ID,评论ID,用户ID,用户名,用户粉丝数,评论内容,评论时间,回复数,点赞数
BV1aANRzqE5d,2025-06-22 10:19:00,0,-862031391,91245582,电场兄弟汪叭叽,19,中东这些国家真能联合起来吗[笑哭],2025-06-23 13:53:00,13,4
BV1aANRzqE5d,2025-06-22 10:19:00,-862031391,210815952,26929029,老夫无桨无风远航一生全靠浪,9,难，各怀鬼胎，有个以色列他们还很难团结一起，散了之后他们又会回到无限大乱斗,2025-06-23 14:25:00,0,6
BV1aANRzqE5d,2025-06-22 10:19:00,210815952,-857346815,3546696023804250,新纪元190,62,回复 @老夫无桨无风远航一生全靠浪 :话说他们会不会无限大乱斗 然后大乱斗出来一个帝王,2025-06-23 14:42:00,0,0
BV1aANRzqE5d,2025-06-22 10:19:00,-857346815,225168432,34022012,闪翼银座,21,回复 @新纪元190 :你说的这个目前看来大概像以色列这样的，但现在以色列明显实力不足以镇压整个中东，未来的话美国有希望，另外印度要是发展起来了也有可能,2025-06-23 17:12:00,0,0
BV1aANRzqE5d,2025-06-22 10:19:00,-857346815,-830821871,285508481,十大杰出青蛙,16,回复 @新纪元190 :不会，以前也许有机会，现在有些国家不让[doge],2025-06-24 01:11:00,0,0
BV1aANRzqE5d,2025-06-22 10:19:00,-857346815,254155584,21376648,梧桐珂珂,670,回复 @新纪元190 :中美不会给的,2025-06-24 04:23:00,0,0
BV1aANRzqE5d,2025-06-22 10:19:00,-857346815,277079872,433687248,Sage_dog,11,回复 @新纪元190 : 老美（）肯定不会同意的[doge_金箍],2025-06-24 09:10:00,0,0
BV1aANRzqE5d,2025-06-22 10:19:00,-857346815,658770096,471875419,我是十三呀i,4,回复 @新纪元190 :不是我们这边，很难,2025-06-28 05:54:00,0,0
BV1aANRzqE5d,2025-06-22 10:19:00,-862031391,-854178255,434340192,丶别人家的男朋友,44,感觉没啥用的、本来就利益方面不同、而且以有米国做后盾、加起来估计都打不过、我记得之前看新闻说是打过好几次了、都是中东几个国家联合起来、战绩的话都不怎么样、,2025-06-23 15:14:00,0,0
BV1aANRzqE5d,2025-06-22 10:19:00,-862031391,-849631295,415460092,平淡才是常态,4,且不说他们自己的宗教决定政权这一点就不可能联合之外，5大流更不可能同意这事了,2025-06-23 16:06:00,0,0
BV1aANRzqE5d,2025-06-22 10:19:00,-862031391,234863200,1942096025,抽空瞄一眼,7,不能，不同的宗教派系不同利益,2025-06-23 23:27:00,0,0
BV1aANRzqE5d,2025-06-22 10:19:00,-862031391,238930320,3546912961595836,鸡神2代,0,可千万别联合起来。。。对我们来说不是好事。,2025-06-24 00:55:00,0,0
BV1aANRzqE5d,2025-06-22 10:19:00,-862031391,238869120,206357147,張德乖,5,能，等我们发育起来，都是中国的,2025-06-24 00:56:00,0,0
BV1aANRzqE5d,2025-06-22 10:19:00,-862031391,261213616,2134445005,沮丧而失落,41,不 可 能,2025-06-24 05:35:00,0,0
