﻿视频BV号,视频发布日期,上级评论ID,评论ID,用户ID,用户名,用户粉丝数,评论内容,评论时间,回复数,点赞数
BV1aANRzqE5d,2025-06-22 10:19:00,0,-942600607,1012467389,吃草莓的人,20,我觉得要是哈梅内伊发个微信付款码集资导弹钱然后给助力者直播刷??，我估计半天就能集资到几十发大家伙的钱[笑哭]全世界的话就更多了,2025-06-22 16:24:00,11,35
BV1aANRzqE5d,2025-06-22 10:19:00,-942600607,125581504,266649915,想你的凳子,12,你好 我是哈梅内伊的b站号助理！谢谢你的鼓励，请打钱[响指],2025-06-22 16:30:00,0,7
BV1aANRzqE5d,2025-06-22 10:19:00,-942600607,127698624,613867722,暮暮学学,19,你好 我是哈梅内伊 V我50 我给你发射火箭[吃瓜],2025-06-22 17:01:00,0,4
BV1aANRzqE5d,2025-06-22 10:19:00,-942600607,-937613311,34838463,动漫动漫丿,17,你别说他要真能开直播射火箭，我肯定给他直播间刷礼物，这可比女主播带劲儿多了[笑哭],2025-06-22 17:44:00,0,7
BV1aANRzqE5d,2025-06-22 10:19:00,-942600607,-934041599,26020956,尤蒙冈德,121,导弹这种东西现在是他有钱也没地方买，只能找俄罗斯买但是现在俄国自己也不够用。,2025-06-22 19:29:00,0,0
BV1aANRzqE5d,2025-06-22 10:19:00,-934041599,137583296,416038115,吃的喵花椒酱,90,回复 @尤蒙冈德 :不是说库存有一万多发么？[笑哭]这才刷了几发,2025-06-22 22:48:00,0,0
BV1aANRzqE5d,2025-06-22 10:19:00,137583296,-929728767,26020956,尤蒙冈德,121,回复 @吃的喵花椒酱 :没有那么多，库存只有三千多发最多也不会超过五千，现在库存剩余应该不多了，21号一天才打了十几发，昨天也差不多，今天还不好说。总之数量递减严重。,2025-06-22 23:11:00,0,0
BV1aANRzqE5d,2025-06-22 10:19:00,-942600607,134145088,3546896847080134,艾莉丝威震天,0,"我觉得可以学俄罗斯，花钱买定制导弹，射向以色列。
比如在上面涂二次元角色[喜极而泣]",2025-06-22 19:34:00,0,1
BV1aANRzqE5d,2025-06-22 10:19:00,-942600607,134622000,416977624,愿勇往,142,这不比刷给扭屁股的刺激多了,2025-06-22 20:14:00,0,0
BV1aANRzqE5d,2025-06-22 10:19:00,-942600607,-930711343,347394395,回梦已千年,19,别废话，打钱！,2025-06-22 22:41:00,0,0
BV1aANRzqE5d,2025-06-22 10:19:00,-942600607,-930555807,177278890,睬你都傻的,146,只有俄罗斯有货且肯卖还能帮你打出去了吧[笑哭],2025-06-22 22:48:00,0,0
BV1aANRzqE5d,2025-06-22 10:19:00,-942600607,-929790271,3493076775471384,想了了祥,15,直播[tv_呆]，不怕被定位打击掉，录播就不得了了。,2025-06-22 23:12:00,0,0
