﻿视频BV号,视频发布日期,上级评论ID,评论ID,用户ID,用户名,用户粉丝数,评论内容,评论时间,回复数,点赞数
BV1ALNtzyEM8,2025-06-19 08:14:00,0,-1251057743,369070992,李不寻欢谁寻欢,51,本世纪头20年，这预测也太准了，2020年开始全世界都乱了,2025-06-19 14:57:00,51,2298
BV1ALNtzyEM8,2025-06-19 08:14:00,-1251057743,-185257344,278546040,哇哇哦123,8,乱了？我跟我爸看新闻从9几年到00年到现在中东世界可是一直在打仗啊大哥[doge] 还有非洲，国际新闻都不断的在播，根本没安全过，安全的只是发达国家和五常,2025-06-19 15:58:00,0,332
BV1ALNtzyEM8,2025-06-19 08:14:00,-185257344,-183578688,23288587,无压力香蕉味,0,回复 @哇哇哦123 :乱的意思是最大的那个压不住后面的一串，只要最大的那个还能一锤定音无人敢反抗，那么后面的一串怎么乱都不叫乱,2025-06-19 16:20:00,0,169
BV1ALNtzyEM8,2025-06-19 08:14:00,-185257344,-1244322255,383228372,潘公子爱太极,7,回复 @哇哇哦123 :人家说了 不可能,2025-06-19 16:20:00,0,2
BV1ALNtzyEM8,2025-06-19 08:14:00,-185257344,-1241771263,369070992,李不寻欢谁寻欢,51,回复 @哇哇哦123 :艾公说的头20年是咱们的战略发展期，确实如此呀，从新冠开始咱们就开始受到冲击了，经济发展也受到了影响。不是说之前没被针对，只是没有被当成重点对手针对,2025-06-19 16:59:00,0,121
BV1ALNtzyEM8,2025-06-19 08:14:00,-1241771263,-1197408607,283362359,看鹰在跑,24,回复 @李不寻欢谁寻欢 :你会错意了,2025-06-20 07:49:00,0,0
BV1ALNtzyEM8,2025-06-19 08:14:00,-1197408607,-1189269631,369070992,李不寻欢谁寻欢,51,回复 @看鹰在跑 :没事你可以表达你的理解，每个人理解不一样很正常,2025-06-20 09:35:00,0,0
BV1ALNtzyEM8,2025-06-19 08:14:00,-1241771263,-1140085663,122991589,无盈,25,回复 @李不寻欢谁寻欢 :要是没有之前苟着积攒下来的家底，病毒战就给咱收割完了，别说贸易战了，西方各国军舰都得开过来，内忧又外患。硬是靠众志成城拖了3年，西方经济先受不住放开了。,2025-06-20 19:08:00,0,2
BV1ALNtzyEM8,2025-06-19 08:14:00,-1241771263,-20771568,294622109,偶滴个神马,17,回复 @李不寻欢谁寻欢 :并不是新冠之后哦，有个词叫新常态，从2012年之后我国gdp就放缓了，导向也不再唯gdp论了。,2025-06-21 09:40:00,0,0
BV1ALNtzyEM8,2025-06-19 08:14:00,-185257344,-1233956895,1072424366,千年僵尸王飞僵,8,"回复 @哇哇哦123 :其实大致意思是，头20年美西方相对而言还不怎么注意我们，我们也配合美西方。我们发展的速度太快了，还没有20年，就十几年。美西方已经想发动新的八国联军了。
苏联解体开始，相对稳定的冷战格局没了，美西方收割苏联财富，肢解南斯拉夫，伊拉克战争，阿富汗战争，欧元问世，中东各种势力。美国潮汐收割全球。他们玩的不亦乐乎。我们那时候军事装备和美国差的不是一点半点，美国很清楚，而且我们为美西方提供十分廉价的商品，美国人也很爽。所以我们从苏联解体差不多有20年，相对和平的环境。
但是到了10年以后形势开始恶化，其实",2025-06-19 21:57:00,0,103
BV1ALNtzyEM8,2025-06-19 08:14:00,-1233956895,-50283456,354750016,酸性烧烤,32,回复 @千年僵尸王飞僵 :问问来来来[笑][笑哭][笑][打call][脱单doge][呲牙],2025-06-21 04:09:00,0,0
BV1ALNtzyEM8,2025-06-19 08:14:00,-185257344,-1233924943,1072424366,千年僵尸王飞僵,8,"回复 @哇哇哦123 :回复 @哇哇哦123 :其实大致意思是，头20年美西方相对而言还不怎么注意我们，我们也配合美西方。我们发展的速度太快了，还没有20年，就十几年。美西方已经想发动新的八国联军了。
苏联解体开始，相对稳定的冷战格局没了，美西方收割苏联财富，肢解南斯拉夫，伊拉克战争，阿富汗战争，欧元问世，中东各种势力。美国潮汐收割全球。他们玩的不亦乐乎。我们那时候军事装备和美国差的不是一点半点，美国很清楚，而且我们为美西方提供十分廉价的商品，美国人也很爽。所以我们从苏联解体差不多有20年，相对和平的环境。
但是到了10年以后形势开始恶化，美国已经逐渐认识到我们的厉害了，到了2016年以后我们海军疯狂下水，各种装备井喷，美国是彻底认识到我们的厉害了。美国要是能干过我们，直接就开干了。",2025-06-19 22:01:00,0,33
BV1ALNtzyEM8,2025-06-19 08:14:00,-185257344,-172289344,219851747,爱茶语爱分享呵,58,回复 @哇哇哦123 :我的理解是这20年美国的注意力不完全在中国，如果我们没有抓住这个机会，没有发展到今天这个实力，可能今天就不仅仅是叙利亚灭亡，可能伊朗已经没了（仅仅靠俄罗斯是扛不住美国＋北约的压力的）。既然中东已经不是问题，那今天美国的目标最有可能的就是亚洲，最简单的入手点就是台湾。如果这样再想发展难度比20年前可不就是高一点点了。,2025-06-19 22:25:00,0,27
BV1ALNtzyEM8,2025-06-19 08:14:00,-185257344,-148860976,10445605,宁贵人的团绒_,91,回复 @哇哇哦123 :想一想好像真的其实只有五常和几个大的经济体是稳定的[灵魂出窍],2025-06-20 04:49:00,0,3
BV1ALNtzyEM8,2025-06-19 08:14:00,-185257344,-1200902463,88885,呆若木离,2649,回复 @哇哇哦123 :疫情期间你成植物人了？,2025-06-20 06:57:00,0,7
BV1ALNtzyEM8,2025-06-19 08:14:00,-1200902463,-125500816,278546040,哇哇哦123,8,回复 @呆若木离 :？你理解有问题,2025-06-20 09:51:00,0,0
BV1ALNtzyEM8,2025-06-19 08:14:00,-185257344,-126732400,229537143,流泪的皮皮,79,回复 @哇哇哦123 :之前是代理人战争，后面俄国直接下场了,2025-06-20 09:37:00,0,4
BV1ALNtzyEM8,2025-06-19 08:14:00,-185257344,-1163589183,10665678,大韩螟国万睡,37,回复 @哇哇哦123 :真的是，头20整体和平，但是20年疫情就来了，全世界就乱了,2025-06-20 13:52:00,0,5
BV1ALNtzyEM8,2025-06-19 08:14:00,-185257344,-1151824943,384965653,取个好听name,21,回复 @哇哇哦123 :你是典型视频内容没看明白啊，本世纪前20年为什么是发展机遇，因为全世界的眼光都看着中东乱，20年之后全世界的眼光开始聚焦到我们。艾教授啥时候说过头二十年发展机遇是全世界不打战？,2025-06-20 15:49:00,0,8
BV1ALNtzyEM8,2025-06-19 08:14:00,-185257344,-86058592,3546559390157343,累了就休息总不会错,1,回复 @哇哇哦123 :这里乱不乱说的是国际大环境和市场，国际社会的时代主题，已经从合作发展良性竞争变成紧张对立你死我活了，小国打不打从来都不是评判世界乱不乱的标准，而是看大国之间的关系,2025-06-20 16:16:00,0,0
BV1ALNtzyEM8,2025-06-19 08:14:00,-185257344,-85457008,342917321,冷却的魔,16,回复 @哇哇哦123 :百年未有之大变局也是这几年才有的说法，以前发展没有那么大压力现在擦枪走火的很难的。,2025-06-20 16:22:00,0,0
BV1ALNtzyEM8,2025-06-19 08:14:00,-185257344,-1134967279,482890888,清雨栀落,79,回复 @哇哇哦123 :所以还不叫世界大战，之前俄乌战争，欧洲也进场了，现在就差咱们了，咱们要是一动手那就是第三次世界大战,2025-06-20 23:12:00,0,1
BV1ALNtzyEM8,2025-06-19 08:14:00,-185257344,-52855024,423850126,无绪-_-,11,回复 @哇哇哦123 :前20年没有像俄乌冲突这种大规模战争。,2025-06-21 03:44:00,0,0
BV1ALNtzyEM8,2025-06-19 08:14:00,-185257344,-52381216,18603640,猪嘟噜,1,回复 @哇哇哦123 :都是局部，和我们没什么关系,2025-06-21 03:49:00,0,0
BV1ALNtzyEM8,2025-06-19 08:14:00,-185257344,-1083020303,1273405286,蕉界地苍蓝星,73,回复 @哇哇哦123 :没那么乱，非洲黑叔叔也在这几年政变的政变，打仗的打仗，前几年法国还能控制一下，俄乌一开打，法国对非洲的控制都弱了很多,2025-06-21 10:14:00,0,0
BV1ALNtzyEM8,2025-06-19 08:14:00,-185257344,-1075367199,35019358,怪物游历中,17,回复 @哇哇哦123 :全世界经济20年开始往下走了，之前都是酷酷一顿往上爬,2025-06-21 11:30:00,0,0
BV1ALNtzyEM8,2025-06-19 08:14:00,-185257344,-1065801871,66218883,coolkisszz,3,回复 @哇哇哦123 :那个时候的乱和现在能一样么！现在是群星闪耀时呀，牛鬼蛇神都出来了！,2025-06-21 13:07:00,0,0
BV1ALNtzyEM8,2025-06-19 08:14:00,-185257344,-957552111,3546831936031060,nkvd苏维埃总监,5,回复 @哇哇哦123 :真正的大乱是大国之间直接开始烈度高的博弈,2025-06-22 13:47:00,0,0
BV1ALNtzyEM8,2025-06-19 08:14:00,-185257344,-933110767,472681087,twitter翔,9,回复 @哇哇哦123 :乱不是一个190的大胖子欺负一个四岁小孩子。而是这个行为以前没人敢说，现在有人说你这样做不对。两个大人开始对着卷骂街。这才叫乱。小孩哭就哭吧,2025-06-22 20:21:00,0,0
BV1ALNtzyEM8,2025-06-19 08:14:00,-1251057743,-1222311535,28172163,玩机博中式会社,190,这不是预测这是他获得信息和你不匹配。显得他比较聪明[笑哭],2025-06-20 02:23:00,0,6
BV1ALNtzyEM8,2025-06-19 08:14:00,-1222311535,-1214829423,77379252,后天星期三,19,"回复 @玩机博中式会社 :为什么你没有信息呢？怎么不显得你聪明呢？
自己能力拿不到信息，结果全怪信息不给你。
因果倒转。
典型的小孩子思维。
如果我有这个厂，我做得比老总他好！
如果我是市长，那我也能做这些。
如果我有信息，我比他聪明！
你就说吧，谁会理你啊。",2025-06-20 04:02:00,0,32
BV1ALNtzyEM8,2025-06-19 08:14:00,-1222311535,-85675120,3546559390157343,累了就休息总不会错,1,回复 @玩机博中式会社 :说中未来的事不是预测那什么是预测？艾说准了一是信息，二就是专业素养，普通人最容易产生的错觉就是我上我也行,2025-06-20 16:21:00,0,2
BV1ALNtzyEM8,2025-06-19 08:14:00,-1222311535,148619328,3546562298907588,Y-Z2,54,回复 @玩机博中式会社 :确实,2025-06-23 02:30:00,0,0
BV1ALNtzyEM8,2025-06-19 08:14:00,-1251057743,-1220760367,242525973,你是我的千反田吗,36,这世界消停过吗？,2025-06-20 02:44:00,0,1
BV1ALNtzyEM8,2025-06-19 08:14:00,-1251057743,-139892192,423882424,陶森特的丹德里恩,16,其实还好，本来16年就有点悬了，08年更有奥巴马重返亚太，要不是中东持续有战，还未必不能转移重心,2025-06-20 06:44:00,0,191
BV1ALNtzyEM8,2025-06-19 08:14:00,-1251057743,-139901248,423882424,陶森特的丹德里恩,16,"有点像先射箭再画靶，走完了快接近了，硬拖到二十年不发，最后来个实现
其实就是自己的军事需要头二十年实现军改，才这么说",2025-06-20 06:45:00,0,25
BV1ALNtzyEM8,2025-06-19 08:14:00,-1251057743,-137184624,129069820,从丹东来,188,中东打架一直没停过跟俄乌边境差不多 不过都是小打小闹,2025-06-20 07:26:00,0,6
BV1ALNtzyEM8,2025-06-19 08:14:00,-1251057743,-1190264927,382137779,lyrinaaaaaaa,11,昨天晚上疯补官方发的关于战争的视频，包括经济战，贸易战，生物武器，这个世界真的已经疯的不能再疯了，或者说是某个国家已经疯的不能再疯了。为了让自己独大，无所不用其极,2025-06-20 09:23:00,0,51
BV1ALNtzyEM8,2025-06-19 08:14:00,-1190264927,-939422383,434341990,我真是张金龙,32,回复 @咕滴滴咕 :这才是常态，这才是历史的常态。过去的和平不过是历史的一瞬，和平的幻梦,2025-06-22 17:12:00,0,0
BV1ALNtzyEM8,2025-06-19 08:14:00,-1251057743,-120647616,356651917,有缺点才是正常人,103,乱吗？我怎么觉得刚开始呢,2025-06-20 10:37:00,0,0
BV1ALNtzyEM8,2025-06-19 08:14:00,-1251057743,-1181410399,1692689658,秀然天下,17,乱了，，这世界和平过吗[笑哭]也就这片土地相对和平点了,2025-06-20 10:54:00,0,8
BV1ALNtzyEM8,2025-06-19 08:14:00,-1251057743,-69639680,158477105,时光飞逝nqbz,28,咱们党的目光洞澈未来百年，我绝不是在吹牛逼,2025-06-20 23:50:00,0,6
BV1ALNtzyEM8,2025-06-19 08:14:00,-69639680,-1104677887,369070992,李不寻欢谁寻欢,51,回复 @时光飞逝nqbz :确实，这一点是真牛逼,2025-06-21 05:53:00,0,0
BV1ALNtzyEM8,2025-06-19 08:14:00,-1251057743,-65662688,26062934,哟哟来抓我啊,23,反正不管其他地方乱不乱，中东就是得一直乱下去，奥巴马重返印太战略就宣布中国安稳发展的时光结束了。,2025-06-21 01:04:00,0,0
BV1ALNtzyEM8,2025-06-19 08:14:00,-65662688,-1031155951,4916597,海岛Koronto,24,回复 @哟哟来抓我啊 :正解，中东一直乱才是大好处，以色列就是中东节流阀，让他们打吧,2025-06-21 23:32:00,0,0
BV1ALNtzyEM8,2025-06-19 08:14:00,-1251057743,-1125739231,20204970,yuhuilalala,25,其实这种几十年尺度的战略计划美国基本是公开的。比如，90年代美国就有公开的智库文，用三十年腐化俄罗斯，特别是核武器系统，然后在2020-2030之间从乌克兰方向进攻俄罗斯。那时上高中，从参考消息上看的。现在来看，可不就是这样。,2025-06-21 02:01:00,0,1
BV1ALNtzyEM8,2025-06-19 08:14:00,-1251057743,-56519552,2064602,不浪费第一,151,因为头20年美国在朝鲜以后的主要方向在以色列那块，还是多地开花，战争经验丰富的先辈可以预测到美国会因此大概十几年都会把主要精力放在那些战场上。剩下的精力哪怕想在意，也没有那么多资源了,2025-06-21 03:02:00,0,0
BV1ALNtzyEM8,2025-06-19 08:14:00,-1251057743,-53113840,256122327,不知道叫啥呃呃呃呃呃,53,我是98年出生的，在我小时候零几年的时候，家里那个广播经常听到黎巴嫩哪个哪个地方又被炸了，哪里又有战争。中东那块区域基本上没怎么和平过[笑哭],2025-06-21 03:42:00,0,0
BV1ALNtzyEM8,2025-06-19 08:14:00,-1251057743,-42766656,5737441,殁翎,74,新冠：你好,2025-06-21 05:22:00,0,0
BV1ALNtzyEM8,2025-06-19 08:14:00,-42766656,-1104603423,369070992,李不寻欢谁寻欢,51,回复 @殁翎 :潘多拉魔盒的钥匙,2025-06-21 05:53:00,0,1
BV1ALNtzyEM8,2025-06-19 08:14:00,-1251057743,24759584,648354429,若初i_,16,钓鱼岛时就开始了，局部战争和经济战争一起只不过我们没上当，后面美国玩的一直都是文化 经济 病毒战争还有那些组织，更别说美国在中东失踪两三千军人这种鬼话你信吗,2025-06-21 17:28:00,0,0
BV1ALNtzyEM8,2025-06-19 08:14:00,-1251057743,-934271887,3546394350585869,佐命贵,32,《预测》[喜极而泣],2025-06-22 19:17:00,0,0
