﻿视频BV号,视频发布日期,上级评论ID,评论ID,用户ID,用户名,用户粉丝数,评论内容,评论时间,回复数,点赞数
BV1ajMmz4Egg,2025-06-14 09:54:00,0,-1749973247,11275173,大胆的主持人,6,伊朗:我可是棋手！来人，给我升旗！,2025-06-14 10:05:00,20,685
BV1ajMmz4Egg,2025-06-14 09:54:00,-1749973247,-695247552,51056345,普通男人不要结婚,8,是旗手,2025-06-14 10:47:00,0,60
BV1ajMmz4Egg,2025-06-14 09:54:00,-695247552,-675346256,19100224,仲夏海景hty,62,回复 @普通男人不要结婚 : 天才,2025-06-14 14:05:00,0,0
BV1ajMmz4Egg,2025-06-14 09:54:00,-1749973247,-694063664,275941931,雪海月光,157,什么棋手?战鹰吗？[滑稽],2025-06-14 11:00:00,0,36
BV1ajMmz4Egg,2025-06-14 09:54:00,-694063664,-1740651439,3865959,beth414,13,回复 @钓鱼高手吕望 : 法国旗手,2025-06-14 11:38:00,0,6
BV1ajMmz4Egg,2025-06-14 09:54:00,-1740651439,-1736102655,362561790,南瓜精锐,29,回复 @beth414 :每日乳法,2025-06-14 12:24:00,0,1
BV1ajMmz4Egg,2025-06-14 09:54:00,-1749973247,-693012672,392867832,岳峨河浩,4,升白旗,2025-06-14 11:11:00,0,4
BV1ajMmz4Egg,2025-06-14 09:54:00,-1749973247,-1740123247,3546573646596670,地芋难嚼,20,彩虹旗还是星条旗？[嗑瓜子],2025-06-14 11:43:00,0,3
BV1ajMmz4Egg,2025-06-14 09:54:00,-1740123247,-673511648,526186545,曹魏遗风,3,回复 @地芋难嚼 :彩虹旗[笑哭]，那不是LGBT么！,2025-06-14 14:22:00,0,0
BV1ajMmz4Egg,2025-06-14 09:54:00,-1749973247,-1738740527,3874859,太阳王子,49,被渗透成筛子到处内鬼，当棋子都被棋手嫌，拖后腿的玩意,2025-06-14 11:58:00,0,4
BV1ajMmz4Egg,2025-06-14 09:54:00,-1738740527,-1732555423,317981887,zippo北风,5,回复 @太阳王子 :当棋子不彻底[笑哭][笑哭]关键时刻总是掉链子[吃瓜]有现在的光景怨不得别人,2025-06-14 13:03:00,0,5
BV1ajMmz4Egg,2025-06-14 09:54:00,-1749973247,-682681072,483284925,Ahlbergia,23,你不是升旗仙人吗,2025-06-14 12:54:00,0,0
BV1ajMmz4Egg,2025-06-14 09:54:00,-1749973247,-662630672,26625243,逐梦者的遥远,1,感觉伊朗类似国民政府，内战不可避免,2025-06-14 16:12:00,0,0
BV1ajMmz4Egg,2025-06-14 09:54:00,-1749973247,-1696419951,2541075,拉影学姐,18,今天真的升红色,2025-06-15 00:14:00,0,0
BV1ajMmz4Egg,2025-06-14 09:54:00,-1749973247,-626139680,76548441,云天望玉,3,打回去了，伊朗马上任命了一批新的军官，加沙黎巴嫩都看着载歌载舞,2025-06-15 04:11:00,0,0
BV1ajMmz4Egg,2025-06-14 09:54:00,-626139680,-1675293327,8482583,卖猫的鱼皮蛋,9,回复 @云天望玉 :内衣不死，上多少二把手都没用,2025-06-15 04:39:00,0,0
BV1ajMmz4Egg,2025-06-14 09:54:00,-1675293327,-330961888,76548441,云天望玉,3,回复 @卖猫的鱼皮蛋 :伊朗国土面积是以的66倍，人口忘了，以玩这套还是为了拉阿美下场，阿美表现是不想下场，因为伊朗产石油，油价飙升会导致阿美急性通货膨胀，而伊朗只需要用足够低价的导弹饱和打击以就足够搞定，金钱问题可以用石油解决,2025-06-18 05:25:00,0,0
BV1ajMmz4Egg,2025-06-14 09:54:00,-1675293327,-330874768,76548441,云天望玉,3,回复 @卖猫的鱼皮蛋 :至于内鬼，确实影响了伊朗决策层对于自己生命的担忧，但以表现出非要打，那么对于生命的担忧就会变成愤怒了,2025-06-18 05:27:00,0,0
BV1ajMmz4Egg,2025-06-14 09:54:00,-1749973247,-1666527583,496281693,骑驴牵猪,3,嗯，你有错别字。,2025-06-15 06:13:00,0,0
BV1ajMmz4Egg,2025-06-14 09:54:00,-1749973247,-1229776399,477195291,西瓜孙不二,0,今天20号了，尴尬吗？打脸吗？,2025-06-20 00:16:00,0,0
BV1ajMmz4Egg,2025-06-14 09:54:00,-1229776399,-1198181567,11275173,大胆的主持人,6,回复 @西瓜孙不二 :没有被打脸的感觉，伊朗旗手的称呼是它之前的作为获得的，实至名归，现在它只是用实际行动去摆脱之前的不良印象，暂时变成硬朗。再说我们也只是看戏吃瓜，它能硬起来对我们更好，如果这算打脸的话，我只想说再用力点[doge],2025-06-20 07:38:00,0,0
