﻿视频BV号,视频发布日期,上级评论ID,评论ID,用户ID,用户名,用户粉丝数,评论内容,评论时间,回复数,点赞数
BV1ahNvzmEoz,2025-06-17 10:00:00,0,-1345440831,3546780216068270,L的手工日记,14,幸好我出生在中国[大哭][大哭][大哭][大哭][大哭],2025-06-18 14:19:00,15,23
BV1ahNvzmEoz,2025-06-17 10:00:00,-1345440831,-1341493791,410924979,弹剑笑平生,20,不是说以基本都拦截了么，末端拦截是吧[妙啊],2025-06-18 14:59:00,0,0
BV1ahNvzmEoz,2025-06-17 10:00:00,-1345440831,-281914000,481368320,1568654879,10,[tv_目瞪口呆],2025-06-18 15:07:00,0,2
BV1ahNvzmEoz,2025-06-17 10:00:00,-1345440831,-278848672,125907725,不可描述的贝贝君,13,这倒是，这几天光刷视频吃瓜了,2025-06-18 15:41:00,0,0
BV1ahNvzmEoz,2025-06-17 10:00:00,-1345440831,-1335585487,19336766,这次就不了下次一定,36,不，是出生在现在的中国,2025-06-18 16:04:00,0,2
BV1ahNvzmEoz,2025-06-17 10:00:00,-1345440831,-273340688,445579446,筋肉道,84,有没有一种可能啊，你有这种感觉是因为你看到的只有特供新闻啊？,2025-06-18 16:53:00,0,1
BV1ahNvzmEoz,2025-06-17 10:00:00,-273340688,-1331563039,578514764,雾里看星其洪,40,回复 @筋肉道 :是的，但不论怎样，我们至少安安稳稳,2025-06-18 16:58:00,0,0
BV1ahNvzmEoz,2025-06-17 10:00:00,-1331563039,-271337712,445579446,筋肉道,84,回复 @雾里看星其洪 :我tm啥都发不出来，这两天就有打脸你“安安稳稳”的想法的事件发生，而且还是现代人类文明最残忍的事情，我试了十几种排列组合，特殊字符，发不出来，算了，放弃,2025-06-18 17:28:00,0,1
BV1ahNvzmEoz,2025-06-17 10:00:00,-271337712,-266766416,474145300,劉星壹閃,19,回复 @筋肉道 :xd来个关键词呗[给心心],2025-06-18 19:40:00,0,0
BV1ahNvzmEoz,2025-06-17 10:00:00,-266766416,-242313936,445579446,筋肉道,84,回复 @劉星壹閃 :帅,2025-06-19 04:36:00,0,0
BV1ahNvzmEoz,2025-06-17 10:00:00,-266766416,-242197520,445579446,筋肉道,84,回复 @劉星壹閃 :罗,2025-06-19 04:37:00,0,0
BV1ahNvzmEoz,2025-06-17 10:00:00,-266766416,-241716336,445579446,筋肉道,84,回复 @劉星壹閃 :你现在检索已经晚了，已经都不是一开始发的时候了，而且他爆出的文件证实了一直以来已经被默认为事实的事实，任何一个文明国家都不会允许那种极端不人道的事情存在,2025-06-19 04:42:00,0,0
BV1ahNvzmEoz,2025-06-17 10:00:00,-273340688,-1330746063,1577354,草句山己,71,回复 @筋肉道 :上海人果然清醒,2025-06-18 17:12:00,0,0
BV1ahNvzmEoz,2025-06-17 10:00:00,-1345440831,-1331815823,688071082,白鹭吖喵,4,嗯嗯,2025-06-18 16:55:00,0,0
BV1ahNvzmEoz,2025-06-17 10:00:00,-1345440831,-272003520,1456514320,千里击涛万里遨摇,58,即使你是以色列的老百姓，也不会被炸死的，有点意识的早躲起来了,2025-06-18 17:15:00,0,0
BV1ahNvzmEoz,2025-06-17 10:00:00,-1345440831,-1330346351,1709905883,阿尔卑斯山脉大,17,离上次越南自卫反击战也没多少年[妙啊],2025-06-18 17:20:00,0,0
