﻿视频BV号,视频发布日期,上级评论ID,评论ID,用户ID,用户名,用户粉丝数,评论内容,评论时间,回复数,点赞数
BV1ahKuzyERV,2025-06-24 04:48:00,0,-812071103,3546893112051877,泼乐个噼里啪啦嬉哔,4,我咋感觉还要打呢，只是双方歇一歇，继续补充弹药[吃瓜][抠鼻],2025-06-24 05:12:00,10,28
BV1ahKuzyERV,2025-06-24 04:48:00,-812071103,261954096,1091407120,水滨木,2,以色列不是那种能吃下亏的主，现在停火可能就是军火暂时拿不到[doge]库存没了，美国内需要加班加点,2025-06-24 05:42:00,0,13
BV1ahKuzyERV,2025-06-24 04:48:00,261954096,-790697567,211636296,烟笼寒水1,37,回复 @水滨木 :伊朗也是这么想的，等着补充库存呢,2025-06-24 09:57:00,0,0
BV1ahKuzyERV,2025-06-24 04:48:00,-812071103,264082464,9372210,龙崎sak,21,好不容易美国都下场了 美国航母都在路上了 怎么可能停火 都没库存了 看看国际局势 该找人找人 该补充库存补充库存,2025-06-24 06:12:00,0,7
BV1ahKuzyERV,2025-06-24 04:48:00,-812071103,265885616,679361048,天赐我爱_,15,有可能！几天下来伊朗发射导弹的数量明显也变少了,2025-06-24 06:37:00,0,0
BV1ahKuzyERV,2025-06-24 04:48:00,-812071103,266087600,52945618,Avimin5,20,和哈马斯停火一个道理,2025-06-24 06:42:00,0,0
BV1ahKuzyERV,2025-06-24 04:48:00,-812071103,-803291503,347977988,安东星入,93,再打也是以色列吃亏 地方太小除非要把伊朗干到解体,2025-06-24 07:10:00,0,0
BV1ahKuzyERV,2025-06-24 04:48:00,-812071103,-798718687,439060488,玉手早,13,第一次中东战争，伊朗这次不交出点东西估计不行，估计政权要被换成亲以亲美的了,2025-06-24 08:17:00,0,0
BV1ahKuzyERV,2025-06-24 04:48:00,-798718687,-790579727,211636296,烟笼寒水1,37,回复 @玉手早 :伊朗也没打算停手，继续干呢,2025-06-24 09:57:00,0,0
BV1ahKuzyERV,2025-06-24 04:48:00,-812071103,-798534543,276256897,li里li里,7,猜对了，又打起来了哈哈哈哈哈,2025-06-24 08:22:00,0,0
BV1ahKuzyERV,2025-06-24 04:48:00,-812071103,-796826191,466287,SunlightSword,32,中场休息罢了,2025-06-24 08:43:00,0,0
