﻿视频BV号,视频发布日期,上级评论ID,评论ID,用户ID,用户名,用户粉丝数,评论内容,评论时间,回复数,点赞数
BV1A3Ntz7E8K,2025-06-19 09:46:00,0,-1276966639,3537113578474267,繁华_921,11,听声音好像还不止一发落到cbd大楼呢[吃瓜]，看后续报道吧,2025-06-19 10:15:00,7,106
BV1A3Ntz7E8K,2025-06-19 09:46:00,-1276966639,-1265624623,65625579,wfnqlp,58,拦截的导弹有一发也干建筑物上去了。[笑哭],2025-06-19 12:16:00,0,7
BV1A3Ntz7E8K,2025-06-19 09:46:00,-1276966639,-202975152,547849301,burning-庐陵,26,伤害不大吧！我去看了一下今天的以色列特拉维夫指数，正常交易，还涨了,2025-06-19 12:42:00,0,1
BV1A3Ntz7E8K,2025-06-19 09:46:00,-202975152,-182603376,452715640,月色入高楼有人楼上愁,6,回复 @burning-庐陵 :打仗被人炸还涨这就不叫正常,2025-06-19 16:33:00,0,0
BV1A3Ntz7E8K,2025-06-19 09:46:00,-202975152,-1239594783,602089794,阳之谓道,54,回复 @burning-庐陵 :噗,2025-06-19 17:44:00,0,0
BV1A3Ntz7E8K,2025-06-19 09:46:00,-1276966639,-1261182095,18454868,遥遥领天,47,现在很多量化机器人，收到一点负面信息就开始砸,2025-06-19 13:06:00,0,3
BV1A3Ntz7E8K,2025-06-19 09:46:00,-1276966639,-194030160,513924170,木一小哥,760,这回是集束弹头，覆盖面八公里[呲牙],2025-06-19 14:18:00,0,14
BV1A3Ntz7E8K,2025-06-19 09:46:00,-194030160,-177841952,375569645,万敌official,61,回复 @木一小哥 :那是打平面的数据吧,2025-06-19 18:02:00,0,0
