﻿视频BV号,视频发布日期,上级评论ID,评论ID,用户ID,用户名,用户粉丝数,评论内容,评论时间,回复数,点赞数
BV1ahNvzmEoz,2025-06-17 10:00:00,0,-343788352,3574525,bili_3574525,77,不得不说，伊朗这次确实打出了能力，对我们来说他已经有了扶持的价值,2025-06-18 02:59:00,12,3
BV1ahNvzmEoz,2025-06-17 10:00:00,-343788352,-1401514575,15912173,快去请捷尔任斯基同志,41,嘘??，兄弟，心里话不要说出来[给心心][给心心][给心心],2025-06-18 03:20:00,0,4
BV1ahNvzmEoz,2025-06-17 10:00:00,-343788352,-341981072,400709513,Jackkung,30,才打了三天，再实习一周看看[吃瓜],2025-06-18 03:26:00,0,2
BV1ahNvzmEoz,2025-06-17 10:00:00,-343788352,-1398657023,357929197,你说的一点都对_,34,打完就该人怂了，回合制嘛,2025-06-18 03:55:00,0,1
BV1ahNvzmEoz,2025-06-17 10:00:00,-343788352,-1398259663,370178298,进化的46亿重奏曲,7,啊？伊朗一直把我们当做对美谈判的筹码。可想而知我们是什么地位。[笑哭],2025-06-18 04:00:00,0,4
BV1ahNvzmEoz,2025-06-17 10:00:00,-1398259663,-1395153199,440645573,本喵叫做dog,19,回复 @进化的46亿重奏曲 :就是因为中国支持，不然你以为伊朗怎么敢怼美国的,2025-06-18 04:32:00,0,0
BV1ahNvzmEoz,2025-06-17 10:00:00,-1395153199,-1394703935,370178298,进化的46亿重奏曲,7,回复 @本喵叫做dog :中国的支持还没有俄罗斯多。就算经济支援，也比不上巴基斯坦。而且中国也不敢突破美国的经济制裁啊。在反拥核的问题上，中国一向是反对的。中国对伊朗最大的支持可能就是一带一路的经济建设，可这对主战派的伊朗领导人而言没什么意义呀，只能说作为手里向美国和谈的底牌之一。也简而言之，我们只是他的手中的一张牌，不是说靠山。,2025-06-18 04:37:00,0,1
BV1ahNvzmEoz,2025-06-17 10:00:00,-1398259663,-1395058863,440645573,本喵叫做dog,19,回复 @进化的46亿重奏曲 :不是说武力怎么怎么样，像美国对我们动手那样，经济制裁科技封锁，拉着其他国家贸易制裁，除了中国换其他哪个国家受的住,2025-06-18 04:34:00,0,0
BV1ahNvzmEoz,2025-06-17 10:00:00,-343788352,-338479232,14938733,直接进行一个牢的坐,121,伊朗中等国家的实力不用说，主要还是内部被渗透太严重的，什么时候搞个清洗运动才是真的,2025-06-18 04:06:00,0,1
BV1ahNvzmEoz,2025-06-17 10:00:00,-343788352,-1397189679,54279187,这个星期不下雨,0,就这？,2025-06-18 04:12:00,0,0
BV1ahNvzmEoz,2025-06-17 10:00:00,-343788352,-337892384,8686439,jy00827510,610,我们在上合上已经狠狠的给他支持了。但是区区这点东西还不到能扶持的地步,2025-06-18 04:12:00,0,1
BV1ahNvzmEoz,2025-06-17 10:00:00,-343788352,-337603024,31616621,幻丶狱丶天妒丶承阳,53,得了吧 伊朗啥时候能不内斗啥时候再说吧,2025-06-18 04:16:00,0,0
BV1ahNvzmEoz,2025-06-17 10:00:00,-343788352,-1395917599,362110297,是下小雨同学也,7,得了吧，伊朗怎么对抵抗之狐的“兄弟”的？就是一群白眼狼，另一个越南，他们内部相当一部分亲美的,2025-06-18 04:25:00,0,0
