﻿视频BV号,视频发布日期,上级评论ID,评论ID,用户ID,用户名,用户粉丝数,评论内容,评论时间,回复数,点赞数
BV1AAK8zsEvP,2025-06-23 10:22:00,0,-880156959,694645750,独赏晚晴,77,圣经可以作为凭证的话，那我可要拿出山海经了[doge],2025-06-23 10:46:00,13,681
BV1AAK8zsEvP,2025-06-23 10:22:00,-880156959,-878898847,385463367,薛偶然,12,先把老祖宗的世界股权收回来再说吧。,2025-06-23 10:58:00,0,27
BV1AAK8zsEvP,2025-06-23 10:22:00,-880156959,193200864,282332,飘洋,15,直接快进到盘古开天地,2025-06-23 11:25:00,0,69
BV1AAK8zsEvP,2025-06-23 10:22:00,193200864,-875317567,388166697,请停止散发魅力,33,回复 @飘洋 :无敌啦,2025-06-23 11:33:00,0,2
BV1AAK8zsEvP,2025-06-23 10:22:00,-880156959,195942000,95226634,毛利小老六,65,你跟他讲道理，他跟你耍流氓,2025-06-23 11:54:00,0,8
BV1AAK8zsEvP,2025-06-23 10:22:00,-880156959,198883008,120036110,西城玉,5,不用吧 用老祖宗一句凡日月所照皆为汉土不就行了,2025-06-23 12:22:00,0,34
BV1AAK8zsEvP,2025-06-23 10:22:00,-880156959,-843087807,3240676,猫老q,79,别信他的圣经，那是被后人篡改的！！,2025-06-23 17:50:00,0,2
BV1AAK8zsEvP,2025-06-23 10:22:00,-880156959,235303360,3461702,汤圆汤圆汤圆猪,37,拳头够硬的时候就可以拿出来了[doge],2025-06-23 23:41:00,0,0
BV1AAK8zsEvP,2025-06-23 10:22:00,-880156959,237146848,7254931,钓鱼种花养草,28,"日月所照, 皆为华夏 江河所至, 皆为汉土[滑稽]",2025-06-24 00:22:00,0,7
BV1AAK8zsEvP,2025-06-23 10:22:00,237146848,-832531967,36028988,上班上到崩溃,26,回复 @钓鱼种花养草 :那岂不是整个太阳系都是我们的[大笑][大笑],2025-06-24 00:39:00,0,0
BV1AAK8zsEvP,2025-06-23 10:22:00,-832531967,284654528,7254931,钓鱼种花养草,28,"回复 @上班上到崩溃 : [吃瓜]肯定不止，你说在其他星系能不能看见太阳的发出的光芒？
能
? 是吧[妙啊]",2025-06-24 10:32:00,0,0
BV1AAK8zsEvP,2025-06-23 10:22:00,-880156959,238803216,319490519,鸡你不是一般的美,55,连这小千世界是谁的都不用明说了,2025-06-24 00:53:00,0,0
BV1AAK8zsEvP,2025-06-23 10:22:00,-880156959,-819104079,317516353,咱来说句公道话,167,圣经有没有说被轰炸的时候怎么躲[滑稽],2025-06-24 04:01:00,0,0
BV1AAK8zsEvP,2025-06-23 10:22:00,-880156959,548364384,25172836,扎克斯萨拉,77,如果一本小说能当依据，那自传应该也能当依据吧？这就不得不掏出《我的奋斗》了,2025-06-27 05:13:00,0,0
