﻿视频BV号,视频发布日期,上级评论ID,评论ID,用户ID,用户名,用户粉丝数,评论内容,评论时间,回复数,点赞数
BV1a7MSzYE8h,2025-06-14 14:49:00,0,-1645902879,1021098185,通辽大司农,7,人家都被渗透成那样了，能反击都很不容易了[笑哭],2025-06-15 10:21:00,7,38
BV1a7MSzYE8h,2025-06-14 14:49:00,-1645902879,-528385216,1010282431,走遍中国公路,7,一个波斯人为主的国家，被阿塞拜疆族统治，哪天爆发内战都不奇怪,2025-06-16 04:08:00,0,20
BV1a7MSzYE8h,2025-06-14 14:49:00,-528385216,-1570234751,492329264,旋转巧乐兹,308,回复 @走遍中国公路 : 少看点卢克文 纯瞎扯淡的,2025-06-16 06:55:00,0,6
BV1a7MSzYE8h,2025-06-14 14:49:00,-528385216,-1554093215,3546912158386476,涨停每一天,0,回复 @走遍中国公路 :人家讲教派的，不是讲种族的，同种族不同教派能人脑子打出狗脑子。,2025-06-16 10:34:00,0,8
BV1a7MSzYE8h,2025-06-14 14:49:00,-528385216,-1498593087,108392595,是落地的枫zZ,32,回复 @走遍中国公路 :你这属于不懂装懂了，多了解一下吧,2025-06-17 02:37:00,0,2
BV1a7MSzYE8h,2025-06-14 14:49:00,-1645902879,-523462704,299097531,起念右从才子傻,15,老伊的情况跟清末差不多,2025-06-16 04:59:00,0,7
BV1a7MSzYE8h,2025-06-14 14:49:00,-523462704,-455330912,22272921,枣泥苏苏,145,回复 @起念右从才子傻 :你也太看不起晚清了[笑哭]晚清虽然拉，但并没有这么拉,2025-06-16 20:33:00,0,2
BV1a7MSzYE8h,2025-06-14 14:49:00,-523462704,-407217984,160484907,佛_狸,85,回复 @起念右从才子傻 :晚清没出过前十，甲午之前一直是亚洲老大,2025-06-17 09:48:00,0,0
