﻿视频BV号,视频发布日期,上级评论ID,评论ID,用户ID,用户名,用户粉丝数,评论内容,评论时间,回复数,点赞数
BV1ahNvzmEoz,2025-06-17 10:00:00,0,-1455691135,485560592,破站迟早要倒闭,52,现在小泽最悲伤了。[OK],2025-06-17 11:31:00,27,801
BV1ahNvzmEoz,2025-06-17 10:00:00,-1455691135,-1423668591,111792168,大白天er,20,半年多上两次热搜都是挨骂,2025-06-17 17:43:00,0,36
BV1ahNvzmEoz,2025-06-17 10:00:00,-1455691135,-361308000,43945201,曾经我叫孙日天丶,0,要不到饭了 兄弟们,2025-06-17 19:14:00,0,176
BV1ahNvzmEoz,2025-06-17 10:00:00,-1455691135,-1412419151,567048365,粥吧老哥,41,也就那样吧，双方打三年了吧，烂泥一滩，比谁血多，新鲜感过去了[吃瓜],2025-06-18 00:38:00,0,30
BV1ahNvzmEoz,2025-06-17 10:00:00,-1412419151,-1411060655,300642565,小弟黄辉冯,8,回复 @粥吧老哥 :别人死跟自己死能一样吗？,2025-06-18 01:00:00,0,4
BV1ahNvzmEoz,2025-06-17 10:00:00,-1455691135,-350811856,49931908,结束之后,9,你不说我都忘记这个人了，过气了[笑哭],2025-06-18 01:16:00,0,29
BV1ahNvzmEoz,2025-06-17 10:00:00,-1455691135,-350325680,3493266553047712,bili_54342138623,4,小泽舰队，航母没有飞机裸奔[滑稽],2025-06-18 01:23:00,0,7
BV1ahNvzmEoz,2025-06-17 10:00:00,-1455691135,-1407337823,1175026559,游客oooo,14,最悲伤的不是阿萨德？没了权力 没了老婆 却得了一身病,2025-06-18 02:03:00,0,14
BV1ahNvzmEoz,2025-06-17 10:00:00,-1407337823,-1393290063,4948860,樊華易世祗经年,110,回复 @游客oooo :他那家族能撑下去也是够可以了，现在跑路一身轻还好吧,2025-06-18 04:52:00,0,17
BV1ahNvzmEoz,2025-06-17 10:00:00,-1407337823,-1366681855,1742184862,喂君一心,22,回复 @游客oooo : 至少他不用玉玉了,2025-06-18 10:30:00,0,3
BV1ahNvzmEoz,2025-06-17 10:00:00,-1407337823,-1361209391,3546720424167759,碰撞-,0,回复 @游客oooo :他老婆怎么没的？,2025-06-18 11:28:00,0,0
BV1ahNvzmEoz,2025-06-17 10:00:00,-1407337823,-1321966319,585341371,莫斯科的双头鹰,86,回复 @游客oooo :阿萨德现在不是开心死了，本来也不想当总统现在回去当眼科医生，他技术本来也不错，下半辈子衣食无忧也不是问题[笑哭],2025-06-18 23:09:00,0,5
BV1ahNvzmEoz,2025-06-17 10:00:00,-1455691135,-347342112,176955034,咸鱼很是咸鱼,11,俄乌那边没意思了，虽然现在进度慢，但是到最后只是俄罗斯惨赢、小赢和大赢的区别。中东那真是不停反转，谁都有可能在不经意间打出绝杀,2025-06-18 02:10:00,0,431
BV1ahNvzmEoz,2025-06-17 10:00:00,-347342112,-1393698479,298065480,莫得原石,34,回复 @咸鱼很是咸鱼 :还是希望俄罗斯好好赢下来，别赢了不剩几口气了，他活着有好处,2025-06-18 04:47:00,0,49
BV1ahNvzmEoz,2025-06-17 10:00:00,-1393698479,-234884688,1873903,我心则悦,22,回复 @莫得原石 :活着可以，但是不能赢下太多，对我们不利啊,2025-06-19 06:07:00,0,3
BV1ahNvzmEoz,2025-06-17 10:00:00,-1393698479,-1245738031,355551277,c0c0cafe,17,回复 @莫得原石 :惨赢才好，半死不活的才是好大鹅。现在也就吐出一块中吉乌铁路，还不够,2025-06-19 16:02:00,0,5
BV1ahNvzmEoz,2025-06-17 10:00:00,-1393698479,-179827760,9966521,此人已死有事烧纸123,11,回复 @莫得原石 :看俄罗斯的打法 明显是消耗战  前不久俄罗斯才真正打击乌克兰的发电站和外部支援路线,2025-06-19 17:23:00,0,1
BV1ahNvzmEoz,2025-06-17 10:00:00,-1455691135,-1405425375,475174883,梵蒂冈在逃神秘学者,9,好不容易整了个大活[doge],2025-06-18 02:28:00,0,41
BV1ahNvzmEoz,2025-06-17 10:00:00,-1455691135,-327919920,895014,Jo-护-车,23,小泽：请，看着我[doge],2025-06-18 06:07:00,0,19
BV1ahNvzmEoz,2025-06-17 10:00:00,-1455691135,-1375136815,508092970,韭菜天天长,45,每次中东闹起来，他就只能做冷板凳，冷板凳意味着挨俄罗斯更狠的打,2025-06-18 08:57:00,0,45
BV1ahNvzmEoz,2025-06-17 10:00:00,-1455691135,-310063984,9295333,算命先生一枚,10,估计他会开放接受以色列的难民,2025-06-18 10:07:00,0,4
BV1ahNvzmEoz,2025-06-17 10:00:00,-1455691135,-306894432,3493142502312431,飞天大伊万,1,以前环境下就他一个，他就是民主之子大顶流。现在…民主之父下场了…,2025-06-18 10:41:00,0,8
BV1ahNvzmEoz,2025-06-17 10:00:00,-1455691135,-284617888,101817,特工Z,0,不至于。支援以色列的主要是美国，但美国自从川普上台就不管小泽了。乌目前主要拿的是欧洲的援助。,2025-06-18 14:39:00,0,2
BV1ahNvzmEoz,2025-06-17 10:00:00,-1455691135,-266905296,484904716,南宬宬,1,俄乌基本上都是阵地战，好像很少用大规模武器[笑哭],2025-06-18 19:43:00,0,2
BV1ahNvzmEoz,2025-06-17 10:00:00,-1455691135,-1307621071,2000663065,独自_欣赏,148,[笑哭],2025-06-19 03:29:00,0,0
BV1ahNvzmEoz,2025-06-17 10:00:00,-1455691135,-1300103599,3493270892055366,清嫣白凝,10,你在开玩笑吧，俄罗斯下场帮伊朗了，要顾头不顾腚了,2025-06-19 04:55:00,0,0
BV1ahNvzmEoz,2025-06-17 10:00:00,-1455691135,-1291243231,240080981,范范斯特鲁尼,87,小泽和拜登是好朋友，懂王和他不熟[doge_金箍],2025-06-19 06:59:00,0,1
BV1ahNvzmEoz,2025-06-17 10:00:00,-1455691135,-1204830767,86681366,乔七J,218,乌克兰救不活了，俄罗斯再次也是五常，输了还混不混了,2025-06-20 05:59:00,0,0
