﻿视频BV号,视频发布日期,上级评论ID,评论ID,用户ID,用户名,用户粉丝数,评论内容,评论时间,回复数,点赞数
BV1A9MvzkE7u,2025-06-16 02:53:00,0,-521252288,282236532,宝生大圣,2,伊朗这是又强又弱，弱是开战第一天领导被斩首的七七八八了，强是领导被斩首的七七八八了没崩掉还能组织这么大规模的导弹反击。它这些年的军事建设也不是白费力气，伊朗的导弹部队不可谓不英勇,2025-06-16 05:23:00,15,87
BV1A9MvzkE7u,2025-06-16 02:53:00,-521252288,-1574263215,6578653,脑洞妄想者,32,有心打无心,2025-06-16 05:51:00,0,4
BV1A9MvzkE7u,2025-06-16 02:53:00,-1574263215,-513429040,4608214,江上云,9,回复 @脑洞妄想者 :这算是有心打无心吗？开战之前，全世界都知道以色列要对伊朗进行军事打击了，就伊朗不知道？,2025-06-16 07:19:00,0,1
BV1A9MvzkE7u,2025-06-16 02:53:00,-513429040,-1567345375,6578653,脑洞妄想者,32,回复 @江上云 :要知道这次是以色列第一次打击伊朗本土目标，以色列打伊拉克，黎巴嫩的伊朗人是都知道，没有人认为以色列会打伊朗本土,2025-06-16 07:41:00,0,1
BV1A9MvzkE7u,2025-06-16 02:53:00,-513429040,-1566872671,380385,龙之幻想,13,回复 @江上云 :伊朗误判了时间，以为袭击在跟美国谈判后[吃瓜],2025-06-16 07:47:00,0,1
BV1A9MvzkE7u,2025-06-16 02:53:00,-513429040,-507538528,13281115,叫我紫川秀,177,回复 @江上云 :知道会打，不知道会打这么狠的。中东圆脸说的，伊朗跟以色列向来是导弹外交，双方回合制打的很有节制。这波属于以色列先出狠的了[doge],2025-06-16 08:46:00,0,1
BV1A9MvzkE7u,2025-06-16 02:53:00,-513429040,-1560665487,2135333976,有幸见证历史,7,回复 @江上云 :伊朗知道以色列要动手，但是哪天打？打哪？拿什么打？这些伊朗不知道。就像珍珠港之前美国也知道日本要打，但是日本的具体计划美国不知道。,2025-06-16 09:17:00,0,0
BV1A9MvzkE7u,2025-06-16 02:53:00,-1560665487,-503320880,4608214,江上云,9,回复 @有幸见证历史 :6月11日特朗普接受采访是公开证实，在中东的美方大批外交人员和军属人员正在被转移出去，他说中东已经成为“危险区域”。这是再明确不过的信号了，难道伊朗领导人不上网不看新闻的吗？,2025-06-16 09:38:00,0,1
BV1A9MvzkE7u,2025-06-16 02:53:00,-503320880,-1530421359,2135333976,有幸见证历史,7,回复 @江上云 :还是的，这是以色列要动手的信号，但是不知道以色列的具体计划，世上没有千日防贼的。珍珠港也是这样。,2025-06-16 14:43:00,0,2
BV1A9MvzkE7u,2025-06-16 02:53:00,-521252288,-517996832,2947532,Lithium_Salt,26758,伊朗人属于是被暗杀出经验来了[笑哭]他们的组织架构就是要求当领导层遭到暗杀时可以快速有人接棒履行职责，这个特点在伊朗系代理人武装中都有体现，尤其是黎巴嫩珍珠党,2025-06-16 06:10:00,0,21
BV1A9MvzkE7u,2025-06-16 02:53:00,-521252288,-1568441471,353082159,makulage,2,抵抗之弧所有成员基本都是这个模式，分布式运作，因为你技术落后不可能在情报站和大规模组织上媲美以色列，所以只能高度分散，比较抗打，然后能持续性反击，对中枢领导依赖性不强。,2025-06-16 07:22:00,0,12
BV1A9MvzkE7u,2025-06-16 02:53:00,-521252288,-1566194959,2795786,顾盼思慕,19,你有没想过 伊朗是被内部出卖 而出卖的人是借以色列之手除掉自己的政治对手,2025-06-16 07:57:00,0,5
BV1A9MvzkE7u,2025-06-16 02:53:00,-521252288,-1565461791,501825655,咕噜喵的胖虎,121,能打出两伊战争那种残酷血战的民族，都不可能是弱鸡，就像满清国民党高层拉胯，但是基层仍然有英勇无畏的战士自发进行决死的战斗。书写历史的永远是不愿意当奴隶的人民[打call],2025-06-16 08:09:00,0,3
BV1A9MvzkE7u,2025-06-16 02:53:00,-521252288,-1563219391,6224791,从便意里感到一股杀气,563,自古以来几乎没有靠暗杀赢得的战争。,2025-06-16 08:41:00,0,1
BV1A9MvzkE7u,2025-06-16 02:53:00,-521252288,-1487644703,608911,987456321,0,大在哪？一轮导弹下去以就死了十几人，还不是重要目标，嘴硬而已，私下又找别的国家求和,2025-06-17 04:47:00,0,1
BV1A9MvzkE7u,2025-06-16 02:53:00,-521252288,177490624,3546908513536624,他们都在用力的撞着,1,不晓得我们现在还能不能做到这样。[笑哭]好多年没打了,2025-06-23 08:35:00,0,0
