﻿视频BV号,视频发布日期,上级评论ID,评论ID,用户ID,用户名,用户粉丝数,评论内容,评论时间,回复数,点赞数
BV1AMNxzrEbo,2025-06-19 06:37:00,0,-230260336,145847411,nimledebz,52,水浒传真是百看不厌，好就好在招安[藏狐],2025-06-19 07:16:00,17,809
BV1AMNxzrEbo,2025-06-19 06:37:00,-230260336,-185177344,1925060546,lay了想摆烂,44,年轻好看水浒打打杀杀，现在才发现背后的波诡云谲,2025-06-19 15:59:00,0,56
BV1AMNxzrEbo,2025-06-19 06:37:00,-185177344,-167135760,346422,爱丽丝0456,249,回复 @lay了想摆烂 :最后才看到本质问题——乱自上作,2025-06-20 00:45:00,0,19
BV1AMNxzrEbo,2025-06-19 06:37:00,-185177344,-1203848559,347314295,八千光环,19,回复 @lay了想摆烂 :哪有啥水浒传，一山不容二虎，天无二日。大势力敌对是必然的,2025-06-20 06:13:00,0,2
BV1AMNxzrEbo,2025-06-19 06:37:00,-230260336,-166578384,382945023,zjsjsruduei,20,其实中美博弈更像是西游记，我们希望用一场传道（一带一路）重新分配利益格局，自然而然会遭到传统天庭势力的抵制，中间还会蹦出更多的牛鬼蛇神,2025-06-20 00:55:00,0,24
BV1AMNxzrEbo,2025-06-19 06:37:00,-166578384,-1219954719,438037165,一个梦想也看不见,6,回复 @zjsjsruduei :典型没文化又硬套，老美天庭东胜神州，人杰地灵。老中灵山周围遍地魔国是吧,2025-06-20 02:56:00,0,8
BV1AMNxzrEbo,2025-06-19 06:37:00,-1219954719,-151270528,11009245,异兔,78,回复 @一个梦想也看不见 :典型没文化又硬套，看中天庭东胜神州，人杰地灵。老美灵山周围遍地魔国是吧,2025-06-20 04:24:00,0,6
BV1AMNxzrEbo,2025-06-19 06:37:00,-151270528,-1125534959,1185520184,洞察玄机,1,回复 @异兔 : 难道不是？,2025-06-21 02:03:00,0,1
BV1AMNxzrEbo,2025-06-19 06:37:00,-166578384,-128791056,235413,蓝溪AFA梅香雪寒,300,回复 @zjsjsruduei : 再去读读原著，错的离谱,2025-06-20 09:15:00,0,1
BV1AMNxzrEbo,2025-06-19 06:37:00,-230260336,-146502640,2122544504,Erich小王,4,默茨的这个发言说得好啊，好就好在。。。,2025-06-20 05:14:00,0,3
BV1AMNxzrEbo,2025-06-19 06:37:00,-230260336,-1196179695,402605256,夜空最亮的星345,35,招安招安招甚鸟安,2025-06-20 08:08:00,0,0
BV1AMNxzrEbo,2025-06-19 06:37:00,-230260336,-1184299151,24825083,小毛虫i,49,"招安虽然是最恶心的,让宋江这个人物形象倒反天罡.但现在思考一下,招安是整本书最核心的意义.前边后边所写的,全都为招安服务.",2025-06-20 10:26:00,0,46
BV1AMNxzrEbo,2025-06-19 06:37:00,-1184299151,-1176710223,3546721189628082,小破站爱吞评论,23,回复 @小毛虫i : 晁盖的时代 并非为招安,2025-06-20 11:41:00,0,5
BV1AMNxzrEbo,2025-06-19 06:37:00,-1184299151,245532912,441040440,胡萝卜粉碎者,24,回复 @小毛虫i :其实108里边大部分都是倾向招安的，尤其是后期那些从官家出来的排名靠前的,2025-06-24 02:41:00,0,0
BV1AMNxzrEbo,2025-06-19 06:37:00,-230260336,-1139425215,492384698,雷哔了个哔,82,中国的古典书籍已经把人世间的所有情绪和计谋都讲的很明白了。,2025-06-20 19:33:00,0,5
BV1AMNxzrEbo,2025-06-19 06:37:00,-230260336,-49975440,1997134531,轻松小浪浪,46,确实，最精华就在那,2025-06-21 04:13:00,0,0
BV1AMNxzrEbo,2025-06-19 06:37:00,-230260336,45060704,747539,eureka822,1,开玩笑，四大名著真是越看感触越深，讲道理后来看百年孤独都没这种感觉,2025-06-22 02:13:00,0,1
BV1AMNxzrEbo,2025-06-19 06:37:00,-230260336,81266160,1358375137,哈卡sjsj,24,宋江只反贪官不反皇帝，不彻底的斗争是这样的，斗争的不绝对就是绝对的不斗争,2025-06-22 08:51:00,0,5
