﻿视频BV号,视频发布日期,上级评论ID,评论ID,用户ID,用户名,用户粉丝数,评论内容,评论时间,回复数,点赞数
BV1ahNvzmEoz,2025-06-17 10:00:00,0,-1380018623,10649856,好奇心害死了狗,845,以色列的信息管控还是很到位的,2025-06-18 07:46:00,9,52
BV1ahNvzmEoz,2025-06-17 10:00:00,-1380018623,-320012832,35931401,建功立德,2,确实，以色列已经事被干爆了，不过消息被封锁了，但是这一切都被你这个大场面看透了，对吧,2025-06-18 08:05:00,0,14
BV1ahNvzmEoz,2025-06-17 10:00:00,-320012832,-1378410959,333755368,旁了个白又白,76,回复 @建功立德 : 伊朗宣布击落f35后虽然内网全是质疑，但是以色列之后就基本不派飞机了,2025-06-18 08:11:00,0,21
BV1ahNvzmEoz,2025-06-17 10:00:00,-1378410959,-310361392,1349714,大大楼座,99,回复 @旁了个白又白 :央妈报道了，可信度高了一些,2025-06-18 10:03:00,0,2
BV1ahNvzmEoz,2025-06-17 10:00:00,-320012832,-1369021695,10649856,好奇心害死了狗,845,回复 @建功立德 :说点人能听懂的话,2025-06-18 10:08:00,0,5
BV1ahNvzmEoz,2025-06-17 10:00:00,-1369021695,-1366952223,13756054,达芬奇的哀伤,12,回复 @好奇心害死了狗 : 看他主页你会释然,2025-06-18 10:29:00,0,3
BV1ahNvzmEoz,2025-06-17 10:00:00,-1369021695,-308032464,588093401,copy_bulainente,8,回复 @好奇心害死了狗 :连字都打不好，就不要希望话能说好了,2025-06-18 10:29:00,0,0
BV1ahNvzmEoz,2025-06-17 10:00:00,-320012832,-307283808,36344311,堕天使琉璃w,300,回复 @建功立德 :妈祖看到都觉得你没救了,2025-06-18 10:37:00,0,0
BV1ahNvzmEoz,2025-06-17 10:00:00,-320012832,-306633312,56941220,PPT皇帝的信用卡,125,回复 @建功立德 :转人工,2025-06-18 10:44:00,0,0
BV1ahNvzmEoz,2025-06-17 10:00:00,-1380018623,-311075040,30689619,络哥哥,26,难道断网了？,2025-06-18 09:57:00,0,0
