﻿视频BV号,视频发布日期,上级评论ID,评论ID,用户ID,用户名,用户粉丝数,评论内容,评论时间,回复数,点赞数
BV1aANRzqE5d,2025-06-22 10:19:00,0,103011632,15275314,来一斤泡椒,2,我们能卖装备给伊朗吗？,2025-06-22 12:37:00,13,2
BV1aANRzqE5d,2025-06-22 10:19:00,103011632,-958022911,395613784,我要去西藏,36,这个要买就要用我们作战体系，以前叫他买他不干，现在晚了，形成战斗力至少2年以上!看看巴基斯坦，找用我们空军体系，也不至于像今天这个样子，并且到时候有售后的，开打前815空警500，高分卫星啥的都给你安排过去，保证你作战不吃亏!中间补货也容易，同体系直接运20过去就行!,2025-06-22 13:42:00,0,5
BV1aANRzqE5d,2025-06-22 10:19:00,103011632,111341120,397427833,RC野猫中队,290,卖什么卖 直接过去放,2025-06-22 14:02:00,0,1
BV1aANRzqE5d,2025-06-22 10:19:00,103011632,111651648,434155342,唯你不辜负,8,肯定不行啊，但人家可以自己在沙漠里捡,2025-06-22 14:04:00,0,2
BV1aANRzqE5d,2025-06-22 10:19:00,103011632,-954580255,1283799,FPS卡农,2115,不能，伊朗你和它共情，它反手就会背刺你,2025-06-22 14:16:00,0,6
BV1aANRzqE5d,2025-06-22 10:19:00,103011632,-953912959,353571360,困兽不知怎么斗,17,以前卖 伊朗看不上[吃瓜] 别以为伊朗是啥好人，阿拉伯人都差不多。,2025-06-22 14:24:00,0,4
BV1aANRzqE5d,2025-06-22 10:19:00,103011632,113685808,323762702,胸有激雷-面如平湖,16,中东国家也没有媒体宣传的那么可怜[藏狐]，有的也是自己作,2025-06-22 14:24:00,0,4
BV1aANRzqE5d,2025-06-22 10:19:00,103011632,114444560,3493137221683846,看看小狗熊猫,47,又不是以前的枪啊 拿起来就用 现在科技含量高的武器需要训练好久的,2025-06-22 14:31:00,0,2
BV1aANRzqE5d,2025-06-22 10:19:00,103011632,114705664,679280728,旁骛DK,2,整个西亚和中国合作最少的就是伊朗，而且还背刺过我们,2025-06-22 14:34:00,0,1
BV1aANRzqE5d,2025-06-22 10:19:00,103011632,-952785727,6291962,甜辣鸭架超好吃,72,君子不立危墙之下[doge]没必要，真没必要，除非给什么我们切实需要的,2025-06-22 14:35:00,0,1
BV1aANRzqE5d,2025-06-22 10:19:00,103011632,120299200,51506211,壮哉我大文哥,9,沙漠里会长出来的[doge],2025-06-22 15:30:00,0,1
BV1aANRzqE5d,2025-06-22 10:19:00,103011632,120805968,2511916,chaikfsij,8,开战前军火交易没事，开战后再卖相当于下场了,2025-06-22 15:35:00,0,0
BV1aANRzqE5d,2025-06-22 10:19:00,103011632,-940198863,39057186,,15,大毛援助都拒，你想热脸贴冷屁股可以自己查下航班自己想办法去。[OK],2025-06-22 16:57:00,0,0
BV1aANRzqE5d,2025-06-22 10:19:00,-940198863,240710720,15275314,来一斤泡椒,2,回复 @-3-赤瞳 :这叫什么援助，赚钱顺便测试装备,2025-06-24 01:27:00,0,0
