﻿视频BV号,视频发布日期,上级评论ID,评论ID,用户ID,用户名,用户粉丝数,评论内容,评论时间,回复数,点赞数
BV1aaMvzoEDN,2025-06-16 03:34:00,0,-453833584,4414413,齐人不暇自哀,56,都没理解因为啥就打起来了,2025-06-16 22:18:00,9,0
BV1aaMvzoEDN,2025-06-16 03:34:00,-453833584,-1504853167,627693962,火火君丶,65,以色列先把别人家的偷了,2025-06-17 00:58:00,0,0
BV1aaMvzoEDN,2025-06-16 03:34:00,-453833584,-446808880,315440433,河南省圆脸,12,因为伊朗的核武器快要成了,2025-06-17 01:17:00,0,0
BV1aaMvzoEDN,2025-06-16 03:34:00,-453833584,-1503104975,8144292,携带版小态,1675,没事，小孩桌那还有空位,2025-06-17 01:28:00,0,8
BV1aaMvzoEDN,2025-06-16 03:34:00,-453833584,-1498529631,491117472,鱿鱼是软体动物,52,压力伊朗放弃核武器,2025-06-17 02:36:00,0,0
BV1aaMvzoEDN,2025-06-16 03:34:00,-453833584,-1497637343,51614371,A40x5Y39,25,伊朗放弃叙利亚的连锁反应，现在的以色列战斗机可以自由在叙利亚领空进行加油，预警机和电子战飞机也可以在叙利亚和伊朗边境地区对伊朗进行侦查和压制，更别说黑门山上必定会有以色列的雷达站，所有从伊朗向以色列方向发射的飞行物以色列看的清清楚楚，几十年不遇的机会以色列不抓住就是傻子，要是等叙利亚恢复稳定就没有机会了,2025-06-17 02:50:00,0,6
BV1aaMvzoEDN,2025-06-16 03:34:00,-1497637343,-1488805935,52125164,左左右右噢,146,回复 @A40x5Y39 :为啥以色列可以自由飞别人领空。。,2025-06-17 04:36:00,0,0
BV1aaMvzoEDN,2025-06-16 03:34:00,-1488805935,-1488277167,51614371,A40x5Y39,25,回复 @左左右右噢 :叙利亚现在自己还没搞明白呢，万一那领空就是现在叙利亚主要势力故意开放的呢[吃瓜],2025-06-17 04:41:00,0,0
BV1aaMvzoEDN,2025-06-16 03:34:00,-453833584,-439828304,79924118,纵使3度迎来夕阳,2,以色列先斩首了不少伊朗的高官和教授,2025-06-17 03:00:00,0,0
BV1aaMvzoEDN,2025-06-16 03:34:00,-453833584,-1493737855,482989194,DarkerMM,14,13号以色列偷袭，斩首了伊朗20多名高层还有9名核科学家，波及附近死了大几十人，伤了700多人,2025-06-17 03:45:00,0,1
