﻿视频BV号,视频发布日期,上级评论ID,评论ID,用户ID,用户名,用户粉丝数,评论内容,评论时间,回复数,点赞数
BV1AfKwzVEga,2025-06-20 09:48:00,0,71816512,688320016,阳光森林888,25,希望以色列人有钢铁般意志,2025-06-22 06:59:00,6,35
BV1AfKwzVEga,2025-06-20 09:48:00,71816512,116053664,34302834,狮子座Jacky,13,"光有意志不够，还要有钢铁般的身体。
导弹下地应该有一千来度正好炼炼[doge]",2025-06-22 14:47:00,0,5
BV1AfKwzVEga,2025-06-20 09:48:00,116053664,134869920,230399113,江宁婆婆的,4,回复 @狮子座Jacky :[嗑瓜子]用不着，凡人之躯一样打倒美以。只要敢拼命，你会发现恶霸也可以能歌善舞。,2025-06-22 20:13:00,0,1
BV1AfKwzVEga,2025-06-20 09:48:00,116053664,-916875711,3493117764307176,ss3-0001,52,回复 @狮子座Jacky :建议把落日6号的女地航员救出来把以色列塞进去,2025-06-23 03:12:00,0,0
BV1AfKwzVEga,2025-06-20 09:48:00,71816512,137067056,239866246,瓜无缺德,83,还要有混凝土一般的肉体,2025-06-22 22:28:00,0,1
BV1AfKwzVEga,2025-06-20 09:48:00,71816512,-916936335,3493117764307176,ss3-0001,52,而且不带抗热服,2025-06-23 03:12:00,0,0
BV1AfKwzVEga,2025-06-20 09:48:00,71816512,-915968543,327550377,利多卡因1205,1,闪电战,2025-06-23 03:23:00,0,0
