﻿视频BV号,视频发布日期,上级评论ID,评论ID,用户ID,用户名,用户粉丝数,评论内容,评论时间,回复数,点赞数
BV1ahNvzmEoz,2025-06-17 10:00:00,0,-339799744,26203035,我就是天地无极超级无敌伍佰年前大闹天宫天不怕地不....,67,不知道10万枚 齐发是什么景观 什么概念 。 有知道的兄弟们 说一说  谁有这个实力吗  在什么情况下 哪些国家有这个实力。[doge],2025-06-18 03:51:00,20,5
BV1ahNvzmEoz,2025-06-17 10:00:00,-339799744,-1398495775,442435562,鲸鱼上的晶,17,咱都得筹备好一会[doge],2025-06-18 03:58:00,0,14
BV1ahNvzmEoz,2025-06-17 10:00:00,-339799744,-339028112,288787285,哇哇叫吖,4,??：是谁呢？好难猜啊[doge_金箍],2025-06-18 04:00:00,0,9
BV1ahNvzmEoz,2025-06-17 10:00:00,-339799744,-336398720,555426,Hibiki_Ristretto,58,印度：正是在下[脱单doge],2025-06-18 04:28:00,0,10
BV1ahNvzmEoz,2025-06-17 10:00:00,-336398720,-1393152191,35391563,碎心糖,6,回复 @Hibiki_Ristretto :[喜极而泣]三哥和咱在搞骑马与砍杀呢。估计是不喜欢用导弹吧。,2025-06-18 04:53:00,0,2
BV1ahNvzmEoz,2025-06-17 10:00:00,-1393152191,-1390431279,98764566,条子扈从骑士,21,回复 @碎心糖 :阿三：在下何德何能 能用布朗蛋和兔子对射，当年新德里怎么成的首都 忘啦！尼赫鲁还在门前那棵歪脖子树上挂着才几十年啊！,2025-06-18 05:22:00,0,0
BV1ahNvzmEoz,2025-06-17 10:00:00,-339799744,-1393489183,11605396,你就做个好人吧,128,齐不了，中国5大军区一起都要准备好长时间,2025-06-18 04:48:00,0,5
BV1ahNvzmEoz,2025-06-17 10:00:00,-339799744,-1389862671,1752734988,破甲79120,38,我跟一个哥们争论过，那个哥们不停的讲咱们的高超音速导弹拦截不住，几枚就打沉一艘航母，我讲的饱和攻击，只要距离够的上，那些要退役的导弹都打出去，平时维护和销毁都需要钱，属于废物利用了，饱和攻击完全防不住。咱们要退役的几千发是有的，多了不打，一个目标100枚，一次十个目标还是轻轻松松的，里面夹杂点其他的型号，我不相信能防的住。,2025-06-18 05:29:00,0,7
BV1ahNvzmEoz,2025-06-17 10:00:00,-1389862671,-298041616,26203035,我就是天地无极超级无敌伍佰年前大闹天宫天不怕地不....,67,回复 @破甲79120 :肯定拦不住  防空也是有运算上限的  超过上限 就不行了,2025-06-18 12:14:00,0,0
BV1ahNvzmEoz,2025-06-17 10:00:00,-298041616,-297312656,1182222234,一个一个充电器,354,回复 @我就是天地无极超级无敌伍佰年前大闹天宫天不怕地不.... :byd你名字怎么那么长,2025-06-18 12:23:00,0,0
BV1ahNvzmEoz,2025-06-17 10:00:00,-298041616,-293940816,30268606,七月风Pluto,9,回复 @我就是天地无极超级无敌伍佰年前大闹天宫天不怕地不.... :byd你名字这么长怎么弄的,2025-06-18 12:59:00,0,0
BV1ahNvzmEoz,2025-06-17 10:00:00,-339799744,-328529952,67680041,无敌汉堡怪兽,20,如果是同一个地区的话应该不行，如果是全国一起的话可以,2025-06-18 05:56:00,0,1
BV1ahNvzmEoz,2025-06-17 10:00:00,-328529952,-312164256,30268606,七月风Pluto,9,回复 @无敌汉堡怪兽 :你开玩笑，国内现在你都凑不出来这么多，真以为和平时期养这些不要钱啊？要打仗了能快速生产就行，和平年代不可能有这么多储备的,2025-06-18 09:46:00,0,1
BV1ahNvzmEoz,2025-06-17 10:00:00,-312164256,-298076832,26203035,我就是天地无极超级无敌伍佰年前大闹天宫天不怕地不....,67,回复 @七月风Pluto :这肯定 战时 就没有军费这一说了  ，生产线拉起来 产能拉起来了,2025-06-18 12:16:00,0,0
BV1ahNvzmEoz,2025-06-17 10:00:00,-339799744,-1377495023,630876257,蓝仄,84,你会用一万辆拖拉机拉煤吗？肯定不能那么傻啊，有火车呢[笑哭],2025-06-18 08:25:00,0,2
BV1ahNvzmEoz,2025-06-17 10:00:00,-339799744,-1365802767,425700372,苦逼的熬硝佬,1,打三体人？,2025-06-18 10:40:00,0,1
BV1ahNvzmEoz,2025-06-17 10:00:00,-339799744,-289543104,99271729,NIFE夜永夕,1534,说实话啊，一枚导弹不止是一条流星，中间会扔一大堆干扰弹的，所以几枚导弹就能有天女散花的效果了,2025-06-18 13:47:00,0,0
BV1ahNvzmEoz,2025-06-17 10:00:00,-339799744,-267132240,574609012,MSSVT,16,中美俄同时执行全球核打击同归于尽时或许能看到万枚齐发吧，不然不太可能,2025-06-18 19:31:00,0,0
BV1ahNvzmEoz,2025-06-17 10:00:00,-339799744,-1259699327,474223983,赛博矿工_Net,6,你现在让中美俄三个凑一块，把公开的导弹全拿出来估计都凑不出这个量，你说十万枚这个量可能有，但是齐射就不太可能了。,2025-06-19 13:21:00,0,0
BV1ahNvzmEoz,2025-06-17 10:00:00,-339799744,-1203505503,76376273,GT青橘子,36,没有任何一个国家有这个实力,2025-06-20 06:19:00,0,0
BV1ahNvzmEoz,2025-06-17 10:00:00,-339799744,-71468928,9582613,石上三年十三番,81,道理我都懂，为什么你的ID那么长,2025-06-20 23:01:00,0,0
