﻿视频BV号,视频发布日期,上级评论ID,评论ID,用户ID,用户名,用户粉丝数,评论内容,评论时间,回复数,点赞数
BV1ahNvzmEoz,2025-06-17 10:00:00,0,-322567040,2305139,四月十四晚八点二十,68,[吃瓜]要真有决心抵抗，就不会拿核武当谈判筹码了,2025-06-18 07:27:00,7,19
BV1ahNvzmEoz,2025-06-17 10:00:00,-322567040,-1379437631,32162066,星耀如雲,6,突然感觉伊朗该不会一直在拖时间吧，前段时间的想谈判、想求和，该不会全是为了重组损失的指挥领导层拖时间吧？[思考],2025-06-18 07:56:00,0,0
BV1ahNvzmEoz,2025-06-17 10:00:00,-1379437631,-1379183999,2063750,难为沧海_,110,回复 @星耀如雲 : 拖啥时间？核科学家都被斩了,2025-06-18 07:59:00,0,1
BV1ahNvzmEoz,2025-06-17 10:00:00,-1379437631,-1376803487,35395183,凡夫俗子D,398,回复 @星耀如雲 :不是拖时间，伊朗内部不团结，有抵抗派也有亲美派。亲美派可以借着冲突消灭反美派，好清除大权独揽路上的障碍[吃瓜],2025-06-18 08:33:00,0,4
BV1ahNvzmEoz,2025-06-17 10:00:00,-1376803487,-1374579375,32162066,星耀如雲,6,回复 @凡夫俗子D :这确实是一方面，但前段时间因为斩首来的太突然加上内斗严重，刚开始大量高层被清除指挥肯定是混乱的，但如果时间拖的越久重组反击的能力可能越大，因为伊朗虽然嘴上说谈判但实际上导弹打击规模却越来越大。,2025-06-18 09:04:00,0,0
BV1ahNvzmEoz,2025-06-17 10:00:00,-1376803487,-1374401343,32162066,星耀如雲,6,回复 @凡夫俗子D :而且感觉以色列也是察觉到这点所以才不给伊朗机会，宁愿挨炸也要继续打下去。,2025-06-18 09:06:00,0,1
BV1ahNvzmEoz,2025-06-17 10:00:00,-322567040,-1365182223,425700372,苦逼的熬硝佬,1,伊朗亲美派势力还是很大的，决策摇摆不定。要是像朝鲜一样咬咬牙把核弹搞出来，你看老美还哔哔不。现在朝鲜试射导弹，射就射了，西方那几个也就敢打打嘴炮。,2025-06-18 10:47:00,0,0
BV1ahNvzmEoz,2025-06-17 10:00:00,-1365182223,-1360551743,520145390,traye2020,1,回复 @苦逼的熬硝佬 :那纯粹是因为朝鲜在我国旁边而已[笑哭],2025-06-18 11:36:00,0,1
