﻿视频BV号,视频发布日期,上级评论ID,评论ID,用户ID,用户名,用户粉丝数,评论内容,评论时间,回复数,点赞数
BV1ahNvzmEoz,2025-06-17 10:00:00,0,-1454943983,3493114754894683,医海无边回头是岸,147,波斯完全丢失制空权，导弹部队没有保护伞，发射车基本都成靶子了，所以最近两天发射数量明显下降了,2025-06-17 11:39:00,9,4
BV1ahNvzmEoz,2025-06-17 10:00:00,-1454943983,-1450546959,2232279,你の微笑,5,最大的问题反而不是制空权，离得太远了以色列的飞机没办法一直留在空中随时打击地面目标。是地面的特工和内奸太多了，你准备什么时候攻击从哪攻击被人知道了。不然以色列有制空权也没办法做到打掉那么多发射车，导弹发射需要的时间很短，以色列飞机飞到伊朗都需要不少时间,2025-06-17 12:26:00,0,10
BV1ahNvzmEoz,2025-06-17 10:00:00,-1450546959,-380627408,2066661909,没有名字丨丶啊,6,回复 @你の微笑 :你猜老美的20架加油机起飞最后会飞到哪里[呲牙],2025-06-17 14:24:00,0,0
BV1ahNvzmEoz,2025-06-17 10:00:00,-1454943983,-1448262895,352796985,bili_352796985,27,那以色列机场有几座？,2025-06-17 12:50:00,0,0
BV1ahNvzmEoz,2025-06-17 10:00:00,-1448262895,-386723120,335100510,美以英畜牲必亡,372,回复 @bili_352796985 :你看看中东有多少美军基地就知道了。,2025-06-17 13:22:00,0,0
BV1ahNvzmEoz,2025-06-17 10:00:00,-386723120,-383138688,12865747,啃宅基,68,回复 @美以英必亡 :老美只要敢下场西太平洋老毛子和兔子就要搞事，就看老美有多少盖子，同时盖中东西太，还有国内,2025-06-17 13:58:00,0,6
BV1ahNvzmEoz,2025-06-17 10:00:00,-383138688,-381337312,355863915,朱煜兔,20,回复 @啃宅基 :就等着老美下场[吃瓜],2025-06-17 14:17:00,0,0
BV1ahNvzmEoz,2025-06-17 10:00:00,-386723120,-373345056,19288113,小新同志丿,3,回复 @美以英必亡 : 老美敢下场   刚到中东?这边就会播自古以来相关纪录片与新闻、,2025-06-17 15:37:00,0,0
BV1ahNvzmEoz,2025-06-17 10:00:00,-373345056,-1431175135,525679480,谈吐高雅彬彬有礼,27,回复 @小新同志丿 :并非播放，而是直接拿下，正如1949年教员趁柏林危机的时间窗口直接干穿果党一样[doge_金箍],2025-06-17 15:50:00,0,1
