﻿视频BV号,视频发布日期,上级评论ID,评论ID,用户ID,用户名,用户粉丝数,评论内容,评论时间,回复数,点赞数
BV1a7MSzYE8h,2025-06-14 14:49:00,0,-641351248,696719,Otaku猫黑黑,5,哈梅内伊和蒋校长哪个厉害[笑哭],2025-06-15 01:16:00,14,2
BV1a7MSzYE8h,2025-06-14 14:49:00,-641351248,-1692689343,360870473,闷声發大才,39,校长,2025-06-15 01:18:00,0,23
BV1a7MSzYE8h,2025-06-14 14:49:00,-1692689343,-1684164063,532584493,神经元-_-,2,回复 @闷声發大才 :[嗑瓜子]某玲贪污一半战斗机货款，那必然是校长,2025-06-15 03:07:00,0,0
BV1a7MSzYE8h,2025-06-14 14:49:00,-1692689343,-1683130703,354217062,北京之天,14,回复 @闷声發大才 :校长杀起自己人来比谁都狠，几百万壮士出川基本被光头坑死了，关键他是名义上的头领，就算明知道他在坑你他裹挟大意你也没办法，各地方派系只有李宗仁敢拍桌子,2025-06-15 03:19:00,0,2
BV1a7MSzYE8h,2025-06-14 14:49:00,-641351248,-640895264,4137537,小伊凡可汗,17,校长是有史以来美国手下最强的买办，比大部分美国自己的将军政客都要强，只不过被降维打击了,2025-06-15 01:22:00,0,21
BV1a7MSzYE8h,2025-06-14 14:49:00,-641351248,-639429088,364160722,落叶秋风寒,31,那肯定是校长，校长到现在都是老美最强的买办,2025-06-15 01:43:00,0,13
BV1a7MSzYE8h,2025-06-14 14:49:00,-641351248,-638044656,3546903845275735,赛赛起飞,0,比校长差十个级别,2025-06-15 02:00:00,0,5
BV1a7MSzYE8h,2025-06-14 14:49:00,-641351248,-1689147455,1774870275,莽大二蛇条,0,那肯定是光头厉害,2025-06-15 02:08:00,0,4
BV1a7MSzYE8h,2025-06-14 14:49:00,-641351248,-634488160,321657005,冰亟01,17,校长是美国所有小弟里面战力最强，和他比？,2025-06-15 02:44:00,0,6
BV1a7MSzYE8h,2025-06-14 14:49:00,-641351248,-1684896239,65397594,丢掉斗争开始幻想,58,当年校长拉着队伍往中南亚走的话能不能把那边都统一了,2025-06-15 02:59:00,0,2
BV1a7MSzYE8h,2025-06-14 14:49:00,-1684896239,-630721776,154136120,越儿喜欢拉大栓,13,回复 @丢掉斗争开始幻想 :能力是有的 但是局势不允许,2025-06-15 03:25:00,0,0
BV1a7MSzYE8h,2025-06-14 14:49:00,-1684896239,-614596608,696719,Otaku猫黑黑,5,回复 @丢掉斗争开始幻想 :难说南亚都是外国势力，校长对外懂得都懂,2025-06-15 06:09:00,0,0
BV1a7MSzYE8h,2025-06-14 14:49:00,-641351248,-1673937647,109314167,情景小推手,7,校长只是遇到挂了[doge],2025-06-15 04:53:00,0,3
BV1a7MSzYE8h,2025-06-14 14:49:00,-641351248,-1627330591,1647868090,无常无争无染,41,校长厉害太多了,2025-06-15 13:38:00,0,1
BV1a7MSzYE8h,2025-06-14 14:49:00,-641351248,-552654800,52208238,开心加倍最重要,1,美国的小弟，这几十年看下来校长断层领先。,2025-06-15 17:58:00,0,1
