﻿视频BV号,视频发布日期,上级评论ID,评论ID,用户ID,用户名,用户粉丝数,评论内容,评论时间,回复数,点赞数
BV1a7MSzYE8h,2025-06-14 14:49:00,0,-1714033855,3493137945200796,E调更好弹,8,[呲牙]我之前问了身边的朋友对于台湾有什看法，都说，必须统一，这就是区别,2025-06-14 16:06:00,6,149
BV1a7MSzYE8h,2025-06-14 14:49:00,-1714033855,-645856224,2237531,元叒,107,统一意志真的很重要,2025-06-14 23:55:00,0,30
BV1a7MSzYE8h,2025-06-14 14:49:00,-1714033855,-1690057791,1626561692,山岛琪子,0,思想指导行动，必须统一,2025-06-15 01:57:00,0,11
BV1a7MSzYE8h,2025-06-14 14:49:00,-1714033855,-633374288,291323125,飞鱼aabb,22,对啊,2025-06-15 02:56:00,0,3
BV1a7MSzYE8h,2025-06-14 14:49:00,-1714033855,-1684498111,385077,lokok,14,谁也不想在门口有个敌对国啊。必须统一,2025-06-15 03:04:00,0,7
BV1a7MSzYE8h,2025-06-14 14:49:00,-1684498111,-1673667919,74367468,倒霉蛋家的倒霉蛋,27,回复 @lokok :这个不是关键，中国四邻敌对中国的还少吗，单纯就是这个岛与我们有血缘关系，有区位优势，也有经济价值，而且这是立国时就定下的志愿,2025-06-15 04:56:00,0,1
BV1a7MSzYE8h,2025-06-14 14:49:00,-1714033855,-1677930463,815083,小小砕鬼,21,"主要是经济基础支持，
这些年经济发展的好，二鬼子就越发难以生存。早些年经济虽然也一直发展，但还没有现在好，差距还很大的时候，二鬼子可是也多的不行的。
波斯教士搞了那么多年，经济一直搞不好，二鬼子问题就不可能解决",2025-06-15 04:13:00,0,0
