﻿视频BV号,视频发布日期,上级评论ID,评论ID,用户ID,用户名,用户粉丝数,评论内容,评论时间,回复数,点赞数
BV1AfKwzVEga,2025-06-20 09:48:00,0,-1149031551,433356574,跟着大林肯定赢,22,伊朗的AI真强大,2025-06-20 16:21:00,10,18
BV1AfKwzVEga,2025-06-20 09:48:00,-1149031551,-64243872,486009809,DanielMChriston,24,小油子不信了，??好吃吗？几年前就有家访了[吃瓜],2025-06-21 01:24:00,0,4
BV1AfKwzVEga,2025-06-20 09:48:00,-1149031551,-1127203439,516724181,侍奉凡人,11,的确，这uP主是滥用了一些AI镜头。【最新消息！以色列特拉维夫市中心遇袭后画面流出，街头一片狼藉，发达国家与战争交织令人惊叹！#以色列#特拉维夫#中东战争-哔哩哔哩】 https://b23.tv/uFFuCb6,2025-06-21 01:39:00,0,3
BV1AfKwzVEga,2025-06-20 09:48:00,-1127203439,-1115232207,433356574,跟着大林肯定赢,22,回复 @侍奉凡人 :还没有我们一个小型化工厂炸得厉害,2025-06-21 04:04:00,0,0
BV1AfKwzVEga,2025-06-20 09:48:00,-1127203439,-1110679775,516724181,侍奉凡人,11,回复 @侍奉凡人 :【特拉维夫与海法被炸现场-哔哩哔哩】 https://b23.tv/ehDmtOi,2025-06-21 04:48:00,0,0
BV1AfKwzVEga,2025-06-20 09:48:00,-1149031551,-60808400,99747139,持有熏肉の畑山,69,吸嗨！\[大笑],2025-06-21 02:12:00,0,0
BV1AfKwzVEga,2025-06-20 09:48:00,-1149031551,-60420128,60094328,fang1丶,1,以色列的拦截系统更胜一筹 豪斯和兰德发挥出色,2025-06-21 02:16:00,0,1
BV1AfKwzVEga,2025-06-20 09:48:00,-1149031551,-1123651391,37643071,史___塔___西,1299,云南不愧是云数据储存中心，人工智能就是强,2025-06-21 02:27:00,0,1
BV1AfKwzVEga,2025-06-20 09:48:00,-1123651391,-1118575007,173639974,醉噬浮屠,60,回复 @史___塔___西 :别地域黑  而且存储中心在贵州,2025-06-21 03:28:00,0,0
BV1AfKwzVEga,2025-06-20 09:48:00,-1149031551,-1122595551,3546912611371457,太史左,0,多少钱，我也想拿，要和一楼不一样欧,2025-06-21 02:40:00,0,0
BV1AfKwzVEga,2025-06-20 09:48:00,-1122595551,-1115788079,433356574,跟着大林肯定赢,22,回复 @太史左 :5毛一条,2025-06-21 03:58:00,0,0
