﻿视频BV号,视频发布日期,上级评论ID,评论ID,用户ID,用户名,用户粉丝数,评论内容,评论时间,回复数,点赞数
BV1aLNBzsE9c,2025-06-17 11:16:00,0,-383981904,168581712,暗夜暴走的青春,41,兔子可以提供一点卫星支持一下,2025-06-17 13:52:00,6,13
BV1aLNBzsE9c,2025-06-17 11:16:00,-383981904,-1435932303,489445182,跑不快的小帅哥,35,包的，GPS他又用不了,2025-06-17 14:57:00,0,3
BV1aLNBzsE9c,2025-06-17 11:16:00,-1435932303,-342781648,17486318,黛玉葬m,34,回复 @跑不快的小帅哥 :毛子的可以用,2025-06-18 03:14:00,0,1
BV1aLNBzsE9c,2025-06-17 11:16:00,-383981904,-1430340415,80957185,水煮一切2025,39,提供卫片情报是可行的,2025-06-17 15:58:00,0,0
BV1aLNBzsE9c,2025-06-17 11:16:00,-383981904,-371183264,779200,圣装仓鼠洛基,7,[笑哭]我们这边不是都有人上老美悬赏了，卖伊朗无人机配件，卫星服务,2025-06-17 16:03:00,0,8
BV1aLNBzsE9c,2025-06-17 11:16:00,-371183264,-368470960,535556928,滴滴叭叭稀里哗啦,3,回复 @圣装仓鼠洛基 :哪里？,2025-06-17 16:38:00,0,2
BV1aLNBzsE9c,2025-06-17 11:16:00,-368470960,-367122304,779200,圣装仓鼠洛基,7,回复 @滴滴叭叭稀里哗啦 :你搜 刘保霞。还有个忘了,2025-06-17 16:57:00,0,1
