﻿视频BV号,视频发布日期,上级评论ID,评论ID,用户ID,用户名,用户粉丝数,评论内容,评论时间,回复数,点赞数
BV1ajMmz4Egg,2025-06-14 09:54:00,0,-700294592,56390534,华夏第一帝国万岁,50,以色列是真渗透得厉害，伊朗高级将领的情报按理来说是绝对的机密居然全知道了。[笑哭],2025-06-14 09:58:00,11,78
BV1ajMmz4Egg,2025-06-14 09:54:00,-700294592,-699827360,514070343,当如之何,103,可以看出内部矛盾有多严重了,2025-06-14 10:02:00,0,23
BV1ajMmz4Egg,2025-06-14 09:54:00,-700294592,-699567456,242328,白牛,16,伊朗高层用苹果手机[doge],2025-06-14 10:03:00,0,26
BV1ajMmz4Egg,2025-06-14 09:54:00,-700294592,-1749984015,512687978,米拉茉莉,2,明眼人都看得出来是美以联合做的,2025-06-14 10:04:00,0,15
BV1ajMmz4Egg,2025-06-14 09:54:00,-700294592,-699413712,65602428,zjlinlinlin,10,[doge]打完这波炮仗就宣布和解，小伊就完全都是美国的形状了。,2025-06-14 10:07:00,0,11
BV1ajMmz4Egg,2025-06-14 09:54:00,-700294592,-699166416,521883218,天使的奶糖,2,反观胡塞，牢以好像完全搞不到情报[脱单doge],2025-06-14 10:08:00,0,21
BV1ajMmz4Egg,2025-06-14 09:54:00,-699166416,-698941808,65602428,zjlinlinlin,10,回复 @天使的奶糖 :伊一直想融入鹰酱这一家[doge]，史密斯专员们不同意。,2025-06-14 10:12:00,0,22
BV1ajMmz4Egg,2025-06-14 09:54:00,-699166416,-1746631023,10951493,adsaefv,2,回复 @天使的奶糖 :可见伊朗内部有多乱。,2025-06-14 10:38:00,0,1
BV1ajMmz4Egg,2025-06-14 09:54:00,-700294592,-698201088,279041243,爬上秦岭钓大鱼,37,伊朗就像漏勺！[笑哭],2025-06-14 10:18:00,0,0
BV1ajMmz4Egg,2025-06-14 09:54:00,-700294592,-693802880,433396609,Riscare144,17,你把革命卫队看成满清八旗就知道底层百姓对他们什么看法了,2025-06-14 11:01:00,0,4
BV1ajMmz4Egg,2025-06-14 09:54:00,-693802880,-1433137967,47200099,干菜鱼,6,回复 @Riscare144 :伊朗底层百姓也割裂很严重，城市里世俗化比较深大部分亲美，农村老百姓还是信仰深，伊朗属于是从上到下都是两个脑袋,2025-06-17 15:27:00,0,0
BV1ajMmz4Egg,2025-06-14 09:54:00,-700294592,-1729258959,3546791184173189,ue造梦师,3,手机就是定位器,2025-06-14 13:35:00,0,0
