﻿视频BV号,视频发布日期,上级评论ID,评论ID,用户ID,用户名,用户粉丝数,评论内容,评论时间,回复数,点赞数
BV1ajMmz4Egg,2025-06-14 09:54:00,0,-1748968495,24731895,山元青,1,伊朗反击完全不对等，没什么战果,2025-06-14 10:13:00,13,35
BV1ajMmz4Egg,2025-06-14 09:54:00,-1748968495,-1748807071,193712281,PPPPatrick_,5,伊朗说打下一架f35，并俘虏了飞行员[doge],2025-06-14 10:15:00,0,2
BV1ajMmz4Egg,2025-06-14 09:54:00,-1748807071,-1748457087,5897866,菜包二号,42,回复 @PPPPatrick_ :假的，战报图都是ai制作的,2025-06-14 10:19:00,0,16
BV1ajMmz4Egg,2025-06-14 09:54:00,-1748968495,-698352288,376804238,罗翔和多罗西,3,不是伊朗想有什么战果就有战果的，以色列官员早就躲起来了。,2025-06-14 10:16:00,0,3
BV1ajMmz4Egg,2025-06-14 09:54:00,-698352288,-1747885487,24731895,山元青,1,回复 @罗翔和多罗西 :以色列有情报，有空优，还敢先手大打，反观伊朗疏忽大意，内部泄密，只能从本土发无人机，导弹，战果完全看对方拦截效率，处处落后于人。现在能稳住内部不大乱就行了。,2025-06-14 10:24:00,0,14
BV1ajMmz4Egg,2025-06-14 09:54:00,-698352288,-680616272,8025706,血色档案员,370,"回复 @罗翔和多罗西 :杀几个官员或军官一点用都没有，对于有明确目标和纲领的政治集团来说，现任主官或领袖死了是不会导致集团瓦解的。
如果不能在短时间内把整个政治集团扬了，很快就会有新人填补那个空位，这样的集团仅靠暗杀是无法将其瓦解的。",2025-06-14 13:15:00,0,0
BV1ajMmz4Egg,2025-06-14 09:54:00,-680616272,-678589600,264803233,小马驹子哥,380,回复 @血色档案员 :杀了强硬派，让内鬼上位。全部掌握拿捏伊朗。,2025-06-14 13:33:00,0,0
BV1ajMmz4Egg,2025-06-14 09:54:00,-678589600,-675877344,8025706,血色档案员,370,"回复 @小马驹子哥 :杀了台面上的，在台下持有相似理念的新人会迅速上台填补空缺，是这类政治集团的特点。
看待伊朗的问题，首先要搞清楚一点，那就是伊朗到底是什么性质的国家。
而现在伊朗毫无疑问就是一个宗教国家，什叶派教士集团是实际上的掌权者，世俗政府主要是一个对外的壳子，伊朗自由派虽然在网络和媒体上的声音很大，但是改变不了一个事实，那就是伊朗的社会主流是传统的宗教式社区，大部分的基层社会被教士集团牢牢抓在手里。
甚至连军队不受世俗政府指挥，而是由宗教领袖哈梅内伊为首的教士集团掌控，除非以色列能把伊朗的教士集团整个扬了，否则不可能瓦解教士集团对伊朗的控制。",2025-06-14 13:59:00,0,1
BV1ajMmz4Egg,2025-06-14 09:54:00,-698352288,-678460432,8025706,血色档案员,370,"回复 @罗翔和多罗西 :有明确目标和纲领的政治集团，不同于军阀和寡头联盟这种因武力和利益关系，而暂时联合的松散集团。
它们有明确的目标，清楚的知道自己在做什么，被暗杀死几个同僚不会让它们退却。
而明确的纲领确保了集团内部的人，在大方向上都是一致的，即便领袖或高层死了，填补上来的新人在大方向上不会与前任有多少差异。
而无论是以色列右翼，还是抵抗之弧都是这样的集团。",2025-06-14 13:36:00,0,0
BV1ajMmz4Egg,2025-06-14 09:54:00,-1748968495,-1740149391,1452481,真煤球王,62,以色列唯一怕的就是伊朗拥核。就以色列那个战略纵深  加上以色列已经完全撕破脸，伊朗丢核弹一点心理负担都没有，要是没有全防住就完蛋了。,2025-06-14 11:44:00,0,2
BV1ajMmz4Egg,2025-06-14 09:54:00,-1748968495,-687101360,1848237,夜游小心肝,423,伊朗这一次挨打关键因素就是内鬼把机密泄露给美以了，说主因是自己菜而挨的打一点不违过。,2025-06-14 12:09:00,0,1
BV1ajMmz4Egg,2025-06-14 09:54:00,-1748968495,-1737004095,29327771,brianray,6,打击了以色列房地产市场好吗，懂又不懂,2025-06-14 12:14:00,0,0
BV1ajMmz4Egg,2025-06-14 09:54:00,-1748968495,-1731373103,392248699,HELLO_兔子,65,就是做样子的，真当它敢反击啊,2025-06-14 13:14:00,0,0
BV1ajMmz4Egg,2025-06-14 09:54:00,-1748968495,-1728060303,282243488,历史车轮前的螳螂,2,伊朗据说打死了上初中的内塔尼亚胡。,2025-06-14 13:47:00,0,0
