﻿视频BV号,视频发布日期,上级评论ID,评论ID,用户ID,用户名,用户粉丝数,评论内容,评论时间,回复数,点赞数
BV1ahNvzmEoz,2025-06-17 10:00:00,0,-1223870399,191172398,清溪明玥,29,拦截不能全用概率算吧，超过防空拦截极限以后，多的每一发应该都拦不住了[思考],2025-06-20 02:00:00,8,2
BV1ahNvzmEoz,2025-06-17 10:00:00,-1223870399,-1223232063,443825651,穗穗平安-家合世兴,53,关键这个极限在哪,2025-06-20 02:08:00,0,2
BV1ahNvzmEoz,2025-06-17 10:00:00,-1223232063,-1221054111,191172398,清溪明玥,29,回复 @穗穗平安-家合世兴 : 系统的极限不知道，反正以色列的极限是差不多了，最近地面拦截率是持续走高[吃瓜],2025-06-20 02:40:00,0,0
BV1ahNvzmEoz,2025-06-17 10:00:00,-1221054111,-1202572927,443825651,穗穗平安-家合世兴,53,"回复 @清溪明玥 :所以目前这个极限还要用概率去算，因为没人知道这个极限在哪
老美的防控系统还卖不卖了[doge]",2025-06-20 06:32:00,0,0
BV1ahNvzmEoz,2025-06-17 10:00:00,-1202572927,-71944752,100021000,飘摇飘摇流风回雪,25,回复 @穗穗平安-家合世兴 :买wanwan北辰防导系统，210%拦截率跟你闹着玩的吗[doge],2025-06-20 22:43:00,0,0
BV1ahNvzmEoz,2025-06-17 10:00:00,-1223870399,-160423200,100021000,飘摇飘摇流风回雪,25,三发能210%拦截率[脱单doge]怕啥,2025-06-20 02:31:00,0,3
BV1ahNvzmEoz,2025-06-17 10:00:00,-160423200,-1221255247,191172398,清溪明玥,29,回复 @飘摇飘摇流风回雪 : 一轮不够就再来一轮，多几轮总能凑够100%拦截率[墨镜],2025-06-20 02:38:00,0,1
BV1ahNvzmEoz,2025-06-17 10:00:00,-160423200,-1218061647,4983350,落墨散青衣,1407,回复 @飘摇飘摇流风回雪 :台肯的,2025-06-20 03:23:00,0,1
BV1ahNvzmEoz,2025-06-17 10:00:00,-1223870399,-1221371535,24473750,Moonhorn,27,你这说的什么话，拦截概率就算对一个目标的啊，要你这个说法那别弄这个数据了，全都是无线接近0，一下就没有意义了。,2025-06-20 02:36:00,0,0
