﻿视频BV号,视频发布日期,上级评论ID,评论ID,用户ID,用户名,用户粉丝数,评论内容,评论时间,回复数,点赞数
BV1ahNvzmEoz,2025-06-17 10:00:00,0,-1418913583,21965597,今天你肥肥了吗,93,但是感觉威力很一般啊,2025-06-17 20:32:00,44,86
BV1ahNvzmEoz,2025-06-17 10:00:00,-1418913583,-1418507791,404627359,江东十万,61,毕竟是无头苍蝇[笑哭]现在伊朗就靠导弹量大管饱呢。以色列要是没有美国的情报机构和GPS，光靠老美给的那点技术财力也很难掀起风浪。,2025-06-17 20:54:00,0,73
BV1ahNvzmEoz,2025-06-17 10:00:00,-1418913583,-359275088,201816600,galaxy快乐,21,又不是轰炸机，导弹而已,2025-06-17 21:08:00,0,30
BV1ahNvzmEoz,2025-06-17 10:00:00,-1418913583,-1418255967,284093566,木小豆II,76,当量不行，现在常规弹头就中国威力大,2025-06-17 21:18:00,0,22
BV1ahNvzmEoz,2025-06-17 10:00:00,-1418913583,-1417072015,598583578,神圣大唐帝国灬,56,近距离视频你看少了，你当这是二战铁炸弹吗？,2025-06-17 22:27:00,0,20
BV1ahNvzmEoz,2025-06-17 10:00:00,-1418913583,-1416821439,1811754,爱吃桃子,56,远小，近大,2025-06-17 22:38:00,0,13
BV1ahNvzmEoz,2025-06-17 10:00:00,-1418913583,-357227856,19139621,逗逼师太,6,"1.影视剧给你的误导
2.隔的太远了",2025-06-17 22:53:00,0,25
BV1ahNvzmEoz,2025-06-17 10:00:00,-357227856,-348319232,476856336,丝足少囡,23,回复 @逗逼师太 :隔得远就要牺牲装药量多加燃料[吃瓜],2025-06-18 01:56:00,0,7
BV1ahNvzmEoz,2025-06-17 10:00:00,-1418913583,-1415197967,24906989,nospirit,34,导弹是这样的，看着个头不小，其实全是燃料。打重要目标好用，大范围杀伤就别指望了。,2025-06-17 23:36:00,0,71
BV1ahNvzmEoz,2025-06-17 10:00:00,-1415197967,-1378347103,519287276,bili_65184099723,5,回复 @nospirit :装了核弹头你就知道威力了[嗑瓜子],2025-06-18 08:10:00,0,0
BV1ahNvzmEoz,2025-06-17 10:00:00,-1418913583,-1413828959,363709876,零落雪花,9,而且还不是完全撕破脸皮，也不准备杀伤力大的武器吧,2025-06-18 00:13:00,0,4
BV1ahNvzmEoz,2025-06-17 10:00:00,-1413828959,-337819392,33313442,bulabula123bula,11,回复 @零落雪花 :伊朗高层都被杀完了，还不撕破脸皮呢，纯粹是尽力了就这样,2025-06-18 04:14:00,0,0
BV1ahNvzmEoz,2025-06-17 10:00:00,-1418913583,-1408904671,32598671,二次元世界的方程,88,导弹炸的是重要目标设施，要的是给对方带来长期影响，不是说扔个黎巴嫩贝鲁特港口当量的炸弹去乱炸的,2025-06-18 01:37:00,0,52
BV1ahNvzmEoz,2025-06-17 10:00:00,-1418913583,-1408454079,14269064,我爱晚晚大舌头,41,伊朗导弹为了高速突防牺牲了载药量,2025-06-18 01:47:00,0,10
BV1ahNvzmEoz,2025-06-17 10:00:00,-1418913583,-348095200,45604113,穿衣显瘦的大策策,51,嗯嗯，这就是没炸在你身上,2025-06-18 02:00:00,0,10
BV1ahNvzmEoz,2025-06-17 10:00:00,-1418913583,-347823424,2947601,六代机甲,32,炸在你面前就大了,2025-06-18 02:04:00,0,13
BV1ahNvzmEoz,2025-06-17 10:00:00,-1418913583,-347710896,485733844,阿帥派克,6,放屁,2025-06-18 02:04:00,0,1
BV1ahNvzmEoz,2025-06-17 10:00:00,-1418913583,-1406685567,31122163,狻猊茶,6,近一点的你看不到,2025-06-18 02:09:00,0,3
BV1ahNvzmEoz,2025-06-17 10:00:00,-1418913583,-345559744,1636045501,Jobscookie,94,你不用贴着落点 你就在爆炸范围内100米你就知道了。 导弹杀伤主要目标是中心打击区域的杀伤，但是附带的冲击波以及建筑物脆弱部分的分散式伤害是很高的。 比如一枚导弹在击中点中心炸开首先碎片和高温扬起的尘埃沙砾就能对20米范围内的东西造成不可逆的损伤。其次，导弹产生的冲击波能有效摧毁近百米外轻质材料和脆弱性材料，比如门窗玻璃，汽车，部分电梯以及一些民用设施等等，这些东西容易造成二次伤害。 最后也是最重要的一点就是导弹打击区域一般是比较重点照顾的区域涵盖军事、民用、能源、指挥或者重点目标等等，当遭受打击以后容易造成周边居民恐慌，短时间不会重新回到本区域生活工作，甚至某些多轮次打击会让部分居民逃离造成社会层面的小范围混乱，这样也可以影响交战国的秩序，需要当事国当地安排更多人力物力进行疏散工作制约其其他方面的战备。,2025-06-18 02:34:00,0,17
BV1ahNvzmEoz,2025-06-17 10:00:00,-1418913583,-1404097967,1701475477,吞西瓜籽,14,去近距离看看，威力还是不晓得，视频都是远距离拍的，和放烟花一样,2025-06-18 02:45:00,0,3
BV1ahNvzmEoz,2025-06-17 10:00:00,-1418913583,-343943712,12022919,鲨鲨上浮中,61,想要对地面城市产生毁灭性破坏首先得取得完全制空权然后派轰炸机洗地,2025-06-18 02:56:00,0,4
BV1ahNvzmEoz,2025-06-17 10:00:00,-1418913583,-343762384,262515110,你的双大哥哥,20,以色列有拦截，以色列精准斩首，伊朗200发导弹中15发亏大了[doge],2025-06-18 03:00:00,0,2
BV1ahNvzmEoz,2025-06-17 10:00:00,-1418913583,-1402033919,52048474,妈个鸡泰伦159,509,但是他敢打，起码不是嘴上说说,2025-06-18 03:13:00,0,3
BV1ahNvzmEoz,2025-06-17 10:00:00,-1418913583,-341614240,88034033,磁账号已注销,34,威力一般，肯定不行啊，那封锁啥消息。,2025-06-18 03:28:00,0,1
BV1ahNvzmEoz,2025-06-17 10:00:00,-1418913583,-340378752,373186824,羅琳,294,又不是核弹 威力能有多大 手术刀一样的精准打击,2025-06-18 03:46:00,0,1
BV1ahNvzmEoz,2025-06-17 10:00:00,-1418913583,-1398638991,3546704836037482,雾雨不吃香菜,1,导弹又不是核弹[doge_金箍],2025-06-18 03:56:00,0,0
BV1ahNvzmEoz,2025-06-17 10:00:00,-1418913583,-338447152,324832504,昵称已存在我们怎么办我也很绝望啊,48,啊？ 你不会觉得火光越大威力越大把,2025-06-18 04:06:00,0,1
BV1ahNvzmEoz,2025-06-17 10:00:00,-1418913583,-1397562287,1390797,祭魂,73,没人敢大规模报道。,2025-06-18 04:08:00,0,0
BV1ahNvzmEoz,2025-06-17 10:00:00,-1418913583,-1396706143,3546887420381660,大封了,1,难不成真上核弹啊？,2025-06-18 04:17:00,0,0
BV1ahNvzmEoz,2025-06-17 10:00:00,-1418913583,-1395994623,1477435950,零度沸点8,54,导弹就是这样子的啊，燃料占大部分重量，战斗部比较少,2025-06-18 04:25:00,0,1
BV1ahNvzmEoz,2025-06-17 10:00:00,-1418913583,-1395976287,3546824835074478,芋泥啵啵爱,4,你站旁边试试？炸一下一根毛都没得给你留,2025-06-18 04:25:00,0,0
BV1ahNvzmEoz,2025-06-17 10:00:00,-1418913583,-335528768,69158322,古月江阴,52,国内政键就他娘的会吹，之前打加沙几个国家火箭导弹炸以色列吹的莲花都要开了，真主党武装力量强大，哈马斯破除以色列步兵神话，也门真爷们各种拦船吹的飞起，伊朗大三角战略棋手，以色列经济崩盘了，夜壶下台了，夜壶顶不住了，以色列要炸了，夜壶要跑了，现在呢？别人开着飞机在踏马伊朗空中加油呢，轰个特拉维夫，炸了点建筑，伊朗又行了？后续估计又要谈判了。然后缓过来再被以色列干。核设施被各种渗透信息都卖完了，核计划又滞后，等老不死的升天，亲美派一上。伊朗就可以躺平等肢解了。,2025-06-18 04:36:00,0,4
BV1ahNvzmEoz,2025-06-17 10:00:00,-335528768,-310414944,15920923,小飞侠芋头,322,回复 @古月江阴 : 赢学家是这样的。,2025-06-18 10:04:00,0,0
BV1ahNvzmEoz,2025-06-17 10:00:00,-1418913583,-335164912,149328420,在b站看乐子人,11,够用就好，,2025-06-18 04:39:00,0,0
BV1ahNvzmEoz,2025-06-17 10:00:00,-1418913583,-334784288,1212607331,无恶意纯路人,84,伊朗又没有B  轰  图，弹道那玩意，不带核弹头，威力也就那么地,2025-06-18 04:44:00,0,2
BV1ahNvzmEoz,2025-06-17 10:00:00,-1418913583,-1393912543,298065480,莫得原石,34,相对轰炸机小罢了，打到我们身上也就是这一块那一块[笑哭],2025-06-18 04:45:00,0,0
BV1ahNvzmEoz,2025-06-17 10:00:00,-1418913583,-1390672063,234114976,星之龙1988,2,考虑到几十年的制裁和武器禁运，能打出这样的效果，这次算朗子给力了。,2025-06-18 05:19:00,0,0
BV1ahNvzmEoz,2025-06-17 10:00:00,-1418913583,-1389639951,51001264,木子杏美,46,有军事博主说，不能用火花烟雾的大小来衡量爆炸的威力，冲击波100米内无人生还,2025-06-18 05:31:00,0,0
BV1ahNvzmEoz,2025-06-17 10:00:00,-1418913583,-325992336,21209136,道诡异仙,56,人家高官都躲起来了[兔兔岛_睡觉],2025-06-18 06:35:00,0,0
BV1ahNvzmEoz,2025-06-17 10:00:00,-1418913583,-320108816,19753125,加里妹妹,55,导弹就这样，不带核弹头就是一般,2025-06-18 08:01:00,0,0
BV1ahNvzmEoz,2025-06-17 10:00:00,-1418913583,-304242816,17433026,小羊shawn咩咩咩,28,不然人家提炼浓缩铀干嘛呢,2025-06-18 11:09:00,0,0
BV1ahNvzmEoz,2025-06-17 10:00:00,-1418913583,-294072640,354351014,有泥土的芬芳,57,导弹本就是精确打击，定点清除,2025-06-18 12:59:00,0,0
BV1ahNvzmEoz,2025-06-17 10:00:00,-1418913583,-286345632,19404741,爱辣的大叔,96,你想换哪种弹头上？核弹头？,2025-06-18 14:20:00,0,0
BV1ahNvzmEoz,2025-06-17 10:00:00,-1418913583,-1322933423,25459687,拖鞋配啤酒,103,你以为是汽油桶爆炸哟，还火光冲天。高杀伤的炸弹都是高温高压冲击波,2025-06-18 22:41:00,0,0
BV1ahNvzmEoz,2025-06-17 10:00:00,-1418913583,30119728,351766828,胡不丶归,42,说白了就是技术力不行，我们的41好像能搭载多枚核弹头。也可以换其他弹头,2025-06-21 19:34:00,0,0
