﻿视频BV号,视频发布日期,上级评论ID,评论ID,用户ID,用户名,用户粉丝数,评论内容,评论时间,回复数,点赞数
BV1ahKuzyERV,2025-06-24 04:48:00,0,261910960,538136,爱尔特璐琪_,42,和印度一个做法，正常人理解的停火，现在6点，我们约定好10点停火，约定产生的时候就差不多该停了。但印度人就赶在10点钱再打一发，打完10点，好了停战吧，这能停得下来？[笑哭]继续嗨啊,2025-06-24 05:43:00,12,39
BV1ahKuzyERV,2025-06-24 04:48:00,261910960,-809024735,37545860,领券购物,52,我脚的合理[doge][doge],2025-06-24 05:48:00,0,0
BV1ahKuzyERV,2025-06-24 04:48:00,261910960,264606736,3546817912375507,似水非流年66,33,两边都是夜壶也是先猛轰一波后边伊朗也来这波[笑哭],2025-06-24 06:18:00,0,0
BV1ahKuzyERV,2025-06-24 04:48:00,261910960,268026336,322667527,重庆母安母平母正,19,不对的，上次印巴是约定6点停火，印度阿三选择在5点58轰炸一波，正常人的脑回路都是前几个小时就该停了，阿三的脑回路是前2分钟炸了你你就没时间炸回来,2025-06-24 07:09:00,0,5
BV1ahKuzyERV,2025-06-24 04:48:00,261910960,275798432,507402000,bili_Rukawa,6,"反正我知道如果和法国约定10点停火，他们大概这天从0点开始就不进攻了，9点55防御部队准时下线，5分钟后开车回家。
主打就是一个绅士，守约。",2025-06-24 08:54:00,0,2
BV1ahKuzyERV,2025-06-24 04:48:00,275798432,-709917743,178325996,迪亚贝尔斯塔小姐,40,回复 @bili_Rukawa :我怎么记得以前看过一个一战题材的电影，双方士兵都知道上面决定停火了，还有几个小时的时间，下级军官还在命令向前冲,2025-06-25 07:04:00,0,0
BV1ahKuzyERV,2025-06-24 04:48:00,261910960,-791638767,338723853,阿尔比诺,3,停火前再打一波猛的，是惯例了，当前抗美援朝中美也是同样的画面，最后还是如约停火了，约定时间之前都是交战期，大家心知肚明,2025-06-24 09:45:00,0,1
BV1ahKuzyERV,2025-06-24 04:48:00,261910960,281248192,1688385345,浮生忆惊鸿,24,这么会玩啊，这是明显是在找原则漏洞，破坏原则啊！这样的人有了核武谁安全啊！,2025-06-24 09:57:00,0,0
BV1ahKuzyERV,2025-06-24 04:48:00,261910960,-789395519,3494358292629759,我不是AI的AI的AI,2,沒毛病  篮球足球也是这样,2025-06-24 10:10:00,0,0
BV1ahKuzyERV,2025-06-24 04:48:00,-789395519,-788724895,514900471,lemon_bee,1,回复 @我不是AI的AI的AI :国足：不，我从第一分钟起就是垃圾时间了。[doge],2025-06-24 10:17:00,0,2
BV1ahKuzyERV,2025-06-24 04:48:00,-788724895,-788207583,35509481,叫我酱油神,0,回复 @lemon_bee :一分钟都有点长了，从哨响的那一刻就算了[吃瓜],2025-06-24 10:22:00,0,0
BV1ahKuzyERV,2025-06-24 04:48:00,261910960,283197312,38854220,周密zm,5,没看过让子弹飞吗？双方同意停火，朝两边各自撤退，接着中间子弹两边乱飞[笑哭],2025-06-24 10:18:00,0,3
BV1ahKuzyERV,2025-06-24 04:48:00,261910960,330349056,8341422,灬碧落黄泉,25,[吃瓜]以色列建国的时候，也是用停火来准备武器的，吃过一次亏，要是还信停火就是傻子,2025-06-24 22:41:00,0,1
