﻿视频BV号,视频发布日期,上级评论ID,评论ID,用户ID,用户名,用户粉丝数,评论内容,评论时间,回复数,点赞数
BV1a7MSzYE8h,2025-06-14 14:49:00,0,-657375616,20397010,chi7777,51,伊朗朋友給我讲了個笑話，哈梅內伊回家後給自己老婆讲了個笑話，老婆沒笑，衣柜裡还没来得及穿裤子的摩萨德特工笑了。。。这个笑话说明了什么？,2025-06-14 17:24:00,17,940
BV1a7MSzYE8h,2025-06-14 14:49:00,-657375616,-650644464,21537507,15岁iOS常退款用户,353,说明这个笑话很好笑，经过专业培训的都没忍住,2025-06-14 20:29:00,0,342
BV1a7MSzYE8h,2025-06-14 14:49:00,-650644464,-646049008,28314744,干大事群主,13,回复 @15岁iOS常退款用户 :后来他老婆半夜笑醒了是吧。,2025-06-14 23:49:00,0,3
BV1a7MSzYE8h,2025-06-14 14:49:00,-650644464,-1684485039,453382095,Bye_无忧,31,回复 @15岁iOS常退款用户 :这不对，女的没笑啊。说明摩萨德培训不到位,2025-06-15 03:05:00,0,0
BV1a7MSzYE8h,2025-06-14 14:49:00,-657375616,-650240160,436852915,公皙少翀,6,老婆笑点高，摩萨德笑点低[doge_金箍],2025-06-14 20:53:00,0,122
BV1a7MSzYE8h,2025-06-14 14:49:00,-657375616,-1700748879,10170089,少司命的情书,58,这个笑话是不是伊朗能打败????[doge],2025-06-14 21:42:00,0,29
BV1a7MSzYE8h,2025-06-14 14:49:00,-657375616,-1700640175,431939793,冰羽_魄,27,说明已经不是有一大堆漏洞那么简单了，这是完全成为沙琪玛了。,2025-06-14 21:56:00,0,53
BV1a7MSzYE8h,2025-06-14 14:49:00,-657375616,-647438128,399960443,WO-艾可,45,他老婆是特工，还是训练有素的那种[doge],2025-06-14 23:14:00,0,66
BV1a7MSzYE8h,2025-06-14 14:49:00,-657375616,-646132016,88050340,小俊郎的夏天,17,不是说高端人才不能跟伊朗人交朋友嘛？不知道啥时候就砰一声物理消失了,2025-06-14 23:46:00,0,11
BV1a7MSzYE8h,2025-06-14 14:49:00,-657375616,-1697405375,547775,疯一样的勇士,23,上次听到这个笑话，还是光绪在位的时候,2025-06-14 23:52:00,0,9
BV1a7MSzYE8h,2025-06-14 14:49:00,-1697405375,-352748656,26058503,这辈子就是你了,38,回复 @疯一样的勇士 :上次说的应该是萨达姆,2025-06-18 00:41:00,0,1
BV1a7MSzYE8h,2025-06-14 14:49:00,-657375616,-644277888,39995824,支撑者,92,说明阿以对哈没，没信任～插个小三，监视之[doge],2025-06-15 00:27:00,0,1
BV1a7MSzYE8h,2025-06-14 14:49:00,-657375616,-1693236191,228789,纳兰巴音,22,哈梅内伊二十几个老婆，最小的9岁。要逗笑还是很容易的[doge],2025-06-15 01:10:00,0,28
BV1a7MSzYE8h,2025-06-14 14:49:00,-1693236191,-1689765599,68404589,無鲞,0,回复 @纳兰巴音 : 这就是宗教的加成！,2025-06-15 02:00:00,0,5
BV1a7MSzYE8h,2025-06-14 14:49:00,-1693236191,-635611408,1760395313,拓跋瑶光,10,回复 @纳兰巴音 : 真的假的？,2025-06-15 02:30:00,0,2
BV1a7MSzYE8h,2025-06-14 14:49:00,-635611408,-1664436911,357108776,就爱看钓鱼,12,回复 @拓跋瑶光 :没有 他瞎扯的 欧美才说他十几个 他这直接二十多,2025-06-15 06:39:00,0,3
BV1a7MSzYE8h,2025-06-14 14:49:00,-657375616,-1662818959,362744775,社会纳税蛀虫,11,床下的摩萨德特工也笑了[doge],2025-06-15 07:00:00,0,2
BV1a7MSzYE8h,2025-06-14 14:49:00,-657375616,-541170800,11520006,FoxLaugh,52,"伊朗笑话：
问：以色列人为什么不直接斩首行动除掉哈梅内伊
答：因为以色列人还需要他提供情报

哈梅内伊在大会上问，如何对付以色列的空袭
这时防空负责人回答“放心吧，最高领秀先生，国内旗子管够。”

哈梅内伊准备提拔新的革命卫队总司令，帕克普尔在大会上慌张的问：“最高领秀先生，我坚定的拥护您，我不明白为什么让我去死。”

哈梅内伊比霍梅尼软弱，小哈梅内伊比哈梅内伊软弱，但为什么他可能是未来的领秀。
答：也许他不吃猪肉",2025-06-16 00:56:00,0,4
