﻿视频BV号,视频发布日期,上级评论ID,评论ID,用户ID,用户名,用户粉丝数,评论内容,评论时间,回复数,点赞数
BV1ahNvzmEoz,2025-06-17 10:00:00,0,-1460720543,35971690,woshisk2,74,我只关心美国下不下，以什么形式下，是大量军援，换皮兵，还是亲自下场[吃瓜],2025-06-17 10:38:00,13,30
BV1ahNvzmEoz,2025-06-17 10:00:00,-1460720543,-401718048,18735723,不断看星星,123,估计到顶也就是海空会下场，地面部队的可能性不大。地面部队下场大毛和兔子嘴都能笑歪，可以操作的东西太多了。重现越南阿富汗不是幻想。,2025-06-17 10:45:00,0,25
BV1ahNvzmEoz,2025-06-17 10:00:00,-1460720543,-396257296,3546899772606906,人群知名靓崽,0,要么拦截导弹，要么空军轰炸，地面部队不会进去的,2025-06-17 11:42:00,0,3
BV1ahNvzmEoz,2025-06-17 10:00:00,-396257296,-394808800,429755423,我在B站讲巫蛊,13,回复 @人群知名靓崽 :你最前面那句我非常认同，很可能是去帮以色列拦截导弹的。,2025-06-17 11:57:00,0,1
BV1ahNvzmEoz,2025-06-17 10:00:00,-396257296,-358425344,30493034,菜菜的小黑喵,11,回复 @人群知名靓崽 : 已经在拦截导弹了,2025-06-17 21:55:00,0,0
BV1ahNvzmEoz,2025-06-17 10:00:00,-1460720543,-1448473055,25404886,娱乐墨鱼,22,顶多海军空军打打导弹,2025-06-17 12:48:00,0,0
BV1ahNvzmEoz,2025-06-17 10:00:00,-1460720543,-383528960,80314716,Emdny初,1,不可能下场,2025-06-17 13:55:00,0,2
BV1ahNvzmEoz,2025-06-17 10:00:00,-1460720543,-1434248383,14143258,冬晨雨巷,3,有段时间没关注这些事了 这次以色列突袭伊朗是不是就为了逼美国下场？,2025-06-17 15:15:00,0,2
BV1ahNvzmEoz,2025-06-17 10:00:00,-1434248383,-360873232,370894937,板栗要糖炒才好吃,21,回复 @冬晨雨巷 :是的,2025-06-17 19:37:00,0,0
BV1ahNvzmEoz,2025-06-17 10:00:00,-1460720543,-1430170815,1702112182,我知你知我知你不知,6,最多就是边缘op  poke流。不会下场的。如果老美敢派兵的话 大鹅和我们嘴都能笑歪，到时候帝国坟场的名头就从阿富汗继承给伊朗了。大鹅和兔子会疯狂输血伊朗把老美拖进泥潭的,2025-06-17 16:01:00,0,7
BV1ahNvzmEoz,2025-06-17 10:00:00,-1460720543,-1425203727,41485960,刘啊刘啊刘老师,14,美国给情报和武器就足够左右战局了,2025-06-17 17:12:00,0,1
BV1ahNvzmEoz,2025-06-17 10:00:00,-1460720543,-1417347407,53278352,海洋的绿宝石,35,以色列的儿子最有可能扔的是，钻地弹,2025-06-17 22:19:00,0,0
BV1ahNvzmEoz,2025-06-17 10:00:00,-1460720543,-1357010815,28227279,zbyraymond,27,很难派地面部队吧,2025-06-18 12:14:00,0,0
BV1ahNvzmEoz,2025-06-17 10:00:00,-1460720543,-1343900559,98602094,想不出叫啥好了,9,军援是一定的，美国目前不敢放弃以色列，硬撑也得撑下去，放弃以色列就等于放弃中东地区，一旦放弃那兔子和大毛绝对不会客气的，直接下场几乎没可能，现在是血条都亮了，下场等于告诉别人具体数值了，那真就是“百年未有之大变局”了[吃瓜][吃瓜][吃瓜],2025-06-18 14:35:00,0,1
