﻿视频BV号,视频发布日期,上级评论ID,评论ID,用户ID,用户名,用户粉丝数,评论内容,评论时间,回复数,点赞数
BV1a7MSzYE8h,2025-06-14 14:49:00,0,-667483312,97201922,你们都反思一下,42,注意一下b站几个伊朗女的，共同特点是都长得还可以，名字都是伊朗+xx。伊朗各种卖队友，想投美都想的魔怔了，就是没筹码，小心拿着我们的信息出卖给老美。,2025-06-14 15:19:00,16,117
BV1a7MSzYE8h,2025-06-14 14:49:00,-667483312,-667413760,9259741,大唐中书侍郎李泌,11,朗子的外宣女团，和泽圣外宣女团一样都是在B站找几个长的符合国人审美的,2025-06-14 15:21:00,0,36
BV1a7MSzYE8h,2025-06-14 14:49:00,-667483312,-1718201391,3546769361209481,汤元圆圆,5,你可真逗，他们能接触的信息老美搞不到？,2025-06-14 15:21:00,0,29
BV1a7MSzYE8h,2025-06-14 14:49:00,-667483312,-1716615599,14021783,灏晟之石,67,伊朗能知道我们什么情报？他要有能力搞到东大的情报，他在中东就不能是这个样子,2025-06-14 15:39:00,0,19
BV1a7MSzYE8h,2025-06-14 14:49:00,-1716615599,-1698300847,646357466,想念故我在,8,回复 @灏晟之石 :你忘记孟晚舟当时被扣在加拿大就是因为她违反了对伊朗的制裁，你猜是谁提供的原始供货信息？,2025-06-14 23:29:00,0,8
BV1a7MSzYE8h,2025-06-14 14:49:00,-1698300847,-641586112,584743373,托尼带水老师,49,回复 @想念故我在 :不是汇丰吗？,2025-06-15 01:13:00,0,0
BV1a7MSzYE8h,2025-06-14 14:49:00,-641586112,-1668708495,3546894758316560,晚风明信片,0,回复 @托尼带水老师 :汇丰是后面了，前阶段就是伊朗内部出卖的，然后通过汇丰查到,2025-06-15 05:49:00,0,1
BV1a7MSzYE8h,2025-06-14 14:49:00,-641586112,-1566454111,646357466,想念故我在,8,回复 @托尼带水老师 :汇丰提供的是交易流水,2025-06-16 07:55:00,0,0
BV1a7MSzYE8h,2025-06-14 14:49:00,-1698300847,-1688831407,131681653,B站真是憨憨,19,回复 @想念故我在 :不要想多了，国内大企业领导人，美国时刻盯着呢！等伊朗知道消息，美国人早就知道了,2025-06-15 02:11:00,0,0
BV1a7MSzYE8h,2025-06-14 14:49:00,-1698300847,-1639992287,1343373355,萝卜炒白菜有助于聚变,44,回复 @想念故我在 :是B站女播提供的？[滑稽],2025-06-15 11:24:00,0,0
BV1a7MSzYE8h,2025-06-14 14:49:00,-667483312,-1716057247,8461662,阿提密斯·恩崔立,99,你这个思路也是清奇，它有什么本事收集我们的情报卖给美国？情报收集这块他给老美提鞋都不配,2025-06-14 15:45:00,0,27
BV1a7MSzYE8h,2025-06-14 14:49:00,-667483312,-1715889887,1442351863,bili_81952534534,3,那几个女的都挺抽象挺幽默！,2025-06-14 15:45:00,0,7
BV1a7MSzYE8h,2025-06-14 14:49:00,-667483312,-662745328,3493080713923342,天命中注定之人,43,想多了,2025-06-14 16:11:00,0,1
BV1a7MSzYE8h,2025-06-14 14:49:00,-667483312,-648293696,377687724,三生有幸LT,8,没必要草木皆兵,2025-06-14 22:45:00,0,1
BV1a7MSzYE8h,2025-06-14 14:49:00,-667483312,-1695553743,292848092,eemf,13,你继续反思一下吧[辣眼睛],2025-06-15 00:31:00,0,0
BV1a7MSzYE8h,2025-06-14 14:49:00,-667483312,-631217616,7439148,寂静谷点子王,2,早卖了，中兴华为被搞就是伊朗反水,2025-06-15 03:19:00,0,4
BV1a7MSzYE8h,2025-06-14 14:49:00,-667483312,-1598442847,361750886,wilkymay,1,大伙就是炫压抑看看，能有什么信息？,2025-06-15 23:50:00,0,0
