﻿视频BV号,视频发布日期,上级评论ID,评论ID,用户ID,用户名,用户粉丝数,评论内容,评论时间,回复数,点赞数
BV1ahNvzmEoz,2025-06-17 10:00:00,0,-189374640,396754040,韵雪歆月,1478,感觉三战不远了，有生之年不会看到三战爆发吧[笑哭][笑哭]活在最好也是最坏的时代，还好咱祖国母亲????强大，挡住了外面的豺狼虎豹！,2025-06-19 15:10:00,16,23
BV1ahNvzmEoz,2025-06-17 10:00:00,-189374640,-1243376271,434670052,吾布力奥,22,已经开始了，但大国不用下场,2025-06-19 16:34:00,0,8
BV1ahNvzmEoz,2025-06-17 10:00:00,-1243376271,-1235826431,397586886,橘子辛biubiu,6,回复 @吾布力奥 : 真世界大战了那主要大国就已经下场了，不然就不是世界大战了。3战开打的前提就是2战秩序的崩塌，联合国安理会先失去功能，不然5常按在那根本打不起来[吃瓜],2025-06-19 20:05:00,0,3
BV1ahNvzmEoz,2025-06-17 10:00:00,-1235826431,-1232040351,434670052,吾布力奥,22,回复 @橘子辛biubiu :联合国现在说话已经不管用了,2025-06-19 23:18:00,0,1
BV1ahNvzmEoz,2025-06-17 10:00:00,-1243376271,-166602032,9871221,謎纞ぁ湮圏,8,回复 @吾布力奥 :现在是高压锅放气减缓爆炸的时间，大国用小国测试[doge],2025-06-20 00:54:00,0,1
BV1ahNvzmEoz,2025-06-17 10:00:00,-189374640,-1241321471,31993067,密米尔之眼,11,倒不如说，这些零零碎碎的战争把原来是可能的三战打不起来了,2025-06-19 17:06:00,0,8
BV1ahNvzmEoz,2025-06-17 10:00:00,-189374640,-178581664,22697203,傲娇的受君,226,一战和二战全面开拔之前也有不少局部地区的摩擦冲突，反正看中东欧洲这样子感觉是快了，就是不知道后面会发展成啥样,2025-06-19 17:46:00,0,4
BV1ahNvzmEoz,2025-06-17 10:00:00,-189374640,-176134928,480440839,一夜哀羞,61,现在的时代，三战不太可能，这间隔时间已经比前两次多太多了。现在就是各个地区的局部战争，共同组成世界级的大战，但本质还是区域级战斗，很多国家就无形中参与了吧,2025-06-19 19:08:00,0,2
BV1ahNvzmEoz,2025-06-17 10:00:00,-189374640,-175226736,217846642,倾城桃花劫,58,"二战中美俄都在同一条战线，轴心国掀不起任何风浪。
从现今趋势来看，中美俄之间不会出现直接军事冲突的可能 这是因为大家都心知肚明：大家海陆空甚至是太空都有大杀器存在，你不可能在短期内迅速击垮对方，直接军事冲突只会让挑起方自身也难保 你死我也亡。米国佬以前的先发制人战略只适用于其它国家，对中俄屁用木有???",2025-06-19 19:30:00,0,4
BV1ahNvzmEoz,2025-06-17 10:00:00,-175226736,-175025440,217846642,倾城桃花劫,58,回复 @倾城桃花劫 :中美俄之间等于是达成了某种平衡：打不起来。然后，全世界其它国家加起来也挑战不了中美俄 也就没有挑起任何“世界大战”的可能性,2025-06-19 19:42:00,0,2
BV1ahNvzmEoz,2025-06-17 10:00:00,-175226736,-1232279727,348969668,副本带我躺,95,回复 @倾城桃花劫 :还有一种可能，特朗普给美国玩的不开战就活不下去了，平衡什么的就不存在了，万一人家想爆呢,2025-06-19 23:11:00,0,1
BV1ahNvzmEoz,2025-06-17 10:00:00,-1232279727,-170356256,217846642,倾城桃花劫,58,回复 @副本带我躺 :米国综合国力雄厚，“活不下去”的理由是什么？只要米国不是被侵略导致濒死 米国人不会让特没谱一意孤行的??，一个喜欢耍耍嘴皮子又言而无信的商人而已??,2025-06-19 23:34:00,0,1
BV1ahNvzmEoz,2025-06-17 10:00:00,-189374640,-1235581487,1962109281,術玄じゅつげん,1,亚洲中国和俄罗斯打？欧洲欧盟和英国打？美国和南美打？做梦呢这是,2025-06-19 20:10:00,0,0
BV1ahNvzmEoz,2025-06-17 10:00:00,-189374640,-173375984,525326535,又酸又菜小咸鱼,45,导火索没点燃而已，这些战争大国掺和的肯定是越少越好，不然结果只会更惨重,2025-06-19 21:24:00,0,1
BV1ahNvzmEoz,2025-06-17 10:00:00,-189374640,-166980544,176178606,曼巴直升姬,53,最多波及到英法德，顶天了，上三常不可能下场的，解决问题的手段更多是通过经济战争和外交手段。,2025-06-20 00:47:00,0,1
BV1ahNvzmEoz,2025-06-17 10:00:00,-189374640,-166527408,9871221,謎纞ぁ湮圏,8,什么时候联合国说话有用过？,2025-06-20 00:54:00,0,1
BV1ahNvzmEoz,2025-06-17 10:00:00,-189374640,-158730272,223684705,眠った,18,不能，都是小弟们小打小闹,2025-06-20 02:55:00,0,0
