﻿视频BV号,视频发布日期,上级评论ID,评论ID,用户ID,用户名,用户粉丝数,评论内容,评论时间,回复数,点赞数
BV1ahNvzmEoz,2025-06-17 10:00:00,0,-217209472,31463232,七夏若曦丶,49,小白不懂问一下，为什么遮掩伤亡人数啊？,2025-06-19 10:11:00,6,1
BV1ahNvzmEoz,2025-06-17 10:00:00,-217209472,-217058112,6823026,叽里咕噜呦嘿,17,舆论战,2025-06-19 10:12:00,0,1
BV1ahNvzmEoz,2025-06-17 10:00:00,-217209472,-1270787503,1521098058,Liverpool66route,19,为了国内稳定,2025-06-19 11:22:00,0,3
BV1ahNvzmEoz,2025-06-17 10:00:00,-217209472,-1269785807,1511701866,没想到还能改名,30,比如俩人打架，一个人笑着说：唉嗨，不疼。,2025-06-19 11:31:00,0,4
BV1ahNvzmEoz,2025-06-17 10:00:00,-217209472,-1236465295,1111000255,睡不饱抱,14,公布出来丢面子啊,2025-06-19 19:21:00,0,0
BV1ahNvzmEoz,2025-06-17 10:00:00,-217209472,-157800000,478966902,不吃青草的羊,318,便于控制舆论，一方面显得自己很强，另一方面也会为妥协留后路，万一民众知道死了那么多人居然还能和解，肯定要冲烂政府的,2025-06-20 03:07:00,0,0
BV1ahNvzmEoz,2025-06-17 10:00:00,-217209472,-1140064639,1580195259,堇色安年皆是梦,278,人死多了，国内的人就会想到下一个会不会轮到自己头上。无论战争是正义性或非正义性，公布死亡人数都不是一个好的选择,2025-06-20 19:10:00,0,0
