﻿视频BV号,视频发布日期,上级评论ID,评论ID,用户ID,用户名,用户粉丝数,评论内容,评论时间,回复数,点赞数
BV1ajMmz4Egg,2025-06-14 09:54:00,0,-1750394767,102926079,老加载,404,如果这波袭击，把伊朗换成巴基斯坦会怎样[思考],2025-06-14 09:59:00,11,6
BV1ajMmz4Egg,2025-06-14 09:54:00,-1750394767,-1749936351,3493283630156073,着B站重名太多了,3,巴基斯坦真有二脚踢，以色列是丧彪不是卷毛狒狒。,2025-06-14 10:03:00,0,30
BV1ajMmz4Egg,2025-06-14 09:54:00,-1750394767,-698992112,358498628,晃悟,14,巴基斯坦是真有大炸逼，以色列是虎不是傻！[doge],2025-06-14 10:10:00,0,13
BV1ajMmz4Egg,2025-06-14 09:54:00,-1750394767,-1749146991,327377770,ohdz3384,28,能像伊朗那么??的不多了,2025-06-14 10:10:00,0,22
BV1ajMmz4Egg,2025-06-14 09:54:00,-1750394767,-1749277967,396599272,追赶时间Star,108,小巴真有核的，而且空军先进能冲过去和小以拼了,2025-06-14 10:11:00,0,18
BV1ajMmz4Egg,2025-06-14 09:54:00,-1750394767,-696867504,68138620,LimKiller,29,那就能看看中式空军和美式空军谁更强了，可惜看不了[doge],2025-06-14 10:32:00,0,3
BV1ajMmz4Egg,2025-06-14 09:54:00,-1750394767,-1747174943,476227963,老狗与菜鸟,211,巴基斯坦最大的问题是国力事实上打不过印度，地面基本没法打赢。但以色列和巴基斯坦打没有这个优势。,2025-06-14 10:33:00,0,13
BV1ajMmz4Egg,2025-06-14 09:54:00,-1747174943,-1743729103,408084390,大灰灰晖,17,回复 @老狗与菜鸟 :都不是一个层级，巴基斯坦的空军是伊斯兰世界唯一能跟以色列对抗的空军,2025-06-14 11:06:00,0,5
BV1ajMmz4Egg,2025-06-14 09:54:00,-1750394767,-694232384,43584033,受叫兽感染的囧,6,"要真枪实弹的碰一碰了
至于伊朗和以色列体量 可以理解成大清和越南 再刮肉刀刮钝了也刮不干净",2025-06-14 10:58:00,0,1
BV1ajMmz4Egg,2025-06-14 09:54:00,-1750394767,-1743774351,328042166,乐一最棒,6,小看巴巴??了……真有大家伙的,2025-06-14 11:06:00,0,1
BV1ajMmz4Egg,2025-06-14 09:54:00,-1750394767,-693275920,21848143,维修哥哥,13,小巴背靠老大属于一碰就炸那种，占便宜了还好说，真吃亏了那是真上[doge],2025-06-14 11:07:00,0,0
BV1ajMmz4Egg,2025-06-14 09:54:00,-1750394767,-690981680,160757304,早睡早起最末名,5,夜壶：别搞[笑哭],2025-06-14 11:30:00,0,0
