﻿视频BV号,视频发布日期,上级评论ID,评论ID,用户ID,用户名,用户粉丝数,评论内容,评论时间,回复数,点赞数
BV1aANRzqE5d,2025-06-22 10:19:00,0,-907772191,8556569,嚯嚯哈嘿的bilibili,8,各位司令，我就想问问，以伊朗的账面实力，有没有能打到美国本土的手段[思考],2025-06-23 04:50:00,10,1
BV1aANRzqE5d,2025-06-22 10:19:00,-907772191,-906383151,402261295,玄德星君,50,伊朗自己没有，但是美国本土有大量潜伏的恐怖分子,2025-06-23 05:06:00,0,3
BV1aANRzqE5d,2025-06-22 10:19:00,-907772191,164779744,799736,颓废的小猪咪,32,应该没有，没有洲际,2025-06-23 05:34:00,0,1
BV1aANRzqE5d,2025-06-22 10:19:00,-907772191,-903544623,31103184,格温未来,20,有洲际弹道导弹美国敢动么,2025-06-23 05:40:00,0,1
BV1aANRzqE5d,2025-06-22 10:19:00,-907772191,170933024,108695118,be百特儿曼,26,没有的，估计可以远程遥控一些人发动类似自杀式袭击的手段，复制一次911这样的突击检查,2025-06-23 07:03:00,0,0
BV1aANRzqE5d,2025-06-22 10:19:00,-907772191,174132896,598244,旗队长24实验室,30,复制一下乌克兰炸俄罗斯战略轰炸机的无人机方案还可以,2025-06-23 07:48:00,0,0
BV1aANRzqE5d,2025-06-22 10:19:00,-907772191,-894580255,2224595,小可xk,25,有啊，有目前杀伤人数最多的超大巡航导弹波音747[doge],2025-06-23 07:50:00,0,0
BV1aANRzqE5d,2025-06-22 10:19:00,-907772191,-894510559,3493282472528287,__太阳照常升起_,11,你是不是忘记了：当老美质疑你有大规模杀伤武器，你最好真的有。,2025-06-23 07:51:00,0,0
BV1aANRzqE5d,2025-06-22 10:19:00,-907772191,-894281071,3546593215122365,0蛋蛋o的忧伤0,3,最多能打中东附近的军事基地,2025-06-23 07:54:00,0,0
BV1aANRzqE5d,2025-06-22 10:19:00,-907772191,-894023407,243882066,津门地区非著名狠人,39,真主至上吧[doge],2025-06-23 07:59:00,0,0
BV1aANRzqE5d,2025-06-22 10:19:00,-907772191,-876218799,117678982,sosovipp,1778,把中东的美军基地端了，就够美国受的了。,2025-06-23 11:26:00,0,0
