﻿视频BV号,视频发布日期,上级评论ID,评论ID,用户ID,用户名,用户粉丝数,评论内容,评论时间,回复数,点赞数
BV1aANRzqE5d,2025-06-22 10:19:00,0,124567808,74391747,布拉格第一摆烂王,300,只要汪峰老师保持沉默，那么这场战争将很快结束[吃瓜][吃瓜][吃瓜],2025-06-22 16:18:00,18,217
BV1aANRzqE5d,2025-06-22 10:19:00,124567808,-939402783,9209760,讲儿摆嘛,39,汪峰确实有东西，什么破烂都捡，自叹不如[辣眼睛],2025-06-22 17:10:00,0,94
BV1aANRzqE5d,2025-06-22 10:19:00,-939402783,-931867551,163585795,极吧湾评测室,32,回复 @讲儿摆嘛 :是嫩模太少了吗？还是有特殊癖好,2025-06-22 21:37:00,0,14
BV1aANRzqE5d,2025-06-22 10:19:00,-931867551,-931721087,300803851,范青书,49,回复 @极吧湾评测室 :为了热度和资源吧，汪峰也不像祖国人那种类型啊[笑哭],2025-06-22 21:45:00,0,16
BV1aANRzqE5d,2025-06-22 10:19:00,-939402783,144317296,13251218,千年血,12,回复 @讲儿摆嘛 :找个有钱的，好去澳门继续挥霍[吃瓜][吃瓜][吃瓜][吃瓜],2025-06-23 01:23:00,0,3
BV1aANRzqE5d,2025-06-22 10:19:00,-939402783,146634064,35018526,鹊桥仙人,175,回复 @讲儿摆嘛 : 他俩一个53 一个54? 正合适好吧,2025-06-23 02:02:00,0,7
BV1aANRzqE5d,2025-06-22 10:19:00,146634064,-910150415,33277354,小碎月,27679,回复 @鹊桥仙人 : 是的 我就不明白了 两个年纪相当啊。。。宁静挖了那人的祖坟了吗,2025-06-23 04:27:00,0,2
BV1aANRzqE5d,2025-06-22 10:19:00,-910150415,161193104,35018526,鹊桥仙人,175,回复 @小碎月 :他们总是认为五十岁的明星应该找二十岁的女孩，他们带入自己就是这样，但现实是这些卢瑟连和自己相仿年龄的女孩都找不到，所以羡慕嫉妒恨,2025-06-23 04:55:00,0,3
BV1aANRzqE5d,2025-06-22 10:19:00,161193104,-904503231,187750082,豆包Official,9,回复 @鹊桥仙人 :京爷的攻击力这一块[大笑],2025-06-23 05:27:00,0,0
BV1aANRzqE5d,2025-06-22 10:19:00,-939402783,146803504,35018526,鹊桥仙人,175,回复 @讲儿摆嘛 : 找老伴就应该找没有代沟的,2025-06-23 02:02:00,0,8
BV1aANRzqE5d,2025-06-22 10:19:00,-939402783,149447344,18259909,mobys,18,回复 @讲儿摆嘛 :不是，老A8还是A8，自己坐不上别说这话，这里多的是哥们想坐，都来举个手。[响指],2025-06-23 02:43:00,0,5
BV1aANRzqE5d,2025-06-22 10:19:00,124567808,-930116143,1668478691,HelloOhOh,13,宁静，年轻时候顶级魅魔。,2025-06-22 23:02:00,0,13
BV1aANRzqE5d,2025-06-22 10:19:00,124567808,138409120,1212607331,无恶意纯路人,84,呀，李在明又没机会了,2025-06-22 23:26:00,0,2
BV1aANRzqE5d,2025-06-22 10:19:00,124567808,-928414191,346103679,十四不分,26,汪峰老师又又又又又又又……是热搜榜二[滑稽],2025-06-22 23:51:00,0,10
BV1aANRzqE5d,2025-06-22 10:19:00,124567808,-920673583,381630297,非洲摸鱼鸭,2,永远跟热搜第一无缘的男人[笑哭],2025-06-23 02:18:00,0,7
BV1aANRzqE5d,2025-06-22 10:19:00,124567808,-919955231,450802066,Milllll万二蚊,29,你是懂的[喜极而泣],2025-06-23 02:28:00,0,0
BV1aANRzqE5d,2025-06-22 10:19:00,124567808,-918554335,1729416159,Old_Cloud,223,概 念 神,2025-06-23 02:49:00,0,2
BV1aANRzqE5d,2025-06-22 10:19:00,124567808,-913326031,318275386,EX尕李棒,0,阳光灿烂日子里的宁静可是雷到我了[喜欢],2025-06-23 03:55:00,0,0
BV1aANRzqE5d,2025-06-22 10:19:00,124567808,-909240191,433167096,上官海嵐,906,汪峰至今还没上过头条第一[doge],2025-06-23 04:35:00,0,0
