﻿视频BV号,视频发布日期,上级评论ID,评论ID,用户ID,用户名,用户粉丝数,评论内容,评论时间,回复数,点赞数
BV1ahNvzmEoz,2025-06-17 10:00:00,0,-341503712,259828812,画再风中,84,我有个馊主意:在导弹上面安装几个带镁的无人机，面临对面的防空系统的时候，直接发射出去消耗对面的防空系统，这样就不会让导弹被拦截了[嗑瓜子],2025-06-18 03:32:00,6,8
BV1ahNvzmEoz,2025-06-17 10:00:00,-341503712,-1395714175,487003282,ReaiL阿苏勒,6,红外干扰弹是吧，但是在导弹高速状态下脱离的无人机不知道能不能承受的住,2025-06-18 04:26:00,0,4
BV1ahNvzmEoz,2025-06-17 10:00:00,-1395714175,-1393204031,8980179,彩色线条CL,9,回复 @ReaiL阿苏勒 : 会直接解体,2025-06-18 04:52:00,0,0
BV1ahNvzmEoz,2025-06-17 10:00:00,-341503712,-1388698991,523436462,没时间解释了块上车,55,我的主意更馊，他们的导弹不是载重1.5吨嘛，找几颗装满shift，让他们拦截。然后就会出现翔云了[滑稽],2025-06-18 05:44:00,0,2
BV1ahNvzmEoz,2025-06-17 10:00:00,-1388698991,-1387433375,377906976,小聋瞎Zz,6,回复 @没时间解释了块上车 :伤害性不大侮辱性极强[doge],2025-06-18 06:01:00,0,0
BV1ahNvzmEoz,2025-06-17 10:00:00,-1388698991,-1387083999,486325388,好乌鸦坐飞机,57,回复 @没时间解释了块上车 :那为什么不换成浓缩铀呢？[doge],2025-06-18 06:06:00,0,1
BV1ahNvzmEoz,2025-06-17 10:00:00,-1388698991,-327431728,172404305,小鱼415,82,回复 @没时间解释了块上车 :其实完全没必要，导弹贵在技术成本又不是只是装药量和内容物，真按你说的来，其实不如用差不多的成本直接多打一发过去，赌对面拦截不到不是更好吗,2025-06-18 06:15:00,0,0
