﻿视频BV号,视频发布日期,上级评论ID,评论ID,用户ID,用户名,用户粉丝数,评论内容,评论时间,回复数,点赞数
BV1aaMvzoEDN,2025-06-16 03:34:00,0,-515434560,487532822,川流21,72,不打重要设施么，还是不敢打？,2025-06-16 06:50:00,6,3
BV1aaMvzoEDN,2025-06-16 03:34:00,-515434560,-500165904,3546758497962419,起个昵称咋就这么难吗,0,1不敢打2找不到3打不着，所以乱打一气！,2025-06-16 10:15:00,0,3
BV1aaMvzoEDN,2025-06-16 03:34:00,-515434560,-1509897167,16543777,霉日不得haosi,36,打了,2025-06-16 22:50:00,0,1
BV1aaMvzoEDN,2025-06-16 03:34:00,-1509897167,-451552928,487532822,川流21,72,回复 @霉日不得haosi :没通报以色列官员死啊,2025-06-16 23:37:00,0,0
BV1aaMvzoEDN,2025-06-16 03:34:00,-451552928,-1506914415,138977661,天才美少女贝拉,38,回复 @川流21 :没摇到号,2025-06-17 00:12:00,0,2
BV1aaMvzoEDN,2025-06-16 03:34:00,-451552928,-1489342015,13874689,游客大德玛,2,回复 @川流21 :以色列一开战就实施信息管制了。。。应该是减小被打的士气损失。俗称 摇号,2025-06-17 04:31:00,0,2
BV1aaMvzoEDN,2025-06-16 03:34:00,-451552928,-413296112,362371540,AAAan丶,9,回复 @川流21 :信息管制，idf还不知道有多少在摇号的呢,2025-06-17 08:33:00,0,0
