﻿视频BV号,视频发布日期,上级评论ID,评论ID,用户ID,用户名,用户粉丝数,评论内容,评论时间,回复数,点赞数
BV1aANRzqE5d,2025-06-22 10:19:00,0,99684864,432877000,将就将就我,1659,俄乌赶紧和谈吧，然后俄罗斯当推手，把这3年的火发回去[吃瓜],2025-06-22 12:05:00,10,7
BV1aANRzqE5d,2025-06-22 10:19:00,99684864,-964322927,398313577,流星与你皆过客,1,哈哈哈，感觉可以[doge_金箍],2025-06-22 12:38:00,0,0
BV1aANRzqE5d,2025-06-22 10:19:00,99684864,-940867599,39057186,,15,肯定趁机暴揍小泽啊,2025-06-22 16:48:00,0,0
BV1aANRzqE5d,2025-06-22 10:19:00,99684864,-938549599,3546621325347070,演唱会门票把把中,0,打到这一步，双方眼睛都红了，和谈难度不是一般大[笑哭],2025-06-22 17:27:00,0,1
BV1aANRzqE5d,2025-06-22 10:19:00,-938549599,-932183935,264234470,草结衔环,96,回复 @演唱会门票把把中 :但是伊朗国内有大量的亲美派看政府怎么处理吧还是要看伊朗政府狠不狠,2025-06-22 21:23:00,0,0
BV1aANRzqE5d,2025-06-22 10:19:00,99684864,134339936,351281235,JR彼得潘,3,大狗熊趁机一波推平小泽，然后调转头对付鹰酱去,2025-06-22 19:47:00,0,3
BV1aANRzqE5d,2025-06-22 10:19:00,99684864,145988288,417578138,菍菍的菍,9,中东战争受伤最大的可能是小泽了。现在钱也没了，武器也没人支援了。连关注度都没有。,2025-06-23 01:50:00,0,3
BV1aANRzqE5d,2025-06-22 10:19:00,99684864,148022000,2023621529,至圣先师孔丘仲尼,32,无人在意的角落，俄罗斯已经对乌克兰全境轰炸数日了,2025-06-23 02:22:00,0,3
BV1aANRzqE5d,2025-06-22 10:19:00,99684864,-902484127,38651081,西国の正版寒澈,81,和谈？小泽已经被炸麻了,2025-06-23 05:56:00,0,1
BV1aANRzqE5d,2025-06-22 10:19:00,99684864,-896004559,328122051,能白嫖决不投B,39,欧州那边还有口奶就不会谈,2025-06-23 07:31:00,0,1
BV1aANRzqE5d,2025-06-22 10:19:00,99684864,228555792,8845104,冷月灬星魂,7,小泽已经是死局了，跟俄和谈北约断供还要还债他跟亡国没什么两样，和谈了俄也不是慈善家能帮他重建家园，没有外部矛盾民众怒火都指向他指不定哪天上街就脑洞大开了[doge],2025-06-23 18:26:00,0,0
