﻿视频BV号,视频发布日期,上级评论ID,评论ID,用户ID,用户名,用户粉丝数,评论内容,评论时间,回复数,点赞数
BV1AfKwzVEga,2025-06-20 09:48:00,0,-42484288,250194434,嘴角下扬的微笑,178,[妙啊]伊朗终于发现自己很强了,2025-06-21 05:25:00,8,30
BV1AfKwzVEga,2025-06-20 09:48:00,-42484288,-1089875935,351717956,爱吃西瓜的小竹鼠,391,主要是发现以色列是纸老虎。,2025-06-21 08:57:00,0,5
BV1AfKwzVEga,2025-06-20 09:48:00,-42484288,-1086834735,43875759,看爸爸的蜜汁微笑,21,去年打的话那时候就太完美了，天时地利人和！现在打还是晚了点儿,2025-06-21 09:31:00,0,5
BV1AfKwzVEga,2025-06-20 09:48:00,-1086834735,-21377808,250194434,嘴角下扬的微笑,178,回复 @看爸爸的蜜汁微笑 :去年肯定不行吧，[妙啊]现在主要是我们铁路通车了,2025-06-21 09:34:00,0,1
BV1AfKwzVEga,2025-06-20 09:48:00,-1086834735,-1082746319,286791987,你妹啊昵称已存在,17,回复 @看爸爸的蜜汁微笑 :去年打不可能的某国撮合了沙伊和解哈为了生存发动军事行动朗甚至都不知情当时朗打算慢慢的卖掉小弟换取利益[doge],2025-06-21 10:15:00,0,1
BV1AfKwzVEga,2025-06-20 09:48:00,-1086834735,-8581168,275268634,天灬兰若丿,28,回复 @看爸爸的蜜汁微笑 :已经错过最佳时机了，周围小弟都被打趴了，只能自己单干了[尴尬],2025-06-21 11:43:00,0,0
BV1AfKwzVEga,2025-06-20 09:48:00,-42484288,-1084208415,244197557,Light与Faith,18,只是内部不统一，亲西方还不被接纳,2025-06-21 10:00:00,0,0
BV1AfKwzVEga,2025-06-20 09:48:00,-42484288,-1082985663,286791987,你妹啊昵称已存在,17,实际上川一直找人跟朗接触但开出条件太苛刻发射导弹为了让大家回到,2025-06-21 10:13:00,0,0
BV1AfKwzVEga,2025-06-20 09:48:00,-1082985663,-1082900319,286791987,你妹啊昵称已存在,17,回复 @你妹啊昵称已存在 :谈判桌上,2025-06-21 10:13:00,0,0
