﻿视频BV号,视频发布日期,上级评论ID,评论ID,用户ID,用户名,用户粉丝数,评论内容,评论时间,回复数,点赞数
BV1ANKTzRESn,2025-06-20 16:32:00,0,-67846512,262370502,美国环球航空,34,可惜叙利亚丢了，给以色列的飞机放太近了，不然伊朗屯了那么多年的大量古董液态弹道导弹就可以清库存了[酷洛米 塔罗占卜师_喝茶],2025-06-21 00:28:00,6,22
BV1ANKTzRESn,2025-06-20 16:32:00,-67846512,-67446784,240122202,稚言巧语,2,丢了可以再拿回来啊，背后黑手搞废还怕那些,2025-06-21 00:35:00,0,1
BV1ANKTzRESn,2025-06-20 16:32:00,-67446784,-1124237359,45313562,哼嗯嗯啊啊啊啊啊啊啊,7,回复 @稚言巧语 :拿回来那么简单吗,2025-06-21 02:20:00,0,0
BV1ANKTzRESn,2025-06-20 16:32:00,-67846512,-1120471887,49536787,盾牌龟,8,叙利亚不丢，伊朗也下不了决心。,2025-06-21 03:06:00,0,3
BV1ANKTzRESn,2025-06-20 16:32:00,-1120471887,-41836736,483461237,苗人缝大战陆小缝,31,回复 @盾牌龟 :说的是，其实伊朗一直以来缺的都不是战斗能力，而是下决心的能力，这个真的太难下决心了，尤其国内势力不能拧成一股绳的时候，这会终于下决心了，刚刚伊朗又地震了，5.5级，怎么会这么巧地震？说不定已经地下核试爆成功了,2025-06-21 05:32:00,0,3
BV1ANKTzRESn,2025-06-20 16:32:00,-41836736,-1099816143,49536787,盾牌龟,8,"回复 @苗人缝大战陆小缝 :伊朗现在是真没退路了，他国内各派虽然矛盾重重，但大多数派系都还是伊朗派而非卖国派。
在爱国主义这个前提下，或许真能完成一定程度的统合。",2025-06-21 06:54:00,0,3
BV1ANKTzRESn,2025-06-20 16:32:00,-41836736,-1089136831,99888178,花丶木,23,回复 @苗人缝大战陆小缝 : 昨天看我们上世纪对越反击战前的外交策略，现在看都惊险万分。,2025-06-21 09:05:00,0,0
