﻿视频BV号,视频发布日期,上级评论ID,评论ID,用户ID,用户名,用户粉丝数,评论内容,评论时间,回复数,点赞数
BV1aANRzqE5d,2025-06-22 10:19:00,0,-942485935,82534267,咕B路,26,怎么感觉川普看着是帮以色列，但感觉是想等着以伊俩败俱伤[doge],2025-06-22 16:25:00,7,6
BV1aANRzqE5d,2025-06-22 10:19:00,-942485935,126075104,6041011,鱼怼怼,24,难说，美国这么大个国家利益方多的是，川子的打也不见得就那么心甘情愿，只是说打都打了，风头还是得出,2025-06-22 16:37:00,0,3
BV1aANRzqE5d,2025-06-22 10:19:00,126075104,-921596223,256466160,萌妹没长腿,60,回复 @鱼怼怼 :川都说以色列操控他笑死我了[笑哭],2025-06-23 02:04:00,0,0
BV1aANRzqE5d,2025-06-22 10:19:00,-942485935,-933616527,3546922759490353,快来mg,0,川普是真不想下场，但是不下场又维护不了军事霸权，一开始就是以色列逼着美国下场的，可下场又要支出巨额财政，要知道现在美国欠着36万亿债务，现在连利息都已经还不上了，再花钱打仗那不是加剧内部财政爆炸，美国财政要是稍微好一点绝对已经动手了,2025-06-22 19:46:00,0,6
BV1aANRzqE5d,2025-06-22 10:19:00,-933616527,-921536719,23063359,Tx无语问苍天,13,回复 @快来mg :按川普商人思维是拒绝打仗的，但在美国犹太人掌握着国家7成的经济，在政商界更具有话语权，再说句难听的，美国总统就是犹太人推上去的，不打仗，军工复合体运转不过来，犹太人没钱赚，那你这个总统八九会下台。,2025-06-23 02:05:00,0,0
BV1aANRzqE5d,2025-06-22 10:19:00,-921536719,-918586207,2107333785,真的老鱼,13,回复 @Tx无语问苍天 : 川普的右耳就算还疼，当总统后也不敢追究了,2025-06-23 02:48:00,0,0
BV1aANRzqE5d,2025-06-22 10:19:00,-942485935,-928460735,14112897,都说了叫我斌哥,18,是的[doge]有种伊朗都不想炸了，美国跳出来给了他一巴掌，不许停给我继续炸的感觉,2025-06-22 23:56:00,0,0
BV1aANRzqE5d,2025-06-22 10:19:00,-942485935,149560768,18788447,路旁的沐秋,69,因为美国不能代表美国[笑哭],2025-06-23 02:44:00,0,0
