﻿视频BV号,视频发布日期,上级评论ID,评论ID,用户ID,用户名,用户粉丝数,评论内容,评论时间,回复数,点赞数
BV1aLNBzsE9c,2025-06-17 11:16:00,0,-394041232,1408979741,年轮好个秋,15,伊朗没有侦察卫星，靠落点校准。,2025-06-17 12:05:00,49,7
BV1aLNBzsE9c,2025-06-17 11:16:00,-394041232,-1449711439,109768670,布头老虎,12,没有卫星，可以买卫星图,2025-06-17 12:34:00,0,3
BV1aLNBzsE9c,2025-06-17 11:16:00,-1449711439,-390889776,1408979741,年轮好个秋,15,回复 @布头老虎 : 卖给他，他有能力守住秘密吗？一但暴露，卖情报的人就和以色列撕破脸了。,2025-06-17 12:39:00,0,4
BV1aLNBzsE9c,2025-06-17 11:16:00,-390889776,-1447158879,41459,萃梦想,13,回复 @年轮好个秋 :想帮他都怕被他卖,2025-06-17 13:01:00,0,0
BV1aLNBzsE9c,2025-06-17 11:16:00,-1447158879,-388106800,1408979741,年轮好个秋,15,回复 @萃梦想 : 伊朗真心放弃生产核武器，各国才会帮他。他有蘑菇弹的话，真不敢想象会怎么样。,2025-06-17 13:07:00,0,0
BV1aLNBzsE9c,2025-06-17 11:16:00,-388106800,-1442588191,41459,萃梦想,13,回复 @年轮好个秋 :伊朗不能生产核武器对我们来说也是件好事，但是有核武器又怎么样，伊朗统治阶层又不是疯子，怎么可能会随意使用。甚至更疯狂一些的以色列人也没乱用核武。,2025-06-17 13:50:00,0,3
BV1aLNBzsE9c,2025-06-17 11:16:00,-1442588191,-379302976,1408979741,年轮好个秋,15,回复 @萃梦想 :问题不只是伊朗，沙特还盯着，只要头一开，还有土耳其、日本、越南、韩国。说不定还有波兰这些东欧国家。那就到处都是火药桶了。,2025-06-17 14:36:00,0,0
BV1aLNBzsE9c,2025-06-17 11:16:00,-388106800,-1439421279,396789380,一默哀愁,45,回复 @年轮好个秋 :放弃生产核武器就真被慢慢瓦解了[吃瓜]你猜为什么他不愿意放弃核武,2025-06-17 14:23:00,0,6
BV1aLNBzsE9c,2025-06-17 11:16:00,-1439421279,-379144272,1408979741,年轮好个秋,15,回复 @一默哀愁 : 放弃已有的核武不明智，但问题是他不是还没造出来就被盯上了吗。,2025-06-17 14:38:00,0,0
BV1aLNBzsE9c,2025-06-17 11:16:00,-379144272,-1433931327,396789380,一默哀愁,45,回复 @年轮好个秋 :教员有句话说得好，敌人越反对的，越说明我做的对[吃瓜],2025-06-17 15:18:00,0,2
BV1aLNBzsE9c,2025-06-17 11:16:00,-1433931327,-371374000,1408979741,年轮好个秋,15,回复 @一默哀愁 :我外交部长3月份说过：伊朗应该遵守不发展核武器的承诺，同时尊重伊朗和平利用核能的权利（这和对日本是一样的）。同时强调各方应通过谈判和平达成协议，反对通过武力解决问题。核不扩散是五常的共识，和平使用核能是一国的内政问题。但如果要整蘑菇弹，就变成了国际问题。现在伊朗把铀浓缩到了80%，远超核电燃料需要量。川普原计划14号和伊朗谈判。以色列不愿意等，怕伊朗过半个月真造出来了，就先下手了。所以现在在伊朗政府并没有垮台风险，又没有明确表示放弃核武计划前，各国虽然谴责以色列，但都没有提供实质的帮助。,2025-06-17 15:59:00,0,1
BV1aLNBzsE9c,2025-06-17 11:16:00,-388106800,-379931712,8206233,胖500斤,7,回复 @年轮好个秋 :早年奥黑要是能发现你这个人才就好了，直接让你去参与伊核谈判就没今天这些事了,2025-06-17 14:30:00,0,3
BV1aLNBzsE9c,2025-06-17 11:16:00,-379931712,-379697856,1408979741,年轮好个秋,15,回复 @胖500斤 : 这谈判是五常的意思，又不是老美一家的意思。,2025-06-17 14:32:00,0,0
BV1aLNBzsE9c,2025-06-17 11:16:00,-388106800,-362720688,497191725,Ronin-王水,7,回复 @年轮好个秋 :伊朗靠毛子的卫星,2025-06-17 18:25:00,0,0
BV1aLNBzsE9c,2025-06-17 11:16:00,-390889776,-1443326271,405725671,月下千醉,7,回复 @年轮好个秋 :以色列有人卖给伊朗了，只能说不愧是对手,2025-06-17 13:42:00,0,2
BV1aLNBzsE9c,2025-06-17 11:16:00,-1443326271,-377381760,1408979741,年轮好个秋,15,回复 @月下千醉 : 以色列的阿拉伯人和反对派肯定不是全和政府一条心的。支持巴勒斯坦，提供情报的肯定大有人在。现在以色列也不准国民离开了，应该也是考虑了这个因素。,2025-06-17 14:55:00,0,0
BV1aLNBzsE9c,2025-06-17 11:16:00,-390889776,-1436420047,109768670,布头老虎,12,回复 @年轮好个秋 :卫星图商业公司就有，美国航母的都卖[吃瓜],2025-06-17 14:52:00,0,1
BV1aLNBzsE9c,2025-06-17 11:16:00,-390889776,-370371488,433549531,喵Q姆Q,27,回复 @年轮好个秋 :这种民用卫星图像甚至不需要走什么秘密渠道[笑哭],2025-06-17 16:11:00,0,0
BV1aLNBzsE9c,2025-06-17 11:16:00,-370371488,-368804544,1408979741,年轮好个秋,15,回复 @喵Q姆Q :B站上、网上都找不到这两天以色列重要设施被攻击后的卫星图。如果你能搞到，应该能挣伊朗不少钱。,2025-06-17 16:33:00,0,0
BV1aLNBzsE9c,2025-06-17 11:16:00,-368804544,-368054864,433549531,喵Q姆Q,27,回复 @年轮好个秋 :可以买民用卫星帮你实施传输，你有那个钱你自己去官网买图，我是没有钱,2025-06-17 16:43:00,0,0
BV1aLNBzsE9c,2025-06-17 11:16:00,-368054864,-366871072,1408979741,年轮好个秋,15,回复 @喵Q姆Q : 都说了，民用卫星也是受国家管的，不是可以随便租，随便拍的。谷歌这种照片不是实时的，搞不懂好久更新一次。而且关键地区（比如我这附近的空军机场）是打码，或者根本没有图。,2025-06-17 17:01:00,0,0
BV1aLNBzsE9c,2025-06-17 11:16:00,-366871072,-366728400,433549531,喵Q姆Q,27,回复 @年轮好个秋 :那我不知道了，可能是伊朗用光明三号军用侦查卫星和自己的两颗遥感卫星进行侦查的,2025-06-17 17:03:00,0,0
BV1aLNBzsE9c,2025-06-17 11:16:00,-366728400,-364915456,1408979741,年轮好个秋,15,回复 @喵Q姆Q :伊朗军用卫星，澎拜新闻出过文章，我就不多说了，有比没有好吧。更重要的是证明伊朗具备了生产洲际导弹的能力。,2025-06-17 17:34:00,0,0
BV1aLNBzsE9c,2025-06-17 11:16:00,-390889776,-1389411183,1578950854,名字有点太长,92,回复 @年轮好个秋 :商业卫星可以租用，因为这是生意，与政治无关，不用怕,2025-06-18 05:33:00,0,0
BV1aLNBzsE9c,2025-06-17 11:16:00,-1389411183,-329229264,1408979741,年轮好个秋,15,回复 @名字有点太长 : 你真逗。真给了就是外交问题了。,2025-06-18 05:46:00,0,0
BV1aLNBzsE9c,2025-06-17 11:16:00,-329229264,-1385976383,1578950854,名字有点太长,92,回复 @年轮好个秋 :思想不要固步自封，商业卫星是要盈利的，不做生意能盈利吗？无论官方还是民间，很多事情不方便自己岀面时，找中间人转几手，完事了啥事没有还合理合规，谁也奈何不了,2025-06-18 06:23:00,0,0
BV1aLNBzsE9c,2025-06-17 11:16:00,-1385976383,-321095280,1408979741,年轮好个秋,15,回复 @名字有点太长 :我们对这问题考虑的方向不一样。你的意思是你不知道是我给的，你就没有办法。我的意思是，没有我允许，谁也不准来拍。申请来拍的，就要按我的规矩，哪些能拍、哪些不能拍。,2025-06-18 07:49:00,0,0
BV1aLNBzsE9c,2025-06-17 11:16:00,-394041232,-1443442303,34983792,只爱蕾丝,40,拿多少钱啊？到处蹦跶，贬低伊朗，鼓吹以色列？,2025-06-17 13:41:00,0,8
BV1aLNBzsE9c,2025-06-17 11:16:00,-394041232,-1436549951,1747907872,高月What,19,打固定目标不用卫星,2025-06-17 14:51:00,0,1
BV1aLNBzsE9c,2025-06-17 11:16:00,-1436549951,-376998528,1408979741,年轮好个秋,15,回复 @高月What : 你是可以一直对那个坐标发射，但有没有打中，打中了多少，是不是还需要补上一两发。都需要空中和地面侦察来完成。,2025-06-17 14:59:00,0,0
BV1aLNBzsE9c,2025-06-17 11:16:00,-376998528,-1430211535,1747907872,高月What,19,回复 @年轮好个秋 :60年代没有卫星古巴导弹危机美国怕什么？,2025-06-17 15:59:00,0,0
BV1aLNBzsE9c,2025-06-17 11:16:00,-1430211535,-370922896,1408979741,年轮好个秋,15,回复 @高月What :那个中程导弹是苏联的，不是古巴的。,2025-06-17 16:04:00,0,0
BV1aLNBzsE9c,2025-06-17 11:16:00,-370922896,-1422485663,1747907872,高月What,19,回复 @年轮好个秋 :60年代苏联有卫星吗？你给的？,2025-06-17 18:11:00,0,0
BV1aLNBzsE9c,2025-06-17 11:16:00,-1422485663,-363123648,1408979741,年轮好个秋,15,回复 @高月What :你是真的还是装的？苏联有蘑菇弹的。那玩意儿是奔着精确定位打击去的吗？当时北约计划在土耳其整中导，苏联还不是不同意。这里讨论的是伊朗导弹，百斤公斤到一吨多的常规战斗部（为了打得远，可能还要少装里炸药），这能比吗？,2025-06-17 18:17:00,0,0
BV1aLNBzsE9c,2025-06-17 11:16:00,-363123648,-362874256,497191725,Ronin-王水,7,回复 @年轮好个秋 :真以为中俄介意伊朗搞吗,2025-06-17 18:26:00,0,0
BV1aLNBzsE9c,2025-06-17 11:16:00,-362874256,-362190288,1408979741,年轮好个秋,15,回复 @Ronin-王水 :你动动脑子想一下。只要伊朗政权不垮台（就是没有地面攻势），大概率不会有实质支援。伊朗去核武也是中、俄的意思。现在火候不到，中俄不会现在就给以色列撕破脸。派卫星去别人家上空几百公里拍照，是很容易被别人发现的，给你打下来，上哪里说苦？另外，怀疑大毛自己的卫星都不够用。这样拖着也可以帮大毛分担压力。,2025-06-17 18:41:00,0,0
BV1aLNBzsE9c,2025-06-17 11:16:00,-362190288,-361616480,20875846,425号杀手,22940,回复 @年轮好个秋 : 巴基斯坦封锁边境，与伊朗交界处车队活动异常。猜猜是在干嘛。,2025-06-17 19:03:00,0,0
BV1aLNBzsE9c,2025-06-17 11:16:00,-361616480,-360944096,1408979741,年轮好个秋,15,回复 @425号杀手 :巴基斯坦刚派高官去给川普阅兵捧场，转脸就得罪以色列。巴看好边境，防止俾路支民兵去伊朗搞事情要紧。,2025-06-17 19:29:00,0,0
BV1aLNBzsE9c,2025-06-17 11:16:00,-360944096,-360907712,20875846,425号杀手,22940,回复 @年轮好个秋 : 我的评价是接着看吧，别脑测了。过几天再看。,2025-06-17 19:32:00,0,0
BV1aLNBzsE9c,2025-06-17 11:16:00,-360907712,-360874624,1408979741,年轮好个秋,15,回复 @425号杀手 :伊朗政权不能倒，但伊朗核武不能有。这就是各方的底线。一定要抓住这个关键。,2025-06-17 19:37:00,0,0
BV1aLNBzsE9c,2025-06-17 11:16:00,-360874624,-360421712,20875846,425号杀手,22940,回复 @年轮好个秋 :伊以/美的全面战争已经开始了，已经不是什么慢吞吞谈的时候了。,2025-06-17 19:53:00,0,1
BV1aLNBzsE9c,2025-06-17 11:16:00,-394041232,-360536448,20875846,425号杀手,22940,现在根本不是这个问题，而是美国即将下场，如何让伊朗不垮才是第一问题，不然根本不用谈什么有核没核了。,2025-06-17 19:51:00,0,1
BV1aLNBzsE9c,2025-06-17 11:16:00,-360536448,-360284368,1408979741,年轮好个秋,15,回复 @425号杀手 :各国（含美国）专家都评论：光靠航母飞机打不垮伊朗。需要至少十万的地面部队。,2025-06-17 20:00:00,0,0
BV1aLNBzsE9c,2025-06-17 11:16:00,-360536448,-354097904,946728,刘熊猫吃傲娇的小肉包,30,回复 @425号杀手 :美国下场？怕不是和上次一样，狼来了！！可惜上次泄密了，这次没有[滑稽],2025-06-18 00:16:00,0,1
BV1aLNBzsE9c,2025-06-17 11:16:00,-394041232,-360286784,1408979741,年轮好个秋,15,各国（含美国）专家都评论：光靠航母飞机打不垮伊朗。需要至少十万的地面部队。,2025-06-17 20:00:00,0,0
BV1aLNBzsE9c,2025-06-17 11:16:00,-394041232,-1412557663,396789380,一默哀愁,45,可是同样一个地区以色列可以拥有核武已经造成了战略不平衡，而且以色列不断暗杀伊朗高层，人家感到威胁了才会发展核武。你从哪听说的没有垮台风险,2025-06-18 00:34:00,0,0
BV1aLNBzsE9c,2025-06-17 11:16:00,-1412557663,-347674464,1408979741,年轮好个秋,15,回复 @一默哀愁 :历史上没有只靠空袭就打垮政权的先例。,2025-06-18 02:05:00,0,1
BV1aLNBzsE9c,2025-06-17 11:16:00,-394041232,-296095216,10813,上白泽慧音音,136,[doge]怎么没有啊，别人在联合国哭诉说东大提供了卫星支援呢。你说打的不准它们有必要在安理会上哭吗？,2025-06-18 12:36:00,0,0
BV1aLNBzsE9c,2025-06-17 11:16:00,-296095216,-258493232,1408979741,年轮好个秋,15,回复 @上白泽慧音音 : 是有些材料上说个别伊朗导弹是兼容北斗导航，不过没有确实证据。,2025-06-19 00:57:00,0,0
BV1aLNBzsE9c,2025-06-17 11:16:00,-394041232,-1311702671,1292222250,冈巴拉,54,80年前的德国就可以用惯性制导，误差几百米。你不会认为惯性制导很差吧？你不会认为80年没有进步吧。,2025-06-19 02:31:00,0,0
