﻿视频BV号,视频发布日期,上级评论ID,评论ID,用户ID,用户名,用户粉丝数,评论内容,评论时间,回复数,点赞数
BV1A9MvzkE7u,2025-06-16 02:53:00,0,-1587404703,3546641715956092,bili_20888613784,11,不是说一般不攻击平民区吗[吃瓜],2025-06-16 03:11:00,15,1
BV1A9MvzkE7u,2025-06-16 02:53:00,-1587404703,-532180864,22875843,御坂美琴18573号,123,以色列不是全民皆兵吗  这那里是居民区 明明是营房[doge],2025-06-16 03:20:00,0,37
BV1A9MvzkE7u,2025-06-16 02:53:00,-532180864,-1586629055,177380279,大红狗旺旺旺,21,回复 @御坂美琴18573号 :没毛病,2025-06-16 03:24:00,0,5
BV1A9MvzkE7u,2025-06-16 02:53:00,-532180864,-1586625599,3546641715956092,bili_20888613784,11,回复 @御坂美琴18573号 :不好意思，我对军事一窍不通，,2025-06-16 03:24:00,0,0
BV1A9MvzkE7u,2025-06-16 02:53:00,-1586625599,-516891760,22875843,御坂美琴18573号,123,回复 @bili_20888613784 :没有 这句话主要是反讽  实际上全民皆兵的国家不少  只要不拿起武器或者没有服现役 都不算兵  主要是嘲讽以色列疯狂偷袭轰炸其他国家（包括巴勒斯坦/加沙）的平民区 医院 学校 然后就对外宣称它们轰炸的是恐怖组织/哈马斯/珍珠党等等而实际死的都是平民  以色列这种它轰炸别人平民就是说对方是恐怖分子（实际是平民）  自己被轰炸  就说是轰炸的居民区这种双标行为,2025-06-16 06:27:00,0,1
BV1A9MvzkE7u,2025-06-16 02:53:00,-532180864,-528604080,300423120,要减肥的小橘叶,26,回复 @御坂美琴18573号 :没毛病,2025-06-16 04:05:00,0,0
BV1A9MvzkE7u,2025-06-16 02:53:00,-1587404703,-1586144255,1496356679,BBQ波仔,4,全民皆兵，不存在平民,2025-06-16 03:31:00,0,16
BV1A9MvzkE7u,2025-06-16 02:53:00,-1587404703,-530925248,1833235,群星总督stellaris,89,以色列自己说的他们全民皆兵，所以以色列没有平民[doge],2025-06-16 03:36:00,0,12
BV1A9MvzkE7u,2025-06-16 02:53:00,-1587404703,-530712192,2076641,俾斯麦猫,88,你跟绿色星球的人说不伤平民？[doge],2025-06-16 03:40:00,0,1
BV1A9MvzkE7u,2025-06-16 02:53:00,-1587404703,-530500432,3546615065349049,熊二飞弹打蛙蛙,7,都打仗了，还跟你小白菜一样好收拾[笑哭],2025-06-16 03:42:00,0,2
BV1A9MvzkE7u,2025-06-16 02:53:00,-530500432,-1583883759,3546641715956092,bili_20888613784,11,回复 @熊二飞弹打蛙蛙 :是呀，遇到战争我第一时间投降[doge][呲牙],2025-06-16 03:59:00,0,0
BV1A9MvzkE7u,2025-06-16 02:53:00,-1587404703,-1579533551,440144972,刁光斗的美丽传说,11,以彼之道还施彼身,2025-06-16 04:48:00,0,2
BV1A9MvzkE7u,2025-06-16 02:53:00,-1587404703,-523101728,413778043,随意啦啦啦586,1,以色列国防部:为啥我身边长居民小区？[doge],2025-06-16 05:03:00,0,2
BV1A9MvzkE7u,2025-06-16 02:53:00,-1587404703,-522462352,697358739,玄鸟生商_,11,哪有平民啊？[笑哭],2025-06-16 05:11:00,0,3
BV1A9MvzkE7u,2025-06-16 02:53:00,-1587404703,-1262199039,431632565,盎迦王,13,因为以色列的军事目标经常放居民区，甚至把医院底下放军事目标,2025-06-19 12:53:00,0,0
BV1A9MvzkE7u,2025-06-16 02:53:00,-1587404703,-1061678223,690715588,79761165,37,不是说以色列没有死亡报告吗[吃瓜],2025-06-21 13:47:00,0,1
