﻿视频BV号,视频发布日期,上级评论ID,评论ID,用户ID,用户名,用户粉丝数,评论内容,评论时间,回复数,点赞数
BV1aaMvzoEDN,2025-06-16 03:34:00,0,-1579783279,352715178,木有六蚊鸡,500,伊朗这个导弹，......[doge],2025-06-16 04:45:00,13,79
BV1aaMvzoEDN,2025-06-16 03:34:00,-1579783279,-1579448831,484452279,名侦探Mark,60,劲儿太小是吧，懂你。,2025-06-16 04:48:00,0,56
BV1aaMvzoEDN,2025-06-16 03:34:00,-1579783279,-1577233135,38137757,云绕无涯,32,准头差，数量少，威力小。,2025-06-16 05:12:00,0,51
BV1aaMvzoEDN,2025-06-16 03:34:00,-1577233135,-1574540863,22490769,古天苍雷,49,"回复 @云绕无涯 :准头差就应该火力覆盖，
数量少就应该大力飞砖，
威力小就应该精准打击。
伊朗还需加油[doge]",2025-06-16 05:49:00,0,32
BV1aaMvzoEDN,2025-06-16 03:34:00,-1574540863,-1536963375,401767150,红色中国心,28,回复 @古天苍雷 :你这几条除了上三常，还真没几个做得到。,2025-06-16 13:37:00,0,0
BV1aaMvzoEDN,2025-06-16 03:34:00,-1577233135,-466526320,629812712,预言又不止,3,回复 @云绕无涯 :没办法啊。没用北斗精度不够。远程打击装药不多。太过昂贵无法量产。,2025-06-16 16:05:00,0,0
BV1aaMvzoEDN,2025-06-16 03:34:00,-1579783279,-505792560,1222088628,MlGGer,28,三角篓子,2025-06-16 09:09:00,0,3
BV1aaMvzoEDN,2025-06-16 03:34:00,-1579783279,-1549805407,122684389,快该昵称要被发现了惹,114,干嘛，不然升旗又要被你嘲笑，你讨厌,2025-06-16 11:19:00,0,0
BV1aaMvzoEDN,2025-06-16 03:34:00,-1549805407,-1549254303,352715178,木有六蚊鸡,500,回复 @快该昵称要被发现了惹 :我可没嘲笑啊[藏狐],2025-06-16 11:27:00,0,1
BV1aaMvzoEDN,2025-06-16 03:34:00,-1579783279,-493260368,39759222,我擦别打脸,986,能看出来他们是用高超音速导弹混插的，打击重要目标可能用高超音速导弹，其余用的普通导弹，估计是减少平民损失。要是真这么来的话还是有点太善良了，毕竟以色列全民皆兵[doge],2025-06-16 11:28:00,0,3
BV1aaMvzoEDN,2025-06-16 03:34:00,-1579783279,-492005744,442637002,砼道人,4,和老中肯定比不了啦,2025-06-16 11:41:00,0,0
BV1aaMvzoEDN,2025-06-16 03:34:00,-1579783279,-489686032,489905038,里森堡射击联合会,25,伊朗的大规模导弹反击还要等俄罗斯的格洛纳斯卫星到位和被打击的导弹部队从炸塌的洞库里挖出来和其它未受打击的部队调动，不然导弹的数量和精度都不会高,2025-06-16 12:06:00,0,0
BV1aaMvzoEDN,2025-06-16 03:34:00,-1579783279,-1541164975,2300973,houmura,30,"即使打中的少
天天发射生产生活也严重影响",2025-06-16 12:53:00,0,0
BV1aaMvzoEDN,2025-06-16 03:34:00,-1579783279,-1516253055,350992491,最爱的鸭鸭,23,只能说伊朗还得练呐,2025-06-16 17:56:00,0,0
