﻿视频BV号,视频发布日期,上级评论ID,评论ID,用户ID,用户名,用户粉丝数,评论内容,评论时间,回复数,点赞数
BV1a7MSzYE8h,2025-06-14 14:49:00,0,-1708640495,779788,米妮瓦?扎比,65,看了半天，那一大片地区，胡赛是最支棱的。,2025-06-14 17:22:00,25,616
BV1a7MSzYE8h,2025-06-14 14:49:00,-1708640495,-1707202751,346680373,不假的阿贾,9,胡赛是真打啊,2025-06-14 17:49:00,0,71
BV1a7MSzYE8h,2025-06-14 14:49:00,-1708640495,-1698562799,243818785,甘之如饴wx,12,胡赛组织建设好，很少有内奸,2025-06-14 23:20:00,0,42
BV1a7MSzYE8h,2025-06-14 14:49:00,-1698562799,-1684818287,647234191,三大坑货,7,回复 @甘之如饴wx :压根就不是内奸的问题，就是内部平衡的问题，搞制衡就会为了打击对手不择手段，一家独大就无法制衡，就会为了平衡而平衡,2025-06-15 03:00:00,0,2
BV1a7MSzYE8h,2025-06-14 14:49:00,-1708640495,-1698556575,36415481,霜风不过,4,中东这一片这两年看下来，只有胡赛是真牛逼，和美英打的有来有回，还能继续炸以色列，到现在还没有高官被偷袭炸死。,2025-06-14 23:21:00,0,63
BV1a7MSzYE8h,2025-06-14 14:49:00,-1708640495,-1697956191,312301678,有缘再见-龙,11,中东之虎，给你开玩笑[doge_金箍],2025-06-14 23:37:00,0,18
BV1a7MSzYE8h,2025-06-14 14:49:00,-1708640495,-1697855295,46999259,剑泯八荒,637,打的还是美国航母，还打得航母都要跑路了,2025-06-14 23:42:00,0,14
BV1a7MSzYE8h,2025-06-14 14:49:00,-1708640495,-1697576479,20384077,毛琪琪的逆袭,1,胡赛穿的拖鞋很多人甚至没有鞋，伊朗虽然现在鞋子破旧不堪，但还是皮鞋，伊朗一直幻想着换上油光锃亮新皮鞋的生活，这两波人没有可比性。,2025-06-14 23:51:00,0,52
BV1a7MSzYE8h,2025-06-14 14:49:00,-1708640495,-645931328,38896331,高贵的羽中,58,胡赛拿的是红军剧本，算是把马列毛本地化了。对宗教的解释也是颠覆性的，所以伊朗也在防着他。,2025-06-14 23:55:00,0,29
BV1a7MSzYE8h,2025-06-14 14:49:00,-1708640495,-1696044575,614043554,小熊哈尔,129,举国上下嚼叶子，有今天没明天的，真不怕死的。但是有啥用呢，等郎子被拿下，拖鞋也就没几天儿了。,2025-06-15 00:20:00,0,3
BV1a7MSzYE8h,2025-06-14 14:49:00,-1696044575,-641610000,20766023,真情实感封不觉,7,回复 @小熊哈尔 :胡赛又不靠伊朗，靠的是沙大哥,2025-06-15 01:12:00,0,8
BV1a7MSzYE8h,2025-06-14 14:49:00,-641610000,-640724544,395964737,肥被,48,回复 @真情实感封不觉 :沙特？沙特的海合会干涉军打胡赛才是最狠的,2025-06-15 01:25:00,0,1
BV1a7MSzYE8h,2025-06-14 14:49:00,-641610000,-624215984,23548423,鬼脸阿白,33,回复 @真情实感封不觉 :沙特贵族老爷兵对付不了胡塞，但是以色列打残了哈马斯，打废了真主党，打跑了巴沙尔，再决了伊朗的问题腾出手来，胡塞怕是难坚持多久,2025-06-15 04:30:00,0,1
BV1a7MSzYE8h,2025-06-14 14:49:00,-1696044575,-637933904,208912401,半宅中的二刺猿,25,回复 @小熊哈尔 : 到现在你还觉得胡赛的大哥是伊朗吗[滑稽],2025-06-15 02:03:00,0,2
BV1a7MSzYE8h,2025-06-14 14:49:00,-1696044575,-1688723007,1386498779,枫叶海棠7023,0,回复 @小熊哈尔 :恰恰相反，其他势力还有跪的机会，胡赛不存在这个机会，他们没有资源。只有打才有势力愿意投资他们，他们四千万人口只有二百亿的GDP，胡赛能收到的税收就更少了，随便投点资源就能大幅提升自己的利益。胡赛这种是不怕打仗的，就怕一潭死水一样的和平，现在他们已经拿到了欧美默许的红海收税权，这一个就比之前在国内的税收多了。,2025-06-15 02:14:00,0,5
BV1a7MSzYE8h,2025-06-14 14:49:00,-1708640495,-644511152,15006911,柯南哥哥,17,胡赛足够穷，所以革命性最高,2025-06-15 00:23:00,0,9
BV1a7MSzYE8h,2025-06-14 14:49:00,-644511152,-1688606367,131681653,B站真是憨憨,19,回复 @柯南哥哥 :想多人，穷和革命没有必然关系。想革命，人必须强,2025-06-15 02:13:00,0,2
BV1a7MSzYE8h,2025-06-14 14:49:00,-1708640495,-641445424,18308536,波比熬夜,17,哈马斯也不错，可惜被伊朗坑了，领导人在伊朗被炸死，伊朗就简单抗一下，被别人看漏了,2025-06-15 01:14:00,0,8
BV1a7MSzYE8h,2025-06-14 14:49:00,-1708640495,-1689991951,431448564,73548639964_bili,5,最支棱的是以色列，胡塞要真打坏航母那算他们最厉害，但是打偏了，以色列斩首可没打偏。,2025-06-15 01:58:00,0,0
BV1a7MSzYE8h,2025-06-14 14:49:00,-1708640495,-1686767743,103104665,该昵称已存在43,4,胡塞发言人到现在都没死,2025-06-15 02:36:00,0,4
BV1a7MSzYE8h,2025-06-14 14:49:00,-1708640495,-634117552,345950423,橙心_橙意,43,胡赛建设好，而且他敢真打美军航母，美军航母都打跑了一两艘了，应该是想不到怎么反击胡赛的办法,2025-06-15 02:47:00,0,2
BV1a7MSzYE8h,2025-06-14 14:49:00,-1708640495,-632913664,25431918,绯豚,6,胡赛是当地带宗教特色的社会主义组织度的组织,2025-06-15 03:01:00,0,2
BV1a7MSzYE8h,2025-06-14 14:49:00,-1708640495,-632360160,38659100,McRuck,66,很像靖康之变前的西路军。将在外君命有所不受，没了枢密院搞出来的“君命”，所以没干扰到正常作战，反而是有战斗力的。,2025-06-15 03:06:00,0,2
BV1a7MSzYE8h,2025-06-14 14:49:00,-1708640495,-1684180815,1565663,生为静止,33,胡赛去中心化，而且走的和伊朗没那么近才得以留存,2025-06-15 03:07:00,0,1
BV1a7MSzYE8h,2025-06-14 14:49:00,-1708640495,-549931424,22100204,叫我今朝吧,7,光脚不怕穿鞋的,2025-06-15 19:17:00,0,0
BV1a7MSzYE8h,2025-06-14 14:49:00,-1708640495,729715792,615818212,美团小黄鸭,362,怎么说呢，应该说别人是战斗力500但只发挥出100，但胡赛是战斗力有100但发挥出99，而且现在极有可能有个战斗力10000的在他后面给他传功。,2025-06-28 19:05:00,0,0
