﻿视频BV号,视频发布日期,上级评论ID,评论ID,用户ID,用户名,用户粉丝数,评论内容,评论时间,回复数,点赞数
BV1ahNvzmEoz,2025-06-17 10:00:00,0,-1462820399,101645671,铜胎掐丝浴巾,21,真射2000发那就有意思了,2025-06-17 10:16:00,12,13
BV1ahNvzmEoz,2025-06-17 10:00:00,-1462820399,-384437088,2121334,坤靶,67,再不赶紧全部打完都要被以色列慢慢敲掉了,2025-06-17 13:45:00,0,3
BV1ahNvzmEoz,2025-06-17 10:00:00,-384437088,-371095696,11312021,肉松小局长,338,回复 @坤靶 :问题是真打完美军就登陆了，总不能一点不留,2025-06-17 16:03:00,0,1
BV1ahNvzmEoz,2025-06-17 10:00:00,-371095696,-369583936,564690715,平南薛小侯,51,回复 @肉松小局长 :你想的是真多，美军现在还有个屁的胆子登陆，中东这地方现在美想把航母开过去转转都得谋腚而后行。[笑哭],2025-06-17 16:22:00,0,6
BV1ahNvzmEoz,2025-06-17 10:00:00,-371095696,-369085168,131697319,奶茶_不加冰,167,回复 @肉松小局长 :美国下场打仗？美国不赚钱了吗,2025-06-17 16:27:00,0,0
BV1ahNvzmEoz,2025-06-17 10:00:00,-369085168,-368020192,11312021,肉松小局长,338,回复 @奶茶_不加冰 :美国虽然想赚钱，但更想换个听话的政府赚更多钱,2025-06-17 16:44:00,0,0
BV1ahNvzmEoz,2025-06-17 10:00:00,-368020192,-361517168,43945201,曾经我叫孙日天丶,0,回复 @肉松小局长 :这不可能的，登陆作战伊朗那么大的地方，算他美国猛，没个3年打不下来，参考阿富汗，阿富汗的内奸可比伊朗多。然后美国才能在这获得利益，这还是在其他人都不明面介入的情况，但现在美国是急需快钱的，这种大量投资后有收益的不符合美国的利益,2025-06-17 19:07:00,0,5
BV1ahNvzmEoz,2025-06-17 10:00:00,-361517168,-359711072,11312021,肉松小局长,338,回复 @曾经我叫孙日天丶 :确实，这样看来战争未来的发展还是取决于伊朗能不能顶住压力了。,2025-06-17 20:38:00,0,1
BV1ahNvzmEoz,2025-06-17 10:00:00,-359711072,-359670512,43945201,曾经我叫孙日天丶,0,回复 @肉松小局长 :对 他只要不是美国过来什么话不说就投降，就有说法了。美国想谈判就是伊朗赢了,2025-06-17 20:45:00,0,0
BV1ahNvzmEoz,2025-06-17 10:00:00,-368020192,-361214928,2892517,阿比比比比,2,回复 @肉松小局长 :24小时内，老美打不打就知道了，目前内部一定是有巨大分歧，打不打可能影响美元的命运，不打就和谈，和谈就是认输，打了就必须速战，再不决定以色列就要崩了,2025-06-17 19:17:00,0,4
BV1ahNvzmEoz,2025-06-17 10:00:00,-371095696,-361380144,20979732,双子山,134,回复 @肉松小局长 :美国又不会真上头，如果登陆那东大可就高兴了。反手一个收台。,2025-06-17 19:12:00,0,4
BV1ahNvzmEoz,2025-06-17 10:00:00,-371095696,-1420184863,53741697,三个月亮啊_,95,回复 @肉松小局长 :不可能，就美债现在那种程度。他敢啃伊朗这块地，那就等着美债直接炸锅吧。现在的美国经济上根本撑不起大规模战争了。,2025-06-17 19:25:00,0,4
BV1ahNvzmEoz,2025-06-17 10:00:00,-1462820399,-353762896,288435,小四王子,82,打仗那么花钱，特朗普只会嘴炮，真下场打没收益亏本打是不可能的,2025-06-18 00:22:00,0,0
