﻿视频BV号,视频发布日期,上级评论ID,评论ID,用户ID,用户名,用户粉丝数,评论内容,评论时间,回复数,点赞数
BV1ahNvzmEoz,2025-06-17 10:00:00,0,-373186672,355672002,静听世间音,39,很多兄弟说200枚少，实际上以色列真的很小。。他就是那一小块地盘，不过我还真有点期待伊朗说的2000枚[tv_doge]，这可是能给以色列主要战略目标犁一遍地皮的规模了。,2025-06-17 15:40:00,13,47
BV1ahNvzmEoz,2025-06-17 10:00:00,-373186672,-1422761679,3491169,我一定会中奖ccc,17,确实少啊，咱们一次实战演习单一个旅团都配备几百枚，这跟以色列大小又没什么关系，国仇家恨到这个地步，有能耐还会收着？2000估计也是吹牛壮胆,2025-06-17 18:01:00,0,8
BV1ahNvzmEoz,2025-06-17 10:00:00,-1422761679,-1422545567,1495484964,我好穷能不能便宜点,18,回复 @我一定会中奖ccc :感觉还是要考虑到自由派那帮人目前在高层政治占上风，他们也会影响到，摁着主战派。。。,2025-06-17 18:08:00,0,5
BV1ahNvzmEoz,2025-06-17 10:00:00,-1422761679,-361963280,509916505,东呛东东呛,18,回复 @我一定会中奖ccc : 中程弹道你确定我们一个旅就有几百枚？,2025-06-17 18:50:00,0,1
BV1ahNvzmEoz,2025-06-17 10:00:00,-361963280,-1253713407,3493074655250869,尘风间,1,回复 @东呛东东呛 :东大的中程定义恐怕有点区别,2025-06-19 14:27:00,0,0
BV1ahNvzmEoz,2025-06-17 10:00:00,-1422761679,-1419539215,7467953,星丶无视,75,回复 @我一定会中奖ccc :额，建议你去了解下以色列的国土面积和和居住地区，再去了解下伊朗对比以色列有多大，再出来说话,2025-06-17 19:53:00,0,3
BV1ahNvzmEoz,2025-06-17 10:00:00,-1422761679,-358581024,170186103,鬼花藤,3,回复 @我一定会中奖ccc :我们弹道导弹一共就4000余枚  你这就太扯了  一次几百枚火箭弹还差不多。,2025-06-17 21:53:00,0,5
BV1ahNvzmEoz,2025-06-17 10:00:00,-358581024,-1417696799,22944255,君爱蓝莓汁,9,回复 @鬼花藤 :余了多少不好说[doge],2025-06-17 22:01:00,0,1
BV1ahNvzmEoz,2025-06-17 10:00:00,-358581024,-355813616,2205441,妹控燈,36,回复 @鬼花藤 :你说的不会是战略弹道导弹吧,2025-06-17 23:42:00,0,1
BV1ahNvzmEoz,2025-06-17 10:00:00,-1422761679,-352367520,355672002,静听世间音,39,回复 @我一定会中奖ccc :你们看下他面积啊！以色列实控面积才2.5万平方公里，人口不到1000万，屁大点地方啊兄弟们，他真的很小很小。。比海南省那个岛还小很多，海南省3.54平方公里,2025-06-18 00:48:00,0,0
BV1ahNvzmEoz,2025-06-17 10:00:00,-373186672,-361100160,3546767477967725,TheOneTheReal,7,很担心伊朗的导弹制造工厂能不能保住，如果被恶犹炸掉，伊朗的导弹库存能支撑多久？,2025-06-17 19:27:00,0,1
BV1ahNvzmEoz,2025-06-17 10:00:00,-361100160,-356421440,192099908,储物袋回收韩哥,49,回复 @TheOneTheReal :伊朗有不少地下的工厂，糟也不会太糟，主要看伊朗抵抗的决心，只要伊朗有打到底的决心，武器不会缺的，伊朗今天这么被动的原因是因为他们内部都不统一，谁都不敢支援[doge],2025-06-17 23:19:00,0,1
BV1ahNvzmEoz,2025-06-17 10:00:00,-373186672,-1413794703,645738760,上帝-使徒A,9,以色列是藏核的，给伊朗十个胆子也不敢上饱和打击。,2025-06-18 00:07:00,0,0
BV1ahNvzmEoz,2025-06-17 10:00:00,-373186672,-1413698319,645738760,上帝-使徒A,9,和别的非法拥核国不一样的是，以色列有三位一体打击能力。,2025-06-18 00:09:00,0,0
