﻿视频BV号,视频发布日期,上级评论ID,评论ID,用户ID,用户名,用户粉丝数,评论内容,评论时间,回复数,点赞数
BV1a7MSzYE8h,2025-06-14 14:49:00,0,-651479248,349300346,邪能蜗牛,0,伊朗社会撕裂主要问题是，宗教领袖领导的世俗化社会[笑哭],2025-06-14 19:49:00,45,441
BV1a7MSzYE8h,2025-06-14 14:49:00,-651479248,-648438912,273241910,影醉了,3,政教合一的民选世俗化国家,2025-06-14 22:30:00,0,55
BV1a7MSzYE8h,2025-06-14 14:49:00,-648438912,-1692021039,281388991,雪原洛星,7,回复 @影醉了 : 确实，伊朗这个太迷了。,2025-06-15 01:29:00,0,0
BV1a7MSzYE8h,2025-06-14 14:49:00,-651479248,-1698402431,33260959,夜壹家的钢琴师,92,"有一个很大的观察是，这种政体还开放了教育
产生了大批知识分子",2025-06-14 23:28:00,0,117
BV1a7MSzYE8h,2025-06-14 14:49:00,-1698402431,-646211088,201900749,Everglow丶丶丶,8,回复 @夜壹家的钢琴师 :其实开放教育没有错  如果是精英教育就好了  圈起来 一样能控制,2025-06-14 23:45:00,0,14
BV1a7MSzYE8h,2025-06-14 14:49:00,-651479248,-646443536,36215736,东风20240101,15,错，伊朗第一大民族是波斯，掌权的是阿塞拜疆人,2025-06-14 23:39:00,0,32
BV1a7MSzYE8h,2025-06-14 14:49:00,-646443536,-645564640,478837806,后荣锋,13,回复 @东风20240101 :这个并不是主要矛盾,2025-06-14 23:59:00,0,10
BV1a7MSzYE8h,2025-06-14 14:49:00,-645564640,-628299200,36215736,东风20240101,15,回复 @后荣锋 :满清什么样，历史书写的很明白了,2025-06-15 03:51:00,0,8
BV1a7MSzYE8h,2025-06-14 14:49:00,-628299200,-597305280,478837806,后荣锋,13,回复 @东风20240101 :然而清末的核心矛盾并不包括民族矛盾,2025-06-15 09:34:00,0,1
BV1a7MSzYE8h,2025-06-14 14:49:00,-597305280,-597011040,36215736,东风20240101,15,回复 @后荣锋 :逗，回去翻近代史吧,2025-06-15 09:37:00,0,2
BV1a7MSzYE8h,2025-06-14 14:49:00,-597011040,-595048384,478837806,后荣锋,13,回复 @东风20240101 :是吗？这里应该看历史书的人原来是我吗？,2025-06-15 09:59:00,0,0
BV1a7MSzYE8h,2025-06-14 14:49:00,-628299200,-558085104,328797320,早ya,7,回复 @东风20240101 :小族临大国，命运是注定的，[doge],2025-06-15 16:27:00,0,1
BV1a7MSzYE8h,2025-06-14 14:49:00,-646443536,-640278096,395964737,肥被,48,回复 @东风20240101 :都因为看了卢克文那视频吗？这说法以点概面了,2025-06-15 01:31:00,0,4
BV1a7MSzYE8h,2025-06-14 14:49:00,-646443536,-1628209631,11506679,私の二次元,109,回复 @东风20240101 :跟这个有啥关系？阿塞拜疆也只是近代才被俄国人从伊朗分裂出去的，以前一直是伊朗领土的一部分。伊朗历史上伊儿汗国的汗庭驻地在阿塞拜疆，萨法维王朝也是从阿塞拜疆起家的，在近代被沙俄入侵前，阿塞拜疆一直是波斯核心区,2025-06-15 13:29:00,0,0
BV1a7MSzYE8h,2025-06-14 14:49:00,-1628209631,-574415952,36215736,东风20240101,15,回复 @私の二次元 : 这没关系？真逗,2025-06-15 13:34:00,0,0
BV1a7MSzYE8h,2025-06-14 14:49:00,-646443536,-1622221871,8007071,艾纱尼亚,80,回复 @东风20240101 : 但阿塞拜疆人是伊朗主体民主之一呀，他们认自己是伊朗人，而且依赖的阿塞拜疆人比阿塞拜疆的阿塞拜疆人还多，是事实这个文化符号的主体。,2025-06-15 14:34:00,0,1
BV1a7MSzYE8h,2025-06-14 14:49:00,-651479248,-645029056,159337,天羽清魂,42,是少数民族掌权，又是宗教领袖，所以整个社会是分裂的。,2025-06-15 00:14:00,0,28
BV1a7MSzYE8h,2025-06-14 14:49:00,-651479248,-1651891743,801352,insomnia_z,52,伊朗拿的是晚清剧本，少数民族统治主体民族,2025-06-15 09:13:00,0,1
BV1a7MSzYE8h,2025-06-14 14:49:00,-651479248,-585471328,3112408,Nealkong,74,对的，沙特就没这么多问题,2025-06-15 11:39:00,0,0
BV1a7MSzYE8h,2025-06-14 14:49:00,-651479248,-581442048,327234814,八级大狂风sw,55,还有一个问题，这个宗教派系还都是些少数民族，听说是阿塞拜疆人。而伊朗的主体民族是波斯人。,2025-06-15 12:21:00,0,0
BV1a7MSzYE8h,2025-06-14 14:49:00,-651479248,-1629208351,296923095,很好的啊啊,19,少数民族为了巩固统治卖国是很正常的，参考清末,2025-06-15 13:20:00,0,0
BV1a7MSzYE8h,2025-06-14 14:49:00,-651479248,-1620921119,377891199,子规无常,33,听说还是小族临大国,2025-06-15 14:45:00,0,0
BV1a7MSzYE8h,2025-06-14 14:49:00,-651479248,-1619702975,59861156,北极x熊,4,79年的时候 世俗化的左翼被清洗了 只剩下亲美右翼 肯定会更加分裂,2025-06-15 14:58:00,0,0
BV1a7MSzYE8h,2025-06-14 14:49:00,-651479248,-1300255631,384132961,心碎的奶盖,35,那边都这样 宗教话语权很大,2025-06-19 04:52:00,0,0
