﻿视频BV号,视频发布日期,上级评论ID,评论ID,用户ID,用户名,用户粉丝数,评论内容,评论时间,回复数,点赞数
BV1ANKTzRESn,2025-06-20 16:32:00,0,-62901328,546590516,键盘钢琴十级,1,刚想起来以色列不是说周四有大事儿发生么，这都周六了，也不知道说的哪周的周四[笑哭],2025-06-21 01:43:00,6,1
BV1ANKTzRESn,2025-06-20 16:32:00,-62901328,-58289968,252381438,_Meteor_Star,26,假新闻,2025-06-21 02:41:00,0,1
BV1ANKTzRESn,2025-06-20 16:32:00,-62901328,-57799392,416460325,簡單明了,0,被炸不是大事吗[doge],2025-06-21 02:48:00,0,6
BV1ANKTzRESn,2025-06-20 16:32:00,-62901328,-1120973695,397197690,滴水岩的世界,2,这算是学了川普好大儿的精髓了，24小时结束俄乌冲突，但是没说日期[doge_金箍],2025-06-21 03:00:00,0,5
BV1ANKTzRESn,2025-06-20 16:32:00,-62901328,-1107723791,97313186,霹雳震三山,72,肯德基疯狂星期四吗,2025-06-21 05:19:00,0,0
BV1ANKTzRESn,2025-06-20 16:32:00,-62901328,-41738864,663109515,我不是夢儿,15,fake news,2025-06-21 05:34:00,0,0
BV1ANKTzRESn,2025-06-20 16:32:00,-62901328,-1097055359,327047454,妨害咱的渣渣,29,疯狂星期四挨打，不算大事？[调皮],2025-06-21 07:28:00,0,0
