﻿视频BV号,视频发布日期,上级评论ID,评论ID,用户ID,用户名,用户粉丝数,评论内容,评论时间,回复数,点赞数
BV1AMNxzrEbo,2025-06-19 06:37:00,0,-231178352,318512402,偷分仙人,25,没见过用导弹把一个国家打投降的[吃瓜],2025-06-19 07:03:00,15,23
BV1AMNxzrEbo,2025-06-19 06:37:00,-231178352,-1289254991,125602789,寒春生,19,导弹的数量和质量不够罢了。,2025-06-19 07:31:00,0,5
BV1AMNxzrEbo,2025-06-19 06:37:00,-231178352,-1288155647,4288672,久久留式虎豹,12,还是导弹太贵了，要是像炮弹一样便宜就有可能了,2025-06-19 07:46:00,0,2
BV1AMNxzrEbo,2025-06-19 06:37:00,-1288155647,-224162048,489019842,名场面视觉,1763,回复 @久久留式虎豹 : 伊朗的导弹比美西方的造价便宜，查了一下20-几百万都有，贵的打的快、准。,2025-06-19 08:45:00,0,0
BV1AMNxzrEbo,2025-06-19 06:37:00,-224162048,-1272401871,385088495,中国兄弟会,1621,回复 @名场面视觉 :以色列用的是炸弹，有制空权,2025-06-19 11:04:00,0,1
BV1AMNxzrEbo,2025-06-19 06:37:00,-1272401871,-211757232,489019842,名场面视觉,1763,回复 @中国兄弟会 :伊朗防空弱不是没有。,2025-06-19 11:08:00,0,0
BV1AMNxzrEbo,2025-06-19 06:37:00,-1272401871,-211080800,489019842,名场面视觉,1763,回复 @中国兄弟会 : 另外，以色列用的也是导弹和滑翔弹。,2025-06-19 11:14:00,0,0
BV1AMNxzrEbo,2025-06-19 06:37:00,-1272401871,-1264575599,12825898,爱喝牛奶的鱼,37,回复 @中国兄弟会 :没用，规模不够，一天飞40架，哈哈投送量其实差不多,2025-06-19 12:27:00,0,0
BV1AMNxzrEbo,2025-06-19 06:37:00,-231178352,-1272340175,385088495,中国兄弟会,1621,以色列用的是炸弹,2025-06-19 11:04:00,0,0
BV1AMNxzrEbo,2025-06-19 06:37:00,-231178352,-1253763887,1877847673,请输入昵称-又重了,24,一天发几个，那点面积全国就算半夜都要起来跑步，生活生产全部无法正常进行，用不了多久就自己崩溃了https://b23.tv/BV17hNnznE5A,2025-06-19 14:27:00,0,0
BV1AMNxzrEbo,2025-06-19 06:37:00,-231178352,-192317248,213972404,一只点灯的TD菌,182,南斯拉夫，这还是个常规力量挺强的正经国家，直接被炸解体了。[doge],2025-06-19 14:37:00,0,2
BV1AMNxzrEbo,2025-06-19 06:37:00,-192317248,-128064592,3546911613127648,咿呀喂有点难,0,回复 @一只点灯的TD菌 : 南斯拉夫那会没大哥了呗，又在人家包围圈，能咋地，要有几百枚直射老美本土的东风，你看还敢轰炸他不,2025-06-20 09:23:00,0,1
BV1AMNxzrEbo,2025-06-19 06:37:00,-231178352,-192114064,213972404,一只点灯的TD菌,182,老美把自己能动的航母全拉过去了，就给中国这边留了一艘，不打伊朗难道是去旅游吗？[doge],2025-06-19 14:38:00,0,2
BV1AMNxzrEbo,2025-06-19 06:37:00,-192114064,-127875168,3546911613127648,咿呀喂有点难,0,回复 @一只点灯的TD菌 : 你说得有道理，感觉老美想打，但又怕被拖住了，要真被拖一拖，估计弯弯就要回归了。,2025-06-20 09:24:00,0,1
BV1AMNxzrEbo,2025-06-19 06:37:00,-127875168,-127033696,213972404,一只点灯的TD菌,182,回复 @咿呀喂有点难 :他的旧航母预计是7月份修好的，可能不会马上打，估计等几天，很快就7月了，旧船修好亚洲补充到2艘航母再打。[doge],2025-06-20 09:35:00,0,1
BV1AMNxzrEbo,2025-06-19 06:37:00,-127033696,-117310816,3546911613127648,咿呀喂有点难,0,回复 @一只点灯的TD菌 : 兄弟，你这有点货啊，分析得不错，但就怕伊朗这货又跪了，我是支持老美下场，然后被拖住，说不准弯弯就回来了。,2025-06-20 11:08:00,0,1
