﻿视频BV号,视频发布日期,上级评论ID,评论ID,用户ID,用户名,用户粉丝数,评论内容,评论时间,回复数,点赞数
BV1ALNtzyEM8,2025-06-19 08:14:00,0,-189131984,304156629,小乖乖哈小乖乖,258,"东亚是儒教国家，这个我们清楚

中东是伊斯兰世界，特征是什么？
非洲是信仰什么？特征又是什么？
欧洲信仰是什么？特征又是什么？
拉美信仰是什么？特征又是什么？

请各位科普",2025-06-19 15:12:00,10,10
BV1ALNtzyEM8,2025-06-19 08:14:00,-189131984,-188521008,432802047,魔仙堡蔡鸡坤,700,你不会百度么？,2025-06-19 15:19:00,0,2
BV1ALNtzyEM8,2025-06-19 08:14:00,-189131984,-1245939967,26042367,散白默,21,你是说一个评论给你说清楚伊斯兰各教派矛盾，讲清楚亚伯拉罕宗教体系，讲明白各宗教教义及他们的发展演变，顺带讲完世界近代史和古代史？,2025-06-19 15:58:00,0,2
BV1ALNtzyEM8,2025-06-19 08:14:00,-1245939967,-184901472,1673993040,瓦尔登湖地生活,8,回复 @散白默 :可以听听，一看喜马拉雅都听了13000多个小时,2025-06-19 16:02:00,0,1
BV1ALNtzyEM8,2025-06-19 08:14:00,-189131984,-1243512559,326404957,葱包桧-,36,一个字，乱,2025-06-19 16:33:00,0,0
BV1ALNtzyEM8,2025-06-19 08:14:00,-189131984,-182013008,15033208,丢掉幻想8准备斗争,9,人家要饭还会说句客气话，咋的，你求知还这么傲慢？,2025-06-19 16:41:00,0,6
BV1ALNtzyEM8,2025-06-19 08:14:00,-189131984,-1238812047,9191665,丶火锅,41,holle sir ~ i am li lei,2025-06-19 18:02:00,0,0
BV1ALNtzyEM8,2025-06-19 08:14:00,-189131984,-171030768,3493129252506033,空空的布,3,山区刚通网？[笑哭][笑哭]拿起你的老年机，百度一下，也就有了的??,2025-06-19 23:14:00,0,0
BV1ALNtzyEM8,2025-06-19 08:14:00,-189131984,-1224506879,470656176,Damnwinter,4,人机,2025-06-20 01:50:00,0,0
BV1ALNtzyEM8,2025-06-19 08:14:00,-189131984,-1221263119,437428767,孤楼饮冰,27,自己查去,2025-06-20 02:38:00,0,0
BV1ALNtzyEM8,2025-06-19 08:14:00,-189131984,-153226752,252576020,九零尾,21,哈哈哈哈哈哈哈哈哈哈哈哈,2025-06-20 04:04:00,0,0
