﻿视频BV号,视频发布日期,上级评论ID,评论ID,用户ID,用户名,用户粉丝数,评论内容,评论时间,回复数,点赞数
BV1aANRzqE5d,2025-06-22 10:19:00,0,100614240,286164226,鸡蛋味黄瓜,102,所以说这是宣战了，那边开始战争了吗[惊讶],2025-06-22 12:13:00,12,6
BV1aANRzqE5d,2025-06-22 10:19:00,100614240,100891360,3546895253244010,巴叭来了,0,以色列和伊朗不是就在战争吗？,2025-06-22 12:16:00,0,9
BV1aANRzqE5d,2025-06-22 10:19:00,100614240,101668352,281157424,山峙渊渟_,24,断网了吗亲,2025-06-22 12:23:00,0,9
BV1aANRzqE5d,2025-06-22 10:19:00,100614240,102168400,317019619,只因你太美啦啊,28,美国都开干了[笑哭],2025-06-22 12:29:00,0,0
BV1aANRzqE5d,2025-06-22 10:19:00,100614240,103142128,563114019,无生哀乐苦渡青烟,5,巴以  印巴  以伊  俄乌,2025-06-22 12:39:00,0,4
BV1aANRzqE5d,2025-06-22 10:19:00,100614240,104215744,353979656,SmallestThyme,78,中国太和平了，让你觉着这些年没有战争对吗[笑哭],2025-06-22 12:49:00,0,3
BV1aANRzqE5d,2025-06-22 10:19:00,104215744,-963045519,40275050,桥来桥上过,912,回复 @SmallestThyme :我们没有生在一个和平的年代，我们只是生在一个和平的国度,2025-06-22 12:52:00,0,4
BV1aANRzqE5d,2025-06-22 10:19:00,100614240,105474192,286164226,鸡蛋味黄瓜,102,我看之前有评论说只是冲突，冲突又不算战争，所以我还以为还是冲突阶段[笑哭]现在才知道已经正式开干了,2025-06-22 13:02:00,0,0
BV1aANRzqE5d,2025-06-22 10:19:00,105474192,107188752,9063745,累累的动物世界,26,回复 @鸡蛋味黄瓜 :导弹都炸了快20轮了[笑哭],2025-06-22 13:20:00,0,2
BV1aANRzqE5d,2025-06-22 10:19:00,100614240,106310576,698508524,咸鱼1_1,148,没吧，伊朗只是宣布会打击美军中东基地,2025-06-22 13:11:00,0,0
BV1aANRzqE5d,2025-06-22 10:19:00,100614240,-959951711,113984370,萝卜干不好吃,9,没宣战，但是是战争状态，就当是特别军事行动吧。,2025-06-22 13:22:00,0,0
BV1aANRzqE5d,2025-06-22 10:19:00,100614240,-957837807,132695,我永远喜欢嗯嗯嗯,385,也就是现在美国不比当年了，要是换当年早宣了[doge_金箍],2025-06-22 13:45:00,0,0
BV1aANRzqE5d,2025-06-22 10:19:00,100614240,-955430095,346643776,老板别放香菜2,16,他不敢打美国的,2025-06-22 14:09:00,0,0
