﻿视频BV号,视频发布日期,上级评论ID,评论ID,用户ID,用户名,用户粉丝数,评论内容,评论时间,回复数,点赞数
BV1a7MSzYE8h,2025-06-14 14:49:00,0,-1698306943,304052,天子samaノご真女神,0,其实三哥真的可以了，夜间出动67架飞机，低空飞行躲避雷达，这水平，除了中美俄感觉飞行员素质最强的一批了，可惜被人降维打击了，直接超视距作战不给你狗斗,2025-06-14 23:29:00,18,152
BV1a7MSzYE8h,2025-06-14 14:49:00,-1698306943,-645772704,2237531,元叒,107,嗯，不在一个纬度,2025-06-14 23:55:00,0,13
BV1a7MSzYE8h,2025-06-14 14:49:00,-1698306943,-645404192,402438436,飒斯蒂芬,14,遇到阿中手把手教，外加场外指导,2025-06-15 00:04:00,0,3
BV1a7MSzYE8h,2025-06-14 14:49:00,-1698306943,-645248304,446401,屎蛋的抛瓦,58,"印度最大的问题其实不是飞行员素质，而是万国牌造成的指挥体系混乱。
印度的预警机发现了目标，居然要用电台给己方飞机语音提醒……不说数据链直接引导己方导弹攻击，就是把目标信息发送给己方战机都做不到，因为系统不一样。",2025-06-15 00:06:00,0,75
BV1a7MSzYE8h,2025-06-14 14:49:00,-645248304,-640399984,412201901,随风摆红旗,0,"回复 @屎蛋的抛瓦 :不是万国牌也不行，数据链只有中美能玩。
实际上就是降维打击",2025-06-15 01:29:00,0,5
BV1a7MSzYE8h,2025-06-14 14:49:00,-645248304,-1685248223,3546379932666294,苍穹之下的苍生,5,回复 @屎蛋的抛瓦 :印度买武器的时候，没有这些功能难道不知道？肯定是有的，又不是没办法才买的。就是印度觉得这些武器参数性能可以，没想到时代不同了,2025-06-15 02:55:00,0,0
BV1a7MSzYE8h,2025-06-14 14:49:00,-1698306943,-1695999103,614043554,小熊哈尔,129,超视距也不是啥特殊的东西，人家也有，只不过没卖给三哥而已，拿着霸王弩去贴脸开大去了，很多人说阵风不行，你看看同样的飞机到了美西手里是啥成色？千万不要小看对手，指不定憋着什么坏呢，说我们已经到无人区了，说实话，这话有点儿虚啊。,2025-06-15 00:22:00,0,15
BV1a7MSzYE8h,2025-06-14 14:49:00,-1695999103,-636863296,446401,屎蛋的抛瓦,58,"回复 @小熊哈尔 :笑，超视距之间亦有差距。
150 公里的超视距和 70 公里的超视距能是一样的东西吗",2025-06-15 02:16:00,0,7
BV1a7MSzYE8h,2025-06-14 14:49:00,-1695999103,-1687726143,8217888,大懒虫的野望,28,回复 @小熊哈尔 :阵风真不行啊，雷达落后一代还小，超视距比歼10c短一半吧，这不能算一种超视距了,2025-06-15 02:25:00,0,6
BV1a7MSzYE8h,2025-06-14 14:49:00,-1687726143,-1683175007,614043554,小熊哈尔,129,回复 @大懒虫的野望 :真打起来就知道了。,2025-06-15 03:18:00,0,0
BV1a7MSzYE8h,2025-06-14 14:49:00,-1683175007,-1490250559,3546860402772379,又成鼠条了,0,回复 @小熊哈尔 :打起来你没稀土你拿头造雷达,2025-06-17 04:22:00,0,0
BV1a7MSzYE8h,2025-06-14 14:49:00,-1490250559,-1482818703,614043554,小熊哈尔,129,回复 @又成鼠条了 : 打起来就知道了。,2025-06-17 05:43:00,0,0
BV1a7MSzYE8h,2025-06-14 14:49:00,-1695999103,-633867328,38026828,绝望的包工头,6,回复 @小熊哈尔 :到了美西手里咋了啊 你给说说啊,2025-06-15 02:50:00,0,0
BV1a7MSzYE8h,2025-06-14 14:49:00,-1695999103,-623579632,489858027,漆黑如夜,6,回复 @小熊哈尔 :超视距还真是稀缺的东西，大鹅都玩不明白，你看看大鹅还剩几架预警机，雷达系统差距有多大，就别说阵风母国法兰西了，法国根本玩不来超视距。,2025-06-15 04:36:00,0,1
BV1a7MSzYE8h,2025-06-14 14:49:00,-1698306943,-640730384,289671210,小清新出货啦,17,在我的印象里电台是40年前才用的东西[惊讶],2025-06-15 01:25:00,0,1
BV1a7MSzYE8h,2025-06-14 14:49:00,-1698306943,-1684542111,3560258,悠远天幕的繁星,52,巴基斯坦的飞行员可都是小代级别的,2025-06-15 03:04:00,0,0
BV1a7MSzYE8h,2025-06-14 14:49:00,-1698306943,-1683076687,647702860,潇潇暮夜二号,18,可以个der，吓得跳飞机都有几个！,2025-06-15 03:19:00,0,0
BV1a7MSzYE8h,2025-06-14 14:49:00,-1698306943,-1675498511,1846771453,optookit,10,美俄也想看看我们的武器怎样，我们也想实战试试。印巴战，是个大家都希望看到的。,2025-06-15 04:38:00,0,1
BV1a7MSzYE8h,2025-06-14 14:49:00,-1698306943,-623042240,117523222,叔叔不奇怪,0,很多国家试飞员都有巴基斯坦的,2025-06-15 04:41:00,0,1
