﻿视频BV号,视频发布日期,上级评论ID,评论ID,用户ID,用户名,用户粉丝数,评论内容,评论时间,回复数,点赞数
BV1ALNtzyEM8,2025-06-19 08:14:00,0,33072400,22415302,呼吸着新鲜的雾霾,20,艾老师是天津人。太明白回民这点事了。,2025-06-21 22:04:00,8,16
BV1ALNtzyEM8,2025-06-19 08:14:00,33072400,118397504,3493110256503405,落叶归根yr,37,说白了，站在儒家典型的道理去看，就是不服王化，人家同样有着渊源的历史，还有自己的经典和教义，而且他骨子里和中华特别像，都是那种记仇记很久的，特别特别像，因为类我者生死，似我者死，人不可能让一个像自己似的人活在这个世界上，你可以融入我但你不能像我，说白了就是你看不起人家，人家也看不起你，两个文化圈的互相嘲讽罢了，我的回答是同一人种都这样，别给你黑爹跪了就,2025-06-22 15:12:00,0,7
BV1ALNtzyEM8,2025-06-19 08:14:00,33072400,-942637375,2113142699,赋雨遙于诗尾,32,我这ip够权威吧,2025-06-22 16:24:00,0,2
BV1ALNtzyEM8,2025-06-19 08:14:00,-942637375,-934357231,79324750,低声高唱寻找解脱,6,回复 @赋雨遙于诗尾 :[doge],2025-06-22 19:14:00,0,0
BV1ALNtzyEM8,2025-06-19 08:14:00,-942637375,139986720,22415302,呼吸着新鲜的雾霾,20,回复 @赋雨遙于诗尾 :你那跟我一样就是聚集地。人家甘肃的还没说话了,2025-06-22 23:58:00,0,0
BV1ALNtzyEM8,2025-06-19 08:14:00,139986720,-914253023,388094150,虬髯_客,52,回复 @呼吸着新鲜的雾霾 :我有话说[吃瓜],2025-06-23 03:45:00,0,2
BV1ALNtzyEM8,2025-06-19 08:14:00,-942637375,218565200,60505542,RC_Tresdin,44,回复 @赋雨遙于诗尾 :我应该够权威了[妙啊],2025-06-23 15:45:00,0,1
BV1ALNtzyEM8,2025-06-19 08:14:00,33072400,-839854255,496147380,天真和感伤的笑说家,11,反正我和前女友闹掰就因为我不愿意信教，之前去她家里吃饭吃完她妈还把我碗给扔了[吃瓜],2025-06-23 19:40:00,0,7
BV1ALNtzyEM8,2025-06-19 08:14:00,-839854255,-827161695,3493138389796891,老胖儿不爱胖,7,回复 @天真和感伤的笑说家 :[滑稽][滑稽][滑稽]差点就进狼窝,2025-06-24 02:12:00,0,0
