﻿视频BV号,视频发布日期,上级评论ID,评论ID,用户ID,用户名,用户粉丝数,评论内容,评论时间,回复数,点赞数
BV1ahNvzmEoz,2025-06-17 10:00:00,0,-339085040,275985527,该老不老称之为妖,35,以色列当初选择在这里建国本身就是错误的！当初要是把德国分出一部分建立以色列国，以欧洲这么多年的政治正确来说，绝对不会有任何问题！而且德国作为战败国和所谓的愧对犹太情绪，也不会有任何意见！,2025-06-18 03:59:00,6,30
BV1ahNvzmEoz,2025-06-17 10:00:00,-339085040,-339006480,169415946,laughman233,60,想屁吃 德国被瓜分了 谁愿意让出去领土,2025-06-18 04:00:00,0,0
BV1ahNvzmEoz,2025-06-17 10:00:00,-339085040,-339110816,374037526,路人甲丶晴空,2,人家有圣经，上面都写了，这里是天选之地[滑稽][滑稽],2025-06-18 04:01:00,0,1
BV1ahNvzmEoz,2025-06-17 10:00:00,-339085040,-1397606559,46075678,反季节三文鱼,32,按以色列这个作法，两代人之后就难说了,2025-06-18 04:07:00,0,4
BV1ahNvzmEoz,2025-06-17 10:00:00,-339085040,-338184448,129912,汞燈,68,你的意思是你家里的老鼠终于赶出去了然后被谴责要划一个墙脚给他安家？,2025-06-18 04:09:00,0,5
BV1ahNvzmEoz,2025-06-17 10:00:00,-339085040,-1397397663,608921658,拉塔恩的好基友,3,以色列在哪儿建国你以为真是以色列说了算嘛。欧洲有俄罗斯，美国需要中东有个以色列。,2025-06-18 04:09:00,0,8
BV1ahNvzmEoz,2025-06-17 10:00:00,-339085040,-197573888,22151745,矢量动力挖掘机,25,人家要的是应许之地[吃瓜],2025-06-19 13:42:00,0,0
