﻿视频BV号,视频发布日期,上级评论ID,评论ID,用户ID,用户名,用户粉丝数,评论内容,评论时间,回复数,点赞数
BV1A9MvzkE7u,2025-06-16 02:53:00,0,-1553628031,448608989,xinbg,20,现在总算有战地记者了,2025-06-16 10:39:00,17,22
BV1A9MvzkE7u,2025-06-16 02:53:00,-1553628031,-495089072,8241937,闲逸斋主人-剑暝,341,一直都有,2025-06-16 11:08:00,0,44
BV1A9MvzkE7u,2025-06-16 02:53:00,-1553628031,-485873968,373454906,为啥取个名字辣莫难,20,"https://b23.tv/BV1Bb4y187oJ 
羊羊姐的这期视频系统的讲了新华社就是一路从战火中走来的，经历过长征、抗日反扫荡、抗美援朝……
新华社北京总社的展馆里有一面英烈墙，上面镌刻着上百位英烈的名字，而英烈墙的最后一位，就是1999年在北约对南联盟大轰炸中，牺牲在驻南联盟大使馆中的三名记者之一，新华社派驻南联盟记者邵云环大姐。
所以……新华社的战地记者一直都在，只是国内的岁月静好让你平时忽视了他们依旧奋斗在战火纷飞的冲突前线，为世界带来最真实的冲突真相",2025-06-16 12:45:00,0,26
BV1A9MvzkE7u,2025-06-16 02:53:00,-1553628031,-1536785135,2061944453,a宁臣君,17,一直都有,2025-06-16 13:38:00,0,9
BV1A9MvzkE7u,2025-06-16 02:53:00,-1553628031,-480375152,252673740,月下西楼寺,17,什么时候没有？我国战地记者一直都在第一线,2025-06-16 13:42:00,0,11
BV1A9MvzkE7u,2025-06-16 02:53:00,-1553628031,-480233328,3493082773326540,撒浪嘿休,43,跟个文盲一样,2025-06-16 13:43:00,0,19
BV1A9MvzkE7u,2025-06-16 02:53:00,-1553628031,-469717872,18283918,俞桐Erol,677,你猜猜胡锡进当年是干什么的？他当年是中国最优秀的战地记者之一，是波黑前线的直接见证者,2025-06-16 15:29:00,0,0
BV1A9MvzkE7u,2025-06-16 02:53:00,-1553628031,-453029424,227603402,梦慧飞,3,建议去已退休战地记者@唐师曾,2025-06-16 22:53:00,0,0
BV1A9MvzkE7u,2025-06-16 02:53:00,-1553628031,-1502618447,1996714071,滴滴司机要跑步,13,徐德智以前也当过战地记者,2025-06-17 01:35:00,0,0
BV1A9MvzkE7u,2025-06-16 02:53:00,-1553628031,-438974640,1896193902,五叶兰,11,应该说是现在战地多了出来，所以这些战地记者才出现在眼前,2025-06-17 03:11:00,0,0
BV1A9MvzkE7u,2025-06-16 02:53:00,-1553628031,-436911504,33870745,你的钱不见了,33,是一直有，主要是对方给不给你采访就是另外的事。,2025-06-17 03:38:00,0,0
BV1A9MvzkE7u,2025-06-16 02:53:00,-1553628031,-434542608,515187319,蛇皮老道丶,41,一直都有的，勇敢的中国战地记者无处不在,2025-06-17 04:06:00,0,2
BV1A9MvzkE7u,2025-06-16 02:53:00,-1553628031,-1487521855,200757183,英俊的史蒂夫,816,新华社走过长征的,2025-06-17 04:49:00,0,0
BV1A9MvzkE7u,2025-06-16 02:53:00,-1553628031,-428430112,565501845,慢半拍886,39,没见识,2025-06-17 05:05:00,0,0
BV1A9MvzkE7u,2025-06-16 02:53:00,-1553628031,-343561344,39493707,丨他山之石丨,67,新华社记者没有配备摄像用无人机吗？人出不去，无人机可以出去啊,2025-06-18 03:01:00,0,0
BV1A9MvzkE7u,2025-06-16 02:53:00,-1553628031,-321302320,366068047,Mikey_afiruy,185,太少了，大新闻一手新闻还是几乎转载的别国大媒体,2025-06-18 07:44:00,0,0
