﻿视频BV号,视频发布日期,上级评论ID,评论ID,用户ID,用户名,用户粉丝数,评论内容,评论时间,回复数,点赞数
BV1ahNvzmEoz,2025-06-17 10:00:00,0,-320051952,86106233,CorkFountain,213,伊朗一堆不敢打的高层被打没了，剩下年轻的中层顶上去框框打[doge],2025-06-18 08:03:00,7,130
BV1ahNvzmEoz,2025-06-17 10:00:00,-320051952,-310463936,15920923,小飞侠芋头,322,享受久了肯定不想打，新官上任要搏一搏。,2025-06-18 10:05:00,0,21
BV1ahNvzmEoz,2025-06-17 10:00:00,-320051952,-1362665231,4245570,鼠鼠兜,0,不搞点 成绩空出来的位置怎么坐的上去,2025-06-18 11:12:00,0,14
BV1ahNvzmEoz,2025-06-17 10:00:00,-320051952,-288731232,1338854927,亦陌无言,19,感觉反而是老一辈的是鸽派，新上任的全是鹰派青壮年[笑哭],2025-06-18 13:56:00,0,7
BV1ahNvzmEoz,2025-06-17 10:00:00,-288731232,-1308531407,33948289,飙过轮椅,61,回复 @亦陌无言 :毕竟年轻的将士渴望功勋，哪个国家都差不多[笑哭],2025-06-19 03:16:00,0,2
BV1ahNvzmEoz,2025-06-17 10:00:00,-288731232,-1307262767,301178260,夜梦星云,13,回复 @亦陌无言 :年轻人才有血性，伊朗这段时间看得我脑淤血都溢了，就好像满清被八国联军入侵，只能签下一个个耻辱的条约。,2025-06-19 03:36:00,0,4
BV1ahNvzmEoz,2025-06-17 10:00:00,-1307262767,-238570032,6966886,不知世故Orz,5,回复 @夜梦星云 :伊朗就类似晚清的情况,2025-06-19 05:18:00,0,0
BV1ahNvzmEoz,2025-06-17 10:00:00,-320051952,-171168704,3546651318815249,fhwrrr,193,领导先走[笑哭],2025-06-19 23:10:00,0,1
