﻿视频BV号,视频发布日期,上级评论ID,评论ID,用户ID,用户名,用户粉丝数,评论内容,评论时间,回复数,点赞数
BV1ahNvzmEoz,2025-06-17 10:00:00,0,-402884400,3546692083256132,亚辛猛火烤鱿鱼,581,有谁还记着小泽前几天偷袭机场的事吗？[doge],2025-06-17 10:34:00,30,812
BV1ahNvzmEoz,2025-06-17 10:00:00,-402884400,-1459241583,3546639396506173,TABS-TV,1341,一个师傅教的,2025-06-17 10:53:00,0,189
BV1ahNvzmEoz,2025-06-17 10:00:00,-402884400,-392386400,474445813,我是龙族我叫敖夜,30,好家伙，你不说我都忘了，瓜太多吃不过来,2025-06-17 12:23:00,0,104
BV1ahNvzmEoz,2025-06-17 10:00:00,-402884400,-1450541263,701609783,手可擿星?,5,我已经从俄乌局势转战到伊以局势了[doge],2025-06-17 12:26:00,0,68
BV1ahNvzmEoz,2025-06-17 10:00:00,-1450541263,-391667776,53138642,谢三XieSan,288,回复 @手可擿星? :这几天大毛可没手软，一边打，一边送遗体瓦解二毛为数不多的存款，老美支援的装备也被调往中东，欧洲那群虫豸也三缄其口[笑哭]泽圣苦啊[doge],2025-06-17 12:31:00,0,131
BV1ahNvzmEoz,2025-06-17 10:00:00,-391667776,-370898992,382723627,平平无奇的aaa,15,回复 @谢三XieSan :美国不支援了，欧洲那点弹药量也就勉强和太阳神家里对冲一下，不要提俄罗斯国内几倍于欧洲的量了,2025-06-17 16:05:00,0,30
BV1ahNvzmEoz,2025-06-17 10:00:00,-370898992,-357640624,513955160,一路有渔,7,回复 @平平无奇的aaa :真的？,2025-06-17 22:35:00,0,0
BV1ahNvzmEoz,2025-06-17 10:00:00,-402884400,-391414736,3546895827864303,真男人从不私信举办,3,李在明：我呢？,2025-06-17 12:34:00,0,36
BV1ahNvzmEoz,2025-06-17 10:00:00,-391414736,-389394144,341869036,CYCLE_6,12575,回复 @真男人从不私信举办 :[吃瓜][吃瓜][吃瓜]吃不过来了，吃不过来了,2025-06-17 12:54:00,0,29
BV1ahNvzmEoz,2025-06-17 10:00:00,-391414736,-1377297039,1714120583,El_Condor_Pasa,23,回复 @真男人从不私信举办 :现在没人顾得上你，是你的好机会[doge],2025-06-18 08:26:00,0,1
BV1ahNvzmEoz,2025-06-17 10:00:00,-391414736,-1219446431,698384656,丁真鉴宝,25,回复 @真男人从不私信举办 :李在明，我当然在暗呀！,2025-06-20 03:03:00,0,0
BV1ahNvzmEoz,2025-06-17 10:00:00,-402884400,-387057456,4432148,形孤影只,128,印度播音787，我呢？,2025-06-17 13:19:00,0,24
BV1ahNvzmEoz,2025-06-17 10:00:00,-402884400,-1444274479,323858962,昵称无需修改,0,怪不得老美直接把给斯基的防控系统全给了中东那边,2025-06-17 13:33:00,0,29
BV1ahNvzmEoz,2025-06-17 10:00:00,-402884400,-1437081071,435285056,夏虫不可语冰钓鱼,20,小泽疯了一样在要饭，然后没人搭理[笑哭],2025-06-17 14:45:00,0,61
BV1ahNvzmEoz,2025-06-17 10:00:00,-1437081071,30336544,351766828,胡不丶归,42,回复 @夏虫不可语冰钓鱼 : 最近加拿大的G7峰会的时候，小泽在那边又捞了一笔,2025-06-21 19:46:00,0,0
BV1ahNvzmEoz,2025-06-17 10:00:00,-402884400,-369239840,77352849,早睡早起不在熬夜,7,看了心医，恍然大悟,2025-06-17 16:26:00,0,3
BV1ahNvzmEoz,2025-06-17 10:00:00,-402884400,-366177920,71607136,一木头人一,27,泽连斯基这个行动干的真是干净利落，没有丝毫拖泥带水，而且保密工作做得非常好，作为一个演员有这种操作真让人刮目相看。但是话说回来，他现在做什么都改变不了乌克兰在这次冲突获得第二名的命运。,2025-06-17 17:12:00,0,28
BV1ahNvzmEoz,2025-06-17 10:00:00,-366177920,-337012816,106429906,复活的老村长,1,回复 @一木头人一 :你信他有这个本事么[微笑],2025-06-18 04:21:00,0,1
BV1ahNvzmEoz,2025-06-17 10:00:00,-366177920,-319231888,16022017,丸山汽修店,108,回复 @一木头人一 :战略指挥也不是他一个人完成的,2025-06-18 08:14:00,0,0
BV1ahNvzmEoz,2025-06-17 10:00:00,-402884400,-1424259759,3546779278641366,duck卜避,12,看腻了，熊大打熊二,2025-06-17 17:30:00,0,10
BV1ahNvzmEoz,2025-06-17 10:00:00,-402884400,-365014688,6206144,猛人藤本树,61,泽圣已经上不了热搜了,2025-06-17 17:34:00,0,14
BV1ahNvzmEoz,2025-06-17 10:00:00,-402884400,-1418091839,350590,山水忆北国,36,也没谁记得加州还在乱[tv_doge],2025-06-17 21:37:00,0,16
BV1ahNvzmEoz,2025-06-17 10:00:00,-1418091839,-1366561311,1044813263,我亦路人甲,70,回复 @山水忆北国 :哈哈哈 吃瓜吃不过来了,2025-06-18 10:32:00,0,1
BV1ahNvzmEoz,2025-06-17 10:00:00,-402884400,-357275824,104141213,文悬日月,39,基辅也在下流星雨啊,2025-06-17 22:52:00,0,3
BV1ahNvzmEoz,2025-06-17 10:00:00,-402884400,-355710784,399376724,_鲜克有终_,12,伊朗怎么可能重创以色列。。。。,2025-06-17 23:36:00,0,1
BV1ahNvzmEoz,2025-06-17 10:00:00,-402884400,-1409321999,590144666,啊郁闷,24,乌克兰这次偷袭机场就是越战里越军偷袭美军空军基地的翻版而且还没越军的战果好。?1964年位于南越西贡市东北的边和机场便成为美国空军的重要落脚点。经过美国的修建，该机场达到了40平方公里，可以容下300架战斗机。建好后美军在这个机场周边设置了三道防线。层层防守，很是严密，其核心的雷区、铁丝网以及碉堡统统都有。同时美军还在这里安排了1个伞兵营，一个坦克兵和一个炮兵营。1968年的1月最后一天，越南的游击队已经渗透到距离美军机场800米的地方。此事越军携带的是迫击炮和中国造的63式107毫米火箭炮。越南游击队选好位置就开始对着美军机场开始炮轰。直接摧毁美军B-57轰炸机21架、A1H11架、UH1B3架，美军阵亡将近三百人。,2025-06-18 01:30:00,0,13
BV1ahNvzmEoz,2025-06-17 10:00:00,-402884400,-1396389679,165818355,多一点耐心再多一点,40,泽圣：你们别打啦，喂我花生啊，喂我花生！,2025-06-18 04:20:00,0,6
BV1ahNvzmEoz,2025-06-17 10:00:00,-402884400,-311142656,1624567605,卧聋道人,108,两位老祖隔空传功,2025-06-18 09:56:00,0,2
BV1ahNvzmEoz,2025-06-17 10:00:00,-402884400,-1294035999,37741756,hsxisoz,15,铁琼拦的是老乡的土质火箭弹 钢管弹，可拦不住高超，另外犹国毕竟是小国 它消耗不起，成本是伊朗几十倍。,2025-06-19 06:14:00,0,1
BV1ahNvzmEoz,2025-06-17 10:00:00,-402884400,-1219587903,698384656,丁真鉴宝,25,记得，不过现在毛子的集束炸弹正在找回场子。,2025-06-20 03:03:00,0,0
BV1ahNvzmEoz,2025-06-17 10:00:00,-402884400,-68553760,389308912,啾斯诺克2,59,[doge_金箍]在我朋友家附近炸了，他还好奇过去瞅了瞅，说啥玩意这么响,2025-06-21 00:17:00,0,0
