﻿视频BV号,视频发布日期,上级评论ID,评论ID,用户ID,用户名,用户粉丝数,评论内容,评论时间,回复数,点赞数
BV1ahNvzmEoz,2025-06-17 10:00:00,0,-1460619935,145731879,lishengseu,13,就怕伊朗这次反击是为了争取投降机会[笑哭],2025-06-17 10:40:00,13,43
BV1ahNvzmEoz,2025-06-17 10:00:00,-1460619935,-400599904,3546639415380211,集贸-跳,5,本来就是，已经发言表示可以谈判，,2025-06-17 10:57:00,0,21
BV1ahNvzmEoz,2025-06-17 10:00:00,-1460619935,-397836144,472341224,三十秒的夜雨,5,感觉现在双方都有点骑虎难下[笑哭],2025-06-17 11:26:00,0,4
BV1ahNvzmEoz,2025-06-17 10:00:00,-1460619935,-382033824,12865747,啃宅基,68,正常逻辑肯定认为以打促和，老思想了,2025-06-17 14:09:00,0,0
BV1ahNvzmEoz,2025-06-17 10:00:00,-1460619935,-374487136,3546390686861740,_歪比歪比_歪比巴卜,0,你别说，说不定他发现自己又支棱起来了，不投了,2025-06-17 15:25:00,0,4
BV1ahNvzmEoz,2025-06-17 10:00:00,-1460619935,-373539872,277838,泡发了的日青,62,问题反而是以色列没法停。。。,2025-06-17 15:35:00,0,3
BV1ahNvzmEoz,2025-06-17 10:00:00,-1460619935,-368481696,322346820,鹿踏祥云,32,那太符合伊朗了,2025-06-17 16:37:00,0,1
BV1ahNvzmEoz,2025-06-17 10:00:00,-1460619935,-367879296,128148330,trtetew233,5,不会了，双方的血已经流了一地，这时候谁能停下来？？？？？,2025-06-17 16:44:00,0,0
BV1ahNvzmEoz,2025-06-17 10:00:00,-367879296,-1416921295,72897597,安娜卡列妮那,38,回复 @trtetew233 :两个国家不接壤，顶多是回合制相互报复，不可能全面战争的，所以肯定会停下来。,2025-06-17 22:35:00,0,0
BV1ahNvzmEoz,2025-06-17 10:00:00,-1460619935,-1425100591,41485960,刘啊刘啊刘老师,14,不怕，就是,2025-06-17 17:14:00,0,0
BV1ahNvzmEoz,2025-06-17 10:00:00,-1460619935,-360690784,43945201,曾经我叫孙日天丶,0,最后肯定会谈 估计是和美国谈，不拥核换解除制裁。因为也谈不出别的了。,2025-06-17 19:39:00,0,1
BV1ahNvzmEoz,2025-06-17 10:00:00,-1460619935,-357239856,102654412,举报的正义小天使真多,31,伊朗现在能做的就是尽快搞核弹，哪怕一颗，都能让以色列闭嘴,2025-06-17 22:52:00,0,0
BV1ahNvzmEoz,2025-06-17 10:00:00,-1460619935,-1391592415,1917505458,I一粒沙白I,3,以色列一轮偷袭 伊朗军方高层和涉核科学家死了那么多 双方获取情报的能力还是有很大差距 这波伊朗要是没有给以色列打个半死 后面的日子肯定不好过 毕竟以色列是美国小弟,2025-06-18 05:10:00,0,0
BV1ahNvzmEoz,2025-06-17 10:00:00,-1460619935,-1333551983,187038152,冬冬0903,7,伊朗本来就是想投降，奈何以色列那边根本停不下来，完全就看不见和谈的机会，给伊朗那帮人都逼急了，不得不先还手再说。[笑哭],2025-06-18 16:28:00,0,1
