﻿视频BV号,视频发布日期,上级评论ID,评论ID,用户ID,用户名,用户粉丝数,评论内容,评论时间,回复数,点赞数
BV1aANRzqE5d,2025-06-22 10:19:00,0,142265968,326852104,狂魔真的美吗,23,"伊拉克有百分之六十的人口是什叶派，将近三千万人，狂热分子可不少。[doge]你美国之前打完伊拉克战争，现在又威胁要斩首什叶派领袖，新仇旧恨，不干你干谁。
不过还是提醒下伊拉克，2025年了，无人机和无人驾驶都很成熟了，不用玩人体炸弹了[doge]",2025-06-23 00:48:00,8,88
BV1aANRzqE5d,2025-06-22 10:19:00,142265968,-919816319,87363172,我才是真的菜鸡,25,是的，大疆无人机早就在沙漠里成熟了[doge],2025-06-23 02:31:00,0,8
BV1aANRzqE5d,2025-06-22 10:19:00,142265968,-917825215,34470892,利子臻,4,生物外观有迷惑性和隐蔽性，发现机器你会即刻回避，发现几个人，你还得去确认情况。,2025-06-23 02:59:00,0,7
BV1aANRzqE5d,2025-06-22 10:19:00,142265968,-913476399,67939056,沐星影_,27,什么人体炸弹，红警里的伊拉克吗，那不是西方世界的抹黑游戏吗，那董存瑞算什么,2025-06-23 03:53:00,0,0
BV1aANRzqE5d,2025-06-22 10:19:00,-913476399,168799520,4436836,0泠0,243,回复 @沐星影_ : 红警里的人肉炸弹是古巴，伊拉克我记得是自爆卡车,2025-06-23 06:32:00,0,4
BV1aANRzqE5d,2025-06-22 10:19:00,168799520,181611216,12337838,萝卜蹲丿,14,回复 @0泠0 :伊拉克是辐射兵,2025-06-23 09:27:00,0,1
BV1aANRzqE5d,2025-06-22 10:19:00,181611216,198767712,4436836,0泠0,243,回复 @萝卜蹲丿 :怪事，你的回复在消息提示里看不见，我点别人的回复进来才看见,2025-06-23 12:21:00,0,0
BV1aANRzqE5d,2025-06-22 10:19:00,168799520,-881879791,394904599,有文化的清新老流氓,1,回复 @0泠0 : 自爆卡车是利比亚的“我嚼磁力棒”,2025-06-23 10:27:00,0,1
BV1aANRzqE5d,2025-06-22 10:19:00,-881879791,198660528,4436836,0泠0,243,回复 @有文化的清新老流氓 :哦对，伊拉克是辐射工兵,2025-06-23 12:20:00,0,0
