﻿视频BV号,视频发布日期,上级评论ID,评论ID,用户ID,用户名,用户粉丝数,评论内容,评论时间,回复数,点赞数
BV1ahNvzmEoz,2025-06-17 10:00:00,0,-1385001279,289584851,二师兄72827,17,懂王：帮还是不帮呢？哪个会让股票多涨一点？[doge_金箍],2025-06-18 06:35:00,8,159
BV1ahNvzmEoz,2025-06-17 10:00:00,-1385001279,-1350293519,228055459,火烧炸酱面,18,白天先说不帮砸一波，晚上改口说帮拉起来，第二天又说延迟帮再砸，第三天说战机起飞再拉一波,2025-06-18 13:30:00,0,59
BV1ahNvzmEoz,2025-06-17 10:00:00,-1350293519,-1321261647,3600080,玖蘭樞,13,回复 @火烧炸酱面 :巴菲特：在特朗普面前我就像个新兵蛋子,2025-06-18 23:36:00,0,20
BV1ahNvzmEoz,2025-06-17 10:00:00,-1321261647,-1318328367,228055459,火烧炸酱面,18,回复 @玖蘭樞 :索罗斯：我觉得自己一直活在特朗普的阴影里,2025-06-19 00:41:00,0,11
BV1ahNvzmEoz,2025-06-17 10:00:00,-1321261647,-1209540831,193712281,PPPPatrick_,31,回复 @玖蘭樞 :巴菲特还要靠内幕消息，特朗普想要啥内幕消息，就做啥内幕消息[doge_金箍],2025-06-20 04:57:00,0,3
BV1ahNvzmEoz,2025-06-17 10:00:00,-1350293519,-170537104,2495209,糖棠汤,61,回复 @火烧炸酱面 :你是懂特朗普的[笑哭],2025-06-19 23:30:00,0,0
BV1ahNvzmEoz,2025-06-17 10:00:00,-1350293519,-1104512623,12303056,迦南爱花,4,回复 @火烧炸酱面 :已经被你玩明白了,2025-06-21 05:55:00,0,0
BV1ahNvzmEoz,2025-06-17 10:00:00,-1385001279,-289329968,99271729,NIFE夜永夕,1534,那必然得是多摇摆几次，两头吃,2025-06-18 13:48:00,0,12
BV1ahNvzmEoz,2025-06-17 10:00:00,-1385001279,-272995392,198812219,过氧化氢蛙,22,先做空再做多[doge],2025-06-18 16:57:00,0,6
