﻿视频BV号,视频发布日期,上级评论ID,评论ID,用户ID,用户名,用户粉丝数,评论内容,评论时间,回复数,点赞数
BV1ahNvzmEoz,2025-06-17 10:00:00,0,-1379912639,3493145503337190,连城无用,17,伊朗有国内的亲美派在是不会全面对以色列开战的,2025-06-18 07:50:00,7,8
BV1ahNvzmEoz,2025-06-17 10:00:00,-1379912639,-1379224591,2063750,难为沧海_,110,平常肯定会，到关乎国家生死存亡的时候，亲美派再敢嘤一声，直接赏子弹,2025-06-18 07:58:00,0,6
BV1ahNvzmEoz,2025-06-17 10:00:00,-1379224591,-248411984,354573641,悠远的苍穹00,10,回复 @难为沧海_ :并非啊，亲美派势力很大，而且这次死的都是保守派的高层。到时候还能等着看伊朗内部的乱子，指不定到时候自己捅娄子出来,2025-06-19 03:27:00,0,2
BV1ahNvzmEoz,2025-06-17 10:00:00,-248411984,-1278877535,14840264,蜗居宅貓,130,回复 @悠远的苍穹00 :革命卫队可不是亲美派，真要打也有的打,2025-06-19 09:53:00,0,0
BV1ahNvzmEoz,2025-06-17 10:00:00,-1379224591,-240137840,456555912,VijayO,19,回复 @难为沧海_ :神棍和军阀死了一堆高层，现在是普通门阀占上风,2025-06-19 04:59:00,0,1
BV1ahNvzmEoz,2025-06-17 10:00:00,-1379912639,-1305909711,324469075,咿这不是乖毛毛么,47,伊朗现在的毛病是，政教分庭抗礼。如果教派这次不打，光升旗教派就倒了，所以教派一定是打。而且今天不打以色列，明天政府就要清算教派。对于政派来说，如果他不打教派控制的信教民众，闹起来政派也没法应对。所以打是一定要打，只有打了，两方才能平衡。,2025-06-19 03:52:00,0,2
BV1ahNvzmEoz,2025-06-17 10:00:00,-1379912639,-192072272,338281215,咸鱼天成,8,这都帮你物理清洗了[doge_金箍],2025-06-19 14:40:00,0,0
BV1ahNvzmEoz,2025-06-17 10:00:00,-1379912639,-171627680,1675727334,紀向,10,所以现在在干嘛？单纯给对方刷火箭不算打仗是吗？,2025-06-19 22:54:00,0,0
