﻿视频BV号,视频发布日期,上级评论ID,评论ID,用户ID,用户名,用户粉丝数,评论内容,评论时间,回复数,点赞数
BV1aLNBzsE9c,2025-06-17 11:16:00,0,-1454572143,3546791184173189,ue造梦师,3,伊朗应该在多地一次发五枚，每隔四个小时发一次，搞疲劳战术,2025-06-17 11:43:00,14,26
BV1aLNBzsE9c,2025-06-17 11:16:00,-1454572143,-392321536,1408979741,年轮好个秋,15,你以为是疲敌战术？其实伊朗现在都是把导弹发射车伪装成箱式卡车来躲避以色列空军打击的。效率不会太高。存量最大的液体燃料导弹，因为发射前加燃料时间太长，基本是废了。这些固体载弹量小一些，但导弹速度更快，更容易破防。以色列铁穹是没法拦的。就不知道固体燃料导弹还有多少了。,2025-06-17 12:23:00,0,9
BV1aLNBzsE9c,2025-06-17 11:16:00,-392321536,-370136288,433549531,喵Q姆Q,27,回复 @年轮好个秋 :参照海湾战争的经验，即使注液体导弹准备到发射需要半小时，但是美欧联军依旧很难摧毁这些苍蝇，况且伊朗的弹道导弹有很多是固体导弹，有隐蔽发射口和地下贮藏设施,2025-06-17 16:15:00,0,4
BV1aLNBzsE9c,2025-06-17 11:16:00,-370136288,-367267392,1408979741,年轮好个秋,15,回复 @喵Q姆Q :你应该是把飞毛腿那种短程导弹的准备时间和中程导弹的时间搞混了。伊朗的流星3系列比伊拉克的飞毛腿大多了，网上有这导弹的性能介绍。还需要有燃料车跟着。固体的是征服者系列，就是不知道还有多少。伊朗估计液体加固体，总共2000到3000发，应该是全世界前三多了。前两天的反击就是伊朗挖开被炸坏的地下掩体出口，冲出来发射的。,2025-06-17 16:55:00,0,3
BV1aLNBzsE9c,2025-06-17 11:16:00,-367267392,-367062288,433549531,喵Q姆Q,27,回复 @年轮好个秋 :地下完成加注不行吗？而且伊朗有些掩埋不深的导弹基地应该有发射窗吧,2025-06-17 16:58:00,0,0
BV1aLNBzsE9c,2025-06-17 11:16:00,-367062288,-366393920,1408979741,年轮好个秋,15,回复 @喵Q姆Q :导弹和卫星火箭一样，要立起来加燃料。平时储存都是平躺的。能让导弹立起来加上燃料，再发射的那个是地下发射井。一般洲际导弹才用那玩意儿。发射井打一发就暴露位置了，又搬不走。普通炸弹炸不穿掩体，但炸掩体出口和发射井口没有难度。,2025-06-17 17:09:00,0,2
BV1aLNBzsE9c,2025-06-17 11:16:00,-366393920,-366217728,433549531,喵Q姆Q,27,回复 @年轮好个秋 :所以还是要把发射车开到外面，完成液体加注，再开回来。那这确实可以印证为什么会有一些导弹车被炸了，因为该过程暴露在外的时间太长了,2025-06-17 17:11:00,0,1
BV1aLNBzsE9c,2025-06-17 11:16:00,-366393920,-366127920,433549531,喵Q姆Q,27,回复 @年轮好个秋 :不过伊朗的固体导弹技术怎么样呢？,2025-06-17 17:12:00,0,0
BV1aLNBzsE9c,2025-06-17 11:16:00,-366127920,-365376304,1408979741,年轮好个秋,15,回复 @喵Q姆Q : 中程导弹技术应该能排进世界前列，毕竟除我们外的五常都没有那玩东西。比印度强。精确度还不够，但这是缺外部引导的原因，和导弹本身关系不大。,2025-06-17 17:27:00,0,1
BV1aLNBzsE9c,2025-06-17 11:16:00,-392321536,-1231986959,433367382,梦想变身回光者小姐姐,7,回复 @年轮好个秋 :扔煤气罐不好吗[吃瓜],2025-06-19 23:22:00,0,0
BV1aLNBzsE9c,2025-06-17 11:16:00,-1231986959,-162356000,1408979741,年轮好个秋,15,回复 @梦想变身回光者小姐姐 :以色列除非核电厂被炸，否则应该不会用核武器打伊朗。,2025-06-20 02:03:00,0,0
BV1aLNBzsE9c,2025-06-17 11:16:00,-1454572143,-1444777327,158533479,胜利时刻,89,伊朗的导弹都是藏在山里的，打完就要跑的,2025-06-17 13:28:00,0,0
BV1aLNBzsE9c,2025-06-17 11:16:00,-1454572143,-366845360,360747508,叽叽歪歪5566,12,一次打过去不够多就全被防空给拦截下来了啊!,2025-06-17 17:01:00,0,0
BV1aLNBzsE9c,2025-06-17 11:16:00,-1454572143,-1333173327,3995159,苄基甲基酮,155,应该半小时到一小时一轮，这样能一直拉着警报，没人出来救援，一大轮几小时，这样最佳的救援时间就过了，能大幅扩大伤亡。,2025-06-18 16:35:00,0,0
BV1aLNBzsE9c,2025-06-17 11:16:00,-1333173327,-246536992,432821001,俩可爱,2,回复 @苄基甲基酮 :现在伊朗火箭军很多都是顶着以轰炸发射的，都是猛人,2025-06-19 03:52:00,0,0
