﻿视频BV号,视频发布日期,上级评论ID,评论ID,用户ID,用户名,用户粉丝数,评论内容,评论时间,回复数,点赞数
BV1ALNtzyEM8,2025-06-19 08:14:00,0,-1143921503,5077154,i豆l豆i,1299,有人跟我讲讲他吗？他好像是不在了是吧？竟然这么有眼见，唉，可惜了，我现在才认识,2025-06-20 17:36:00,22,47
BV1ALNtzyEM8,2025-06-19 08:14:00,-1143921503,-1142752191,3546394350585869,佐命贵,32,《眼见》,2025-06-20 17:57:00,0,6
BV1ALNtzyEM8,2025-06-19 08:14:00,-1142752191,-1056652447,5077154,i豆l豆i,1299,回复 @佐命贵 :远见啦[笑哭],2025-06-21 14:35:00,0,0
BV1ALNtzyEM8,2025-06-19 08:14:00,-1143921503,-1066366815,39807653,可她在乎你吗,108,绝对的鹰派人物，特别红特别正的老师。网上有他的课，很受用,2025-06-21 13:00:00,0,19
BV1ALNtzyEM8,2025-06-19 08:14:00,-1143921503,-1002304191,18198873,马猴烧酒98,6,超星网课,2025-06-22 05:39:00,0,0
BV1ALNtzyEM8,2025-06-19 08:14:00,-1143921503,-976789359,2129158657,美事截停,4,艾跃进南开教授吧 已经去世了 哎[难过],2025-06-22 10:30:00,0,0
BV1ALNtzyEM8,2025-06-19 08:14:00,-976789359,231586304,36821432,颜灬落,33,回复 @美事截停 :有的人死了，但还活着,2025-06-23 20:41:00,0,1
BV1ALNtzyEM8,2025-06-19 08:14:00,-1143921503,-912778047,2528765,奈斯o,173,一般这样评论他，艾公，艾公千古，你看历史上能这么评价的都是那些,2025-06-23 04:01:00,0,0
BV1ALNtzyEM8,2025-06-19 08:14:00,-912778047,256435904,100824223,大棋下的妙啊,6,回复 @奈斯o :你该不知道这是反讽吧？,2025-06-24 04:43:00,0,0
BV1ALNtzyEM8,2025-06-19 08:14:00,-1143921503,-861254495,162024797,真是让人不爽,33,看他的课，要注意当时讲课的时间与当时的世界格局环境。然后对比当今世界格局的过去演变成现状，再回头想想他的话基本一一对应,2025-06-23 14:02:00,0,3
BV1ALNtzyEM8,2025-06-19 08:14:00,-1143921503,-799114095,5732196,Diors213,57,肝癌不接受化疗放疗，查出来没多久就病逝了。也算是贯彻了自己的信念，值得尊敬的战士,2025-06-24 08:11:00,0,2
