﻿视频BV号,视频发布日期,上级评论ID,评论ID,用户ID,用户名,用户粉丝数,评论内容,评论时间,回复数,点赞数
BV1AMNxzrEbo,2025-06-19 06:37:00,0,-227312784,17786208,年近四十的魔法师,130,有意思的是，伊朗人非常喜欢德国[doge],2025-06-19 08:00:00,7,79
BV1AMNxzrEbo,2025-06-19 06:37:00,-227312784,-220698624,1828695932,未来队长芒特少侠,2,伊朗人家自诩高贵的雅利安人[doge],2025-06-19 09:32:00,0,27
BV1AMNxzrEbo,2025-06-19 06:37:00,-220698624,-218642976,411644740,43429527800_bili,64,回复 @未来队长芒特少侠 :刹帝利:俺们也是[doge],2025-06-19 09:55:00,0,6
BV1AMNxzrEbo,2025-06-19 06:37:00,-220698624,-216657216,1878247034,是安不是长安-,11,回复 @未来队长芒特少侠 :但是德国是日耳曼不是雅利安啊[笑哭],2025-06-19 10:17:00,0,2
BV1AMNxzrEbo,2025-06-19 06:37:00,-216657216,-1181319087,1333747258,踏雪ajy,18,回复 @是安不是长安- : 是雅利安的，,2025-06-20 10:54:00,0,1
BV1AMNxzrEbo,2025-06-19 06:37:00,-220698624,-834549631,106849278,该凌波领,66,回复 @未来队长芒特少侠 :伊朗是真的,2025-06-23 23:57:00,0,1
BV1AMNxzrEbo,2025-06-19 06:37:00,-227312784,-1277013951,32835486,一次一口吃掉大象,185,请问这个信息怎么来的？伊朗人去德国的特别多？,2025-06-19 10:14:00,0,3
BV1AMNxzrEbo,2025-06-19 06:37:00,-227312784,-1276848495,32835486,一次一口吃掉大象,185,我不是反驳，真的想请教,2025-06-19 10:15:00,0,2
