﻿视频BV号,视频发布日期,上级评论ID,评论ID,用户ID,用户名,用户粉丝数,评论内容,评论时间,回复数,点赞数
BV1aANRzqE5d,2025-06-22 10:19:00,0,93581152,7396623,股海平头哥,116,"北京时间22日下午开盘，以色列股市集体拉升，以色列股市基准TA-125指数开盘涨1.52%，创下历史新高，TA-35股票指数开盘上涨1.41%。与此同时，卡特尔多哈股指涨超1%，沙特股指开盘后亦上涨近1%。埃及股指则是杀跌超1%后迅速拉升，现涨超1%。
朗子将会重回谈判桌，真金白银已经下注。",2025-06-22 11:02:00,14,20
BV1aANRzqE5d,2025-06-22 10:19:00,93581152,-973297887,275375561,罪恶的叶终为枫,195,上谈判桌和丢炸弹，冲突吗？不冲突！边谈边炸，反正你也是这么干的,2025-06-22 11:05:00,0,2
BV1aANRzqE5d,2025-06-22 10:19:00,93581152,97910224,1505698600,MaxGlobal,9,周一跌停潮,2025-06-22 11:45:00,0,0
BV1aANRzqE5d,2025-06-22 10:19:00,97910224,100951472,1441145940,日久生情一见钟情,55,"回复 @MaxGlobal : 收盘全利空，开盘全利好。
利空兑现后是利好。
黄毛和波斯猫互撕后。黄毛要拉拢熊猫和大鹅+各国资本都来熊猫家避险=涨。",2025-06-22 12:16:00,0,0
BV1aANRzqE5d,2025-06-22 10:19:00,93581152,98459456,3640847,图图工坊,6,1%的波动算啥？外国佬这么没见过世面吗？,2025-06-22 11:50:00,0,0
BV1aANRzqE5d,2025-06-22 10:19:00,93581152,-966995247,49832892,芙萝卜斯卡雷特,51,股市到底能说明什么问题哦??,2025-06-22 12:09:00,0,2
BV1aANRzqE5d,2025-06-22 10:19:00,-966995247,244237104,7396623,股海平头哥,116,回覆 @芙萝卜斯卡雷特 :央视记者当地时间6月23日获悉，伊朗已接受美国提出的与以色列停火方案。伊朗官员向路透社证实了这一消息。,2025-06-24 02:24:00,0,0
BV1aANRzqE5d,2025-06-22 10:19:00,93581152,100450224,38617415,雨奕辰,15,你可以当股神[吃瓜][吃瓜][吃瓜],2025-06-22 12:11:00,0,1
BV1aANRzqE5d,2025-06-22 10:19:00,93581152,101740384,1287600,喝口水_的时间,33,觉得美国下场了，战争要结束了，所以国际资本开始回流中东了。但我感觉伊朗是绝对不可能投降的，因为伊朗底层想要民族尊严，因为伊朗的政权独立自主，因为是以色列先动的手，所以高层绝对不可能丧权辱国的投降。现在的情况是，伊朗不得不借着打下去，哪怕成为一片废墟。参考阿富汗，伊朗多山的地形就是最好的游击战展开地区。美军可以空运几千上万人，但伊朗老百姓有九千万人，那个地方就是个无底洞，不管进去多少人都不够填线的。,2025-06-22 12:24:00,0,1
BV1aANRzqE5d,2025-06-22 10:19:00,93581152,102467664,473411905,知晓ァ,2,鸡毛炒股炒魔怔的神人,2025-06-22 12:31:00,0,0
BV1aANRzqE5d,2025-06-22 10:19:00,93581152,-964593215,174467876,cvmaaannnn,47,你真是魔怔了 ??,2025-06-22 12:35:00,0,0
BV1aANRzqE5d,2025-06-22 10:19:00,93581152,-964704111,21001791,歼星舰上的小书店,45,你用的是咩软件，周末可以交易？,2025-06-22 12:36:00,0,0
BV1aANRzqE5d,2025-06-22 10:19:00,93581152,103239152,17606796,RibbonsMRX,156,这么会炒股，财富自由了没,2025-06-22 12:39:00,0,0
BV1aANRzqE5d,2025-06-22 10:19:00,103239152,244282640,7396623,股海平头哥,116,回覆 @RibbonsMRX :央视记者当地时间6月23日获悉，伊朗已接受美国提出的与以色列停火方案。伊朗官员向路透社证实了这一消息。,2025-06-24 02:23:00,0,0
BV1aANRzqE5d,2025-06-22 10:19:00,244282640,-815369711,17606796,RibbonsMRX,156,回复 @股海平头哥 :问你财富自由了没，你说的那么多干什么,2025-06-24 04:37:00,0,0
