﻿视频BV号,视频发布日期,上级评论ID,评论ID,用户ID,用户名,用户粉丝数,评论内容,评论时间,回复数,点赞数
BV1aANRzqE5d,2025-06-22 10:19:00,0,-963409599,413144464,纳兰闲德,14,为什么特朗普接见完巴基斯坦陆军元帅后，就决定轰炸伊朗？中间谈了些什么？,2025-06-22 12:47:00,8,15
BV1aANRzqE5d,2025-06-22 10:19:00,-963409599,107211984,333163528,灬浩GG,3,倒是不至于，美国这次是被以色列纯架着进来的。,2025-06-22 13:21:00,0,4
BV1aANRzqE5d,2025-06-22 10:19:00,107211984,-959507199,58481275,对对对对说得对,54,回复 @灬浩GG :以色列要拉美国下水，  美国想让以色列去死[doge],2025-06-22 13:28:00,0,1
BV1aANRzqE5d,2025-06-22 10:19:00,-963409599,109279216,48173536,豪饮三百杯,78,巴基斯坦是不去不行。。。。美国的面子他们不敢不给,2025-06-22 13:41:00,0,1
BV1aANRzqE5d,2025-06-22 10:19:00,-963409599,109424032,362982726,126826845,22,巴基斯坦说特朗普应该获得诺贝达和平奖，特朗普可能觉得嘲讽他，愤怒值再+1[doge],2025-06-22 13:42:00,0,0
BV1aANRzqE5d,2025-06-22 10:19:00,-963409599,-957891471,96148295,人民艺术家山上树多,16,昨天看新闻说巴基斯坦提名川普诺贝尔和平奖，以肯定他在印巴冲突期间做的努力巴拉巴拉,2025-06-22 13:44:00,0,3
BV1aANRzqE5d,2025-06-22 10:19:00,-963409599,-956612639,457123764,鹿7_7,15,没必要非得有关联啊,2025-06-22 13:57:00,0,0
BV1aANRzqE5d,2025-06-22 10:19:00,-963409599,111833920,9055934,失礼街坊咯,12,美国在这个世界上，只听犹太佬的，其他人都不会听,2025-06-22 14:06:00,0,0
BV1aANRzqE5d,2025-06-22 10:19:00,111833920,-954764863,106740798,hahahahahaibao,7,回复 @失礼街坊咯 :我之前看过一个视频，好像是说美国的有钱人很多都是犹太人，刚好美国又是资本主义,2025-06-22 14:14:00,0,0
