﻿视频BV号,视频发布日期,上级评论ID,评论ID,用户ID,用户名,用户粉丝数,评论内容,评论时间,回复数,点赞数
BV1ajMmz4Egg,2025-06-14 09:54:00,0,-1741125375,49823761,2019PZ,147,墙的重要性,2025-06-14 11:34:00,10,28
BV1ajMmz4Egg,2025-06-14 09:54:00,-1741125375,-1735872351,44722957,我要锯个栗子,14,错 ，是人心，整治不好人心永远都是千疮百孔,2025-06-14 12:27:00,0,34
BV1ajMmz4Egg,2025-06-14 09:54:00,-1735872351,-677440336,290783239,石峻极,11,回复 @我要锯个栗子 :人心，也要看谁的人心,2025-06-14 13:45:00,0,0
BV1ajMmz4Egg,2025-06-14 09:54:00,-1735872351,-1723063551,1449068593,milan613,2,回复 @我要锯个栗子 :错个鬼,2025-06-14 14:33:00,0,0
BV1ajMmz4Egg,2025-06-14 09:54:00,-1741125375,-1732856655,1030771855,Wow-Sweetlight,5,伊朗以前就是自认西方国家的。不是墙的问题，就是咱们说的买办内鬼太多了,2025-06-14 13:00:00,0,22
BV1ajMmz4Egg,2025-06-14 09:54:00,-1732856655,-674246672,3546604946590430,苏格垃屎,7,回复 @Wow-Sweetlight :因为伊朗的统治者绝大部分不是波斯人，,2025-06-14 14:15:00,0,1
BV1ajMmz4Egg,2025-06-14 09:54:00,-1741125375,-673005824,436619319,喵太酷了,11,有墙不一定有用，西方宣传无孔不入,2025-06-14 14:25:00,0,0
BV1ajMmz4Egg,2025-06-14 09:54:00,-1741125375,-671523264,96662034,明示万里,35,隔绝就能得到人心吗,2025-06-14 14:40:00,0,2
BV1ajMmz4Egg,2025-06-14 09:54:00,-671523264,-670709856,329919024,Vashon-L,6,回复 @明示万里 :学老蒋当傀儡就对了？,2025-06-14 14:49:00,0,3
BV1ajMmz4Egg,2025-06-14 09:54:00,-671523264,-670325072,392595608,漂白柠檬,22,回复 @明示万里 :隔绝不能获得民心但可以防止外来势力破坏民心。在漏水的情况下想把水灌满何其的难？,2025-06-14 14:51:00,0,3
BV1ajMmz4Egg,2025-06-14 09:54:00,-1741125375,-669896176,591148,光风LoVE,98,80 90年代我们也是千疮百孔，经济发展和生活水平的提高才是实打实的安全感，伊朗再这么下去怕是药丸。,2025-06-14 14:57:00,0,5
