﻿视频BV号,视频发布日期,上级评论ID,评论ID,用户ID,用户名,用户粉丝数,评论内容,评论时间,回复数,点赞数
BV1ApNazxEQE,2025-06-16 23:24:00,0,-1456648127,390261383,嘿嘿伏尔泰,0,白去了，现在我们开始撤离了,2025-06-17 11:21:00,21,16
BV1ApNazxEQE,2025-06-16 23:24:00,-1456648127,-386999776,33398625,空的屋,216,撤离也是遵照个人意愿的，没有强制性,2025-06-17 13:18:00,0,17
BV1ApNazxEQE,2025-06-16 23:24:00,-1456648127,-369752320,8577142,一二三跳一下,25,人家是战地记者，去是为了记录第一手的战况资讯的。,2025-06-17 16:20:00,0,57
BV1ApNazxEQE,2025-06-16 23:24:00,-369752320,-1414387775,390261383,嘿嘿伏尔泰,0,回复 @一二三跳一下 : 求你看看新闻吧，还人家是战地记者，你也知道人家是记者啊？他是过去送死么？德黑兰所有记者都已经去大使馆避难了，真不行我给你转五块钱，你去网吧开个机子，看看新闻联播,2025-06-17 23:55:00,0,1
BV1ApNazxEQE,2025-06-16 23:24:00,-1414387775,-1394371663,52847181,ReneeYang-,6,回复 @嘿嘿伏尔泰 :给我转五块吧大哥[滑稽],2025-06-18 04:40:00,0,10
BV1ApNazxEQE,2025-06-16 23:24:00,-1414387775,-1390357471,20116950,萌萌哒邱小姐,1013,回复 @嘿嘿伏尔泰 :我也想要[呆],2025-06-18 05:23:00,0,6
BV1ApNazxEQE,2025-06-16 23:24:00,-1414387775,-325242656,4475907,Gunnie,203,"回复 @嘿嘿伏尔泰 :避难和报道并不矛盾啊，避难是说躲空袭轰炸时间段，轰炸结束之后出来报道现场情况和局势啊
你的意思是避难就是躲到大使馆里等到战争冲突完全结束再出来？[疑惑]",2025-06-18 06:44:00,0,19
BV1ApNazxEQE,2025-06-16 23:24:00,-1414387775,-321999120,229837444,铭言秋中,105,回复 @嘿嘿伏尔泰 :给我啊，别说了不做啊[喜极而泣],2025-06-18 07:35:00,0,10
BV1ApNazxEQE,2025-06-16 23:24:00,-1414387775,-315970144,177306003,此物语,24,回复 @嘿嘿伏尔泰 :超绝敏感肌[喜极而泣],2025-06-18 08:58:00,0,9
BV1ApNazxEQE,2025-06-16 23:24:00,-1414387775,-1367864047,419466864,追逐繁星F,35,回复 @嘿嘿伏尔泰 :都跑去躲避了，哪来的新闻给你看,2025-06-18 10:19:00,0,7
BV1ApNazxEQE,2025-06-16 23:24:00,-1414387775,-1360299231,6212888,名称待定丶,70,回复 @嘿嘿伏尔泰 :微信还是支付宝？,2025-06-18 11:39:00,0,5
BV1ApNazxEQE,2025-06-16 23:24:00,-1414387775,-300070512,12153329,谁让我是朱逐珠,35,回复 @嘿嘿伏尔泰 :我也想要 速度转,2025-06-18 11:54:00,0,5
BV1ApNazxEQE,2025-06-16 23:24:00,-1414387775,-1358364847,625514795,哄哄你的,5,回复 @嘿嘿伏尔泰 :来财，来,2025-06-18 11:58:00,0,5
BV1ApNazxEQE,2025-06-16 23:24:00,-1414387775,-1350467967,15075,霜月音,46,回复 @嘿嘿伏尔泰 :来财，来,2025-06-18 13:28:00,0,4
BV1ApNazxEQE,2025-06-16 23:24:00,-1414387775,-1347246383,625999884,名字真心难取啊666,27,回复 @嘿嘿伏尔泰 :我也要五块上网看看。。。,2025-06-18 14:00:00,0,3
BV1ApNazxEQE,2025-06-16 23:24:00,-1414387775,-266481328,3537121923041444,洛阳嬴岳_,9,回复 @嘿嘿伏尔泰 :来财，来[doge],2025-06-18 20:07:00,0,1
BV1ApNazxEQE,2025-06-16 23:24:00,-1414387775,-257326960,22306735,子车车车,1,回复 @嘿嘿伏尔泰 :给我也来五块的[吃瓜],2025-06-19 01:15:00,0,0
BV1ApNazxEQE,2025-06-16 23:24:00,-1414387775,-171255120,27474815,Asura落叶知秋,4,回复 @嘿嘿伏尔泰 :来财，来[偷笑],2025-06-19 23:19:00,0,0
BV1ApNazxEQE,2025-06-16 23:24:00,-1456648127,-308990288,337757535,随意食堂,78,[藏狐]这是驻德黑兰记者，他不去可以理解，去是工作，这是他的选择。,2025-06-18 10:18:00,0,9
BV1ApNazxEQE,2025-06-16 23:24:00,-1456648127,-305903072,73403910,昭才HN,52,战地记者怎么白去了？,2025-06-18 10:51:00,0,2
BV1ApNazxEQE,2025-06-16 23:24:00,-305903072,-148408848,4013317,帅呆了的宝宝,42,回复 @昭才HN :白在河南话，是别的意思，白去是别去。[微笑],2025-06-20 04:54:00,0,1
BV1ApNazxEQE,2025-06-16 23:24:00,-1456648127,-287214848,105567003,_三迩汣_,59,微信还是支付宝？,2025-06-18 14:11:00,0,1
