﻿视频BV号,视频发布日期,上级评论ID,评论ID,用户ID,用户名,用户粉丝数,评论内容,评论时间,回复数,点赞数
BV1AMNxzrEbo,2025-06-19 06:37:00,0,-1285595007,43243454,西贝组的面包大魔王,268,伊朗用事实告诉我们，以妥协求和平则和平亡的道理。(?ω?),2025-06-19 08:25:00,8,268
BV1AMNxzrEbo,2025-06-19 06:37:00,-1285595007,-206560528,394880212,北冰洋的琴,17,[微笑]伊朗用事实告诉世界，任何背叛国家和人民利益的政权，也必将被国家和人民抛弃。,2025-06-19 12:02:00,0,28
BV1AMNxzrEbo,2025-06-19 06:37:00,-206560528,-1264132367,510435496,春风得意马蹄疾病,4,回复 @北冰洋的琴 :普通人会被人骗着喝下毒酒,2025-06-19 12:33:00,0,5
BV1AMNxzrEbo,2025-06-19 06:37:00,-206560528,-1259134911,112496,_风楼_,64,回复 @北冰洋的琴 :你来定义什么叫背叛国家和人民利益,2025-06-19 13:28:00,0,4
BV1AMNxzrEbo,2025-06-19 06:37:00,-206560528,-1258479871,649736446,阿啵的落叶,18,回复 @北冰洋的琴 :公正点，任何背叛国家和人民利益的叛徒，都必将被国家和人民抛弃！,2025-06-19 13:35:00,0,5
BV1AMNxzrEbo,2025-06-19 06:37:00,-206560528,-1105405263,270442696,奥火法师,17,回复 @北冰洋的琴 : 应该是以色列用行动告诉我们，抛弃人民的政府接下来会怎样[滑稽],2025-06-21 05:44:00,0,0
BV1AMNxzrEbo,2025-06-19 06:37:00,-1285595007,-204807536,2140943106,淚影痕,0,那个，乌克兰已经先伊朗一步阐述这个道理了,2025-06-19 12:21:00,0,9
BV1AMNxzrEbo,2025-06-19 06:37:00,-1285595007,-63196640,1096094119,大弟和他的三夫一娃,32,伊朗用事实告诉我们，没有绝对的实力就别对对手毛手毛脚[给心心],2025-06-21 01:39:00,0,2
BV1AMNxzrEbo,2025-06-19 06:37:00,-63196640,-804446655,10478597,百目鬼谣,12,回复 @大弟和他的三夫一娃 : 有什么用，转头变相制裁东部四国，封锁霍尔木兹海峡,2025-06-24 06:53:00,0,0
