﻿视频BV号,视频发布日期,上级评论ID,评论ID,用户ID,用户名,用户粉丝数,评论内容,评论时间,回复数,点赞数
BV1aANRzqE5d,2025-06-22 10:19:00,0,157005584,3717409,伊甸蛇,30,逛油管，现在支持以色列的 只有少量中国人 剩下的不论哪个国家都基本站伊朗 就很魔幻,2025-06-23 04:14:00,11,5
BV1aANRzqE5d,2025-06-22 10:19:00,157005584,-911452239,499270852,yao古德猫宁,0,你怎么知道是？,2025-06-23 04:14:00,0,0
BV1aANRzqE5d,2025-06-22 10:19:00,-911452239,-910923023,1590907199,蚌埠拄乐,11,回复 @yao古德猫宁 :因为打繁体字吧,2025-06-23 04:18:00,0,2
BV1aANRzqE5d,2025-06-22 10:19:00,-910923023,157996096,23813117,WBingone,109,回复 @蚌埠拄乐 :严谨,2025-06-23 04:23:00,0,0
BV1aANRzqE5d,2025-06-22 10:19:00,-910923023,158741264,3717409,伊甸蛇,30,回复 @蚌埠拄乐 :别乱说嗷 ，繁体简体不能区分是否是中国人， 这是立场问题[喜极而泣],2025-06-23 04:32:00,0,3
BV1aANRzqE5d,2025-06-22 10:19:00,158741264,159435200,404466048,本心之初,429,回复 @伊甸蛇 :应该是少数住在中国特殊地区的外国人[藏狐],2025-06-23 04:38:00,0,3
BV1aANRzqE5d,2025-06-22 10:19:00,-910923023,175067360,438498803,富拉尔基春寒料峭,22,回复 @蚌埠拄乐 :这下真蚌埠住了,2025-06-23 08:02:00,0,0
BV1aANRzqE5d,2025-06-22 10:19:00,-911452239,158888368,3717409,伊甸蛇,30,回复 @yao古德猫宁 :昨天在逛油管来着，先看的是中文视频，下面有支持伊朗的，小部分有支持以色列的。后来翻到个英文视频，好像是BBC的，下面的英文全部都是支持伊朗的，就很魔幻。,2025-06-23 04:33:00,0,3
BV1aANRzqE5d,2025-06-22 10:19:00,157005584,-907814863,5022187,虚渊子,23,实际是说英文的被和谐了，而说繁体字的系统识别不了,2025-06-23 04:51:00,0,2
BV1aANRzqE5d,2025-06-22 10:19:00,-907814863,162601888,392988202,松柏知心,14,回复 @虚渊子 :油管是美国的，他和谐支持以色列的评论干啥？,2025-06-23 05:08:00,0,2
BV1aANRzqE5d,2025-06-22 10:19:00,157005584,162194816,3546700234885532,肥肠砖业,0,你怎么知道不是在以和美的洋鬼子，打的中文呢,2025-06-23 05:05:00,0,0
BV1aANRzqE5d,2025-06-22 10:19:00,157005584,162477520,392988202,松柏知心,14,油管是美国的，他和谐支持以色列的评论干啥？,2025-06-23 05:08:00,0,1
