﻿视频BV号,视频发布日期,上级评论ID,评论ID,用户ID,用户名,用户粉丝数,评论内容,评论时间,回复数,点赞数
BV1AfKwzVEga,2025-06-20 09:48:00,0,-58591024,49371817,尘缘墨染,30,那句话艾跃进老师说过，真理只在剑锋之上，，，,2025-06-21 02:38:00,12,4
BV1AfKwzVEga,2025-06-20 09:48:00,-58591024,-1086199743,1914379492,永遠のぜろ,172,那以色列可真就把握了真理了,2025-06-21 09:38:00,0,1
BV1AfKwzVEga,2025-06-20 09:48:00,-58591024,-15484752,436372322,西窗一梦星月蹁跹,5,盲目崇拜？,2025-06-21 10:34:00,0,1
BV1AfKwzVEga,2025-06-20 09:48:00,-58591024,-1076593231,402035985,手残的鬼泣玩家,85,现在的真理，在导弹的射程内[doge],2025-06-21 11:17:00,0,0
BV1AfKwzVEga,2025-06-20 09:48:00,-58591024,-1074015727,304644569,秋瑟の风,23,尊严只在剑锋之上，真理只在大炮射程之内[doge],2025-06-21 11:44:00,0,0
BV1AfKwzVEga,2025-06-20 09:48:00,-58591024,-1073504543,34226273,大石爆胸口,21,尊严只在剑锋之上，真理只在大炮射程之内,2025-06-21 11:49:00,0,0
BV1AfKwzVEga,2025-06-20 09:48:00,-1073504543,-1073356447,647029058,没事来打打酱酱油,5,回复 @大石爆胸口 :人家放个屁你也拿来当真理？,2025-06-21 11:51:00,0,0
BV1AfKwzVEga,2025-06-20 09:48:00,-1073356447,-1072609215,100951373,红皮萨尔,40,回复 @没事来打打酱酱油 :此言差矣，早几年林肯航母编队来南海，我国出动一艘055而已，对峙20多天逼退入侵航母编队，主要靠两个，一个是领先一个版本的雷达，一个是全球都无人可拦截的鹰击21，自行查阅战损模拟可以知道结果，之后美国佬一声没吭可以知道结果就是如此，然后日本凉月号也来过，被电子干扰干废了放回去，我国依旧遵循不开第一枪，印度和东南亚的边境冲突也是刀斧棍戟，凶险万分也有烈士牺牲，这都是拳头换来的和平，随便一件事情可能就是下一个卢沟桥，南开教授艾跃进的言论很激进，但事实证明这就是真理，现在的和平不是靠施舍得到的，是拳头,2025-06-21 11:57:00,0,0
BV1AfKwzVEga,2025-06-20 09:48:00,-1073356447,-1071933071,100951373,红皮萨尔,40,回复 @没事来打打酱酱油 :j10c国内快报废的老物件，换了换设备，直接6-0包括三架阵风，整个世界都清醒了。,2025-06-21 12:05:00,0,0
BV1AfKwzVEga,2025-06-20 09:48:00,-1073356447,-1070742383,34226273,大石爆胸口,21,回复 @没事来打打酱酱油 :有什么问题么？还是剑顶到你脑门了？你不舒服？,2025-06-21 12:16:00,0,0
BV1AfKwzVEga,2025-06-20 09:48:00,-1070742383,-1069599567,180513456,你要加油啊丶,37,回复 @大石爆胸口 :有可能，也许以色列在中留学生呢[doge],2025-06-21 12:29:00,0,0
BV1AfKwzVEga,2025-06-20 09:48:00,-1069599567,-1066972207,34226273,大石爆胸口,21,回复 @你要加油啊丶 :主要是这人这也能急眼了，身份多少有点问题,2025-06-21 12:56:00,0,0
BV1AfKwzVEga,2025-06-20 09:48:00,-58591024,-3628400,323328339,天才-琪露诺,9,尊严只在剑锋之上，真理只在大炮的射程之内,2025-06-21 12:31:00,0,0
