﻿视频BV号,视频发布日期,上级评论ID,评论ID,用户ID,用户名,用户粉丝数,评论内容,评论时间,回复数,点赞数
BV1aLNBzsE9c,2025-06-17 11:16:00,0,-1456786143,90716974,安安乐乐和伟伟,81,"以色列：小赢
美国：中赢
印度：大赢
一门三赢家，赢学显门威。",2025-06-17 11:19:00,12,115
BV1aLNBzsE9c,2025-06-17 11:16:00,-1456786143,-1455074799,1591772979,EUNICEWongGX,70,只要没拍到，就是伊朗没炸到，只要不公布死亡数据，就是没有人死……果然是媒体大佬[吃瓜],2025-06-17 11:37:00,0,35
BV1aLNBzsE9c,2025-06-17 11:16:00,-1455074799,-1419005935,1833681864,嘉然开动,39,回复 @EUNICEWongGX : 外网好多视频的，以色列很多地方都被炸烂了。但是搬过来的很多视频b站不给过，我关注的一个up他说这两天每天搬一大堆，只过几个。[笑哭],2025-06-17 20:29:00,0,11
BV1aLNBzsE9c,2025-06-17 11:16:00,-1456786143,-1448302143,86902579,gakkilli,11,IDF的楚云飞式军官敢死。加沙阵亡绝大都是军官,2025-06-17 12:50:00,0,2
BV1aLNBzsE9c,2025-06-17 11:16:00,-1448302143,-335154912,3546616030038905,寻之咏叹调,15,回复 @gakkilli :？,2025-06-18 04:39:00,0,0
BV1aLNBzsE9c,2025-06-17 11:16:00,-335154912,-1394223535,86902579,gakkilli,11,回复 @寻之咏叹调 :问号撒？IDF自己发的讣告都是军官死的多,2025-06-18 04:43:00,0,1
BV1aLNBzsE9c,2025-06-17 11:16:00,-1394223535,-1365565439,37272297,空间刺客,3,回复 @gakkilli :有没有可能士兵根本摇不上号,2025-06-18 10:42:00,0,3
BV1aLNBzsE9c,2025-06-17 11:16:00,-1365565439,-1357220239,86902579,gakkilli,11,回复 @空间刺客 :有没有可能说他是军官敢死团就是说普通士兵摇不上号,2025-06-18 12:12:00,0,0
BV1aLNBzsE9c,2025-06-17 11:16:00,-1357220239,-1354118015,37272297,空间刺客,3,回复 @gakkilli :我是说，死亡指标摇不上号。你以为谁都能上死亡名单吗？那玩意是要给抚恤金的。(;?_?),2025-06-18 12:46:00,0,3
BV1aLNBzsE9c,2025-06-17 11:16:00,-1354118015,-1349857039,86902579,gakkilli,11,回复 @空间刺客 :你属ETC的？摇不上号难道不是说上不了名单,2025-06-18 13:34:00,0,0
BV1aLNBzsE9c,2025-06-17 11:16:00,-1349857039,-1346604943,37272297,空间刺客,3,回复 @gakkilli :你怎么会觉得没有一个阵亡名单呢？,2025-06-18 14:06:00,0,1
BV1aLNBzsE9c,2025-06-17 11:16:00,-1448302143,-264590432,22981544,我是小肥德,11,回复 @gakkilli :爆笑 但凡了解下以军士官晋升多容易,2025-06-18 22:06:00,0,0
BV1aLNBzsE9c,2025-06-17 11:16:00,-1456786143,-1336188671,589237571,蛇缠兔结猴,10,赢学世家！[OK],2025-06-18 15:55:00,0,0
