﻿视频BV号,视频发布日期,上级评论ID,评论ID,用户ID,用户名,用户粉丝数,评论内容,评论时间,回复数,点赞数
BV1aLNBzsE9c,2025-06-17 11:16:00,0,-1113821071,112339469,银明神,3,伊朗这是用了中国网友智囊团给的点子了？少量多次关键点持续轰炸[doge][doge],2025-06-21 04:19:00,6,28
BV1aLNBzsE9c,2025-06-17 11:16:00,-1113821071,-23677968,13015817,胖子闫,6,你还别说，国内这帮人，真有点东西。看老外打仗，有时候真上火。,2025-06-21 09:09:00,0,13
BV1aLNBzsE9c,2025-06-17 11:16:00,-23677968,3519280,18249284,山楂-D,51,回复 @胖子闫 :集思广益,2025-06-21 13:42:00,0,3
BV1aLNBzsE9c,2025-06-17 11:16:00,-23677968,12036512,85536308,万能香蕉,18,回复 @胖子闫 :公园里一堆人看两个人下象棋， 有的看客那个着急呀！[笑哭],2025-06-21 15:01:00,0,3
BV1aLNBzsE9c,2025-06-17 11:16:00,12036512,12446400,442667540,更多的糖喵,71,回复 @万能香蕉 :下棋指指点点（）,2025-06-21 15:06:00,0,0
BV1aLNBzsE9c,2025-06-17 11:16:00,12446400,13291248,86183335,炫烨子,28,回复 @更多的糖喵 :也讨厌这种人,2025-06-21 15:14:00,0,0
BV1aLNBzsE9c,2025-06-17 11:16:00,12036512,13127504,86183335,炫烨子,28,回复 @万能香蕉 :对，就怕臭棋篓子[笑哭],2025-06-21 15:13:00,0,1
