﻿视频BV号,视频发布日期,上级评论ID,评论ID,用户ID,用户名,用户粉丝数,评论内容,评论时间,回复数,点赞数
BV1a7MSzYE8h,2025-06-14 14:49:00,0,-1683547791,377649981,懂王克星,10,这期说到点上了，以前有点瞧不起，现在关注了。,2025-06-15 03:14:00,8,62
BV1a7MSzYE8h,2025-06-14 14:49:00,-1683547791,-619014448,285489936,激情总在后半宿,3,这人发挥不稳定，有真土的时候，也有耳目一新的时候。他之前有一期，说中国最不适合发展文旅，就真挺不错的。,2025-06-15 05:22:00,0,26
BV1a7MSzYE8h,2025-06-14 14:49:00,-619014448,-1664551119,3647296,大渣诚,4,回复 @激情总在后半宿 :还是心医发挥稳定，就是有时候喜欢整活[吃瓜],2025-06-15 06:38:00,0,6
BV1a7MSzYE8h,2025-06-14 14:49:00,-1683547791,-617048032,474598426,特重度厌蠢症,0,因为伊以问题简单，很好分析。以前就是纯讲武堂,2025-06-15 05:43:00,0,7
BV1a7MSzYE8h,2025-06-14 14:49:00,-1683547791,-1662476559,33408289,cc男树-_-,508,很多人没有出去过不了解这些人的思维方式，用中国人的想法去想肯定会出很多笑话，牢七就是,2025-06-15 07:04:00,0,7
BV1a7MSzYE8h,2025-06-14 14:49:00,-1662476559,-590944352,3493293822314612,乌鸦黑阿黑,1,回复 @cc男树-_- : 这纯吃美国佬剩饭的,2025-06-15 10:43:00,0,2
BV1a7MSzYE8h,2025-06-14 14:49:00,-1683547791,-1571607439,1648218096,背杯北备,1,主播这个职业就这样，做不到天天讲干活，只能间隔着输出些情绪化的凑时长,2025-06-16 06:33:00,0,5
BV1a7MSzYE8h,2025-06-14 14:49:00,-1571607439,-461496016,515212809,啧啧没意思,0,回复 @背杯北备 : 天天讲干货容易踩红线，迷糊君有一次直播讲克什米尔深层次的问题，包括我们在那块以前的布局之类的，一会就被抬走乐[笑哭],2025-06-16 17:21:00,0,3
BV1a7MSzYE8h,2025-06-14 14:49:00,-1571607439,-326777584,317337648,bili_317337648,18,回复 @背杯北备 :天天讲干货就等着被抬走吧，有些大佬是真能分析出各方意图的，而且这个up我很早之前就关注了，他这些都是直播时候讲的，没有提前做准备，所以发挥不够稳定，但下限其实也可以了,2025-06-18 06:24:00,0,1
