﻿视频BV号,视频发布日期,上级评论ID,评论ID,用户ID,用户名,用户粉丝数,评论内容,评论时间,回复数,点赞数
BV1ahNvzmEoz,2025-06-17 10:00:00,0,-147259328,400790233,比格_喷妮丝,11,不是很懂军事，导弹威力没我想象中那么大啊，看导弹命中大楼甚至没把楼炸塌，是现代钢筋混凝土结构太结实了还是导弹的当量不大？[疑惑],2025-06-20 05:07:00,21,35
BV1ahNvzmEoz,2025-06-17 10:00:00,-147259328,-1208134463,295433695,Mortalsk,3,二者都有,2025-06-20 05:15:00,0,5
BV1ahNvzmEoz,2025-06-17 10:00:00,-147259328,-145894176,543135243,m莫洛托夫m,16,混凝土结构比想象的结实，但其实挨一发弹道导弹这整栋楼还是要拆了重建，没办法继续用了,2025-06-20 05:22:00,0,28
BV1ahNvzmEoz,2025-06-17 10:00:00,-147259328,-140439648,1722077647,我就是心系汉唐,91,其实就是没打准。通常导弹装药量惊人，打中要害部位，一般民用建筑没有能扛得住的。但没打中要害就不好说了。,2025-06-20 06:35:00,0,4
BV1ahNvzmEoz,2025-06-17 10:00:00,-147259328,-140272560,22208904,钉宫萌新,23,不要太小看钢筋水泥建筑的强度，你就是核武炸完，稍微不是那么中心的敌方，钢筋水泥建筑都是能留下的。不过搭载的药量确实也有影响就是了,2025-06-20 06:38:00,0,13
BV1ahNvzmEoz,2025-06-17 10:00:00,-147259328,-140058224,45831649,沐天九地,115,现代基建的强度比远程武器生产效率高太多了，尤其是远程武器不比航弹，为了射程只能减少装药量。哪怕就是航弹，一发也难炸塌钢筋混凝土建筑。这就是为什么现代战争靠犁地进攻是不可能的事情，科技已经发展到盾比矛强这个阶段了，哪怕就是核弹，个位数的量也无法彻底摧毁超一线城市,2025-06-20 06:42:00,0,13
BV1ahNvzmEoz,2025-06-17 10:00:00,-147259328,-136862912,5197840,夏雾重山,8,因为禁止用燃烧弹，所以爆炸效果在城市不明显[doge],2025-06-20 07:31:00,0,2
BV1ahNvzmEoz,2025-06-17 10:00:00,-147259328,-1197615247,111663974,卡布同学,14,因为不是核弹头[笑哭],2025-06-20 07:46:00,0,1
BV1ahNvzmEoz,2025-06-17 10:00:00,-147259328,-135029056,22374233,水镜流觞,22,现代导弹已经是精确打击，说打2楼就打2楼，多余的地方不炸。不过这个单指我国高精度导弹，不知道伊朗是什么情况。,2025-06-20 07:57:00,0,5
BV1ahNvzmEoz,2025-06-17 10:00:00,-147259328,-1195626223,21937083,黑布林大李子甜不甜-,1,导弹是精准打击，威力要看搭载了什么弹头啊[藏狐],2025-06-20 08:15:00,0,4
BV1ahNvzmEoz,2025-06-17 10:00:00,-147259328,-1187080527,17565374,吃饭不加土,33,也不用炸塌楼，炸到了里面的人基本就没了[doge],2025-06-20 09:58:00,0,1
BV1ahNvzmEoz,2025-06-17 10:00:00,-1187080527,-67769472,1294605615,超雄被里压大帝,27,回复 @吃饭不加土 :里面的人全都震死了是吧？[笑哭],2025-06-21 00:29:00,0,0
BV1ahNvzmEoz,2025-06-17 10:00:00,-147259328,-118214640,1506604843,脑袋是挡雨的,95,fab2000都炸不塌一栋乌东居民板楼，钢筋混凝土强度很高的,2025-06-20 11:01:00,0,2
BV1ahNvzmEoz,2025-06-17 10:00:00,-147259328,-101779808,8888324,起名爆炸,28,要飞那么远呢，燃料也需要负载的，又不是核弹头，体积小比其他炸药，能飞得很远,2025-06-20 13:41:00,0,0
BV1ahNvzmEoz,2025-06-17 10:00:00,-147259328,-94509280,661043616,CR_晚霞,1750,要看导弹装的是什么,2025-06-20 14:48:00,0,0
BV1ahNvzmEoz,2025-06-17 10:00:00,-147259328,-1145843423,28876485,Moira丿莫相离,140,这个看弹头，而且混凝土结构你以为很弱吗？？？？,2025-06-20 17:05:00,0,0
BV1ahNvzmEoz,2025-06-17 10:00:00,-147259328,-1140123695,1580195259,堇色安年皆是梦,278,由于联合国和国际军事法庭的存在以及人道主义。有太多的毁灭性打击导弹早已经被禁用了。取例就是燃烧弹，燃烧瓶之类的。尤其是白磷的,2025-06-20 19:05:00,0,1
BV1ahNvzmEoz,2025-06-17 10:00:00,-147259328,-29669872,346943015,日语学呀学不会,31,核弹都炸不平钢筋混凝土啊,2025-06-21 07:59:00,0,0
BV1ahNvzmEoz,2025-06-17 10:00:00,-147259328,-10859616,386234217,哈哈麻吉,188,你可能对导弹的威力确实高估了，即便是核弹，抛开核辐射冲击波之类的杀伤，能在地上留下的也就数百米的弹坑,2025-06-21 11:21:00,0,0
BV1ahNvzmEoz,2025-06-17 10:00:00,-147259328,31100512,259561417,真是个好昵称呢,16,伊朗为了应对以色列的高拦截率所以采用的是饱和发射，一定程度上影响了精度，所以对建筑要害处没有造成显著的打击效果,2025-06-21 20:18:00,0,0
BV1ahNvzmEoz,2025-06-17 10:00:00,-147259328,-743144383,12957294,隔壁阿伟,0,炸成危楼,2025-06-24 22:31:00,0,0
BV1ahNvzmEoz,2025-06-17 10:00:00,-147259328,471718976,10929,Beaalice,59,扛得住伽马射线能是什么小角色,2025-06-26 09:46:00,0,0
