﻿视频BV号,视频发布日期,上级评论ID,评论ID,用户ID,用户名,用户粉丝数,评论内容,评论时间,回复数,点赞数
BV1ajMmz4Egg,2025-06-14 09:54:00,0,-1750382271,407999,涯顶上人拿拿鸭,46,其实最伤的是苏莱曼尼，这几个完全可以替代,2025-06-14 10:00:00,26,253
BV1ajMmz4Egg,2025-06-14 09:54:00,-1750382271,-699143712,39849336,大懒猫么么哒,21,伊朗最后一个男人,2025-06-14 10:08:00,0,51
BV1ajMmz4Egg,2025-06-14 09:54:00,-699143712,-1740759327,647420881,闻文翊轩,107,回复 @大懒猫么么哒 :苏莱曼尼死了真的可惜,2025-06-14 11:37:00,0,2
BV1ajMmz4Egg,2025-06-14 09:54:00,-699143712,-679667520,34165512,我那份咖啡不加糖,194,回复 @大懒猫么么哒 :我都觉得哈梅内伊。拿着慈禧的剧本。如果是前几十年早就被八国联联军了。,2025-06-14 13:24:00,0,4
BV1ajMmz4Egg,2025-06-14 09:54:00,-1750382271,-698782224,91242447,滑稽镇,1,还有莱西,2025-06-14 10:13:00,0,80
BV1ajMmz4Egg,2025-06-14 09:54:00,-698782224,-1747776527,29373962,忍野玉,122,回复 @滑稽镇 :莱西是真的可惜啊，,2025-06-14 10:25:00,0,17
BV1ajMmz4Egg,2025-06-14 09:54:00,-698782224,-1724329359,88428851,小小的村子,16,回复 @滑稽镇 :苏莱曼尼在，可以有很多莱西。苏莱曼尼没了，就没了,2025-06-14 14:22:00,0,8
BV1ajMmz4Egg,2025-06-14 09:54:00,-1724329359,-665078400,25383531,加菲猫爱玩魂斗罗,14,回复 @小小的村子 :苏莱曼尼不是伊朗对外的圣城旅的么。地位不如莱西。,2025-06-14 15:43:00,0,0
BV1ajMmz4Egg,2025-06-14 09:54:00,-1750382271,-1748273871,2639461,无为而谔,14,被伊朗出卖最先最高职位的肯定最厉害啊。,2025-06-14 10:20:00,0,38
BV1ajMmz4Egg,2025-06-14 09:54:00,-1750382271,-1748108543,270852874,聖若瑟狗子,21,越年轻越亲美,2025-06-14 10:22:00,0,16
BV1ajMmz4Egg,2025-06-14 09:54:00,-1748108543,-1743271919,86223354,浮生若未歇2,1,回复 @聖若瑟狗子 :中美夫妻论，不是越老越亲美吗,2025-06-14 11:12:00,0,3
BV1ajMmz4Egg,2025-06-14 09:54:00,-1743271919,-1742348447,30476675,望洛释明智,76,回复 @浮生若未歇2 :大海本来就是炒作√，而且他说的是伊朗。,2025-06-14 11:20:00,0,3
BV1ajMmz4Egg,2025-06-14 09:54:00,-1748108543,-1700091631,481268992,在路上zxs,3,回复 @聖若瑟狗子 :老百姓心里有数,2025-06-14 22:22:00,0,0
BV1ajMmz4Egg,2025-06-14 09:54:00,-1750382271,-691870848,9533142,abyss32,265,有一说一，现在这种内鬼遍地的情况，没死在2020年也会死在今年。,2025-06-14 11:20:00,0,14
BV1ajMmz4Egg,2025-06-14 09:54:00,-691870848,-1732692783,317981887,zippo北风,5,回复 @abyss32 :纵横捭阖的人物……被美国随意炸死。还是伊朗“心善”[嗑瓜子][嗑瓜子],2025-06-14 13:02:00,0,5
BV1ajMmz4Egg,2025-06-14 09:54:00,-1750382271,-681243152,264803233,小马驹子哥,380,被杀的都是反美反以。剩下的都是亲美的。哈梅内伊就是最大的亲美亲以派。之前伊朗总统和外长也是被杀的。选新总统的时候哈梅内伊打压反美派，我就觉得不对劲。,2025-06-14 13:07:00,0,15
BV1ajMmz4Egg,2025-06-14 09:54:00,-681243152,-1730770239,49682671,青青草原上的肥羊_,15,回复 @小马驹子哥 :我也觉得，本质上就是伊朗亲美派借着以美的手清除异己,2025-06-14 13:19:00,0,9
BV1ajMmz4Egg,2025-06-14 09:54:00,-1730770239,-542704736,264803233,小马驹子哥,380,回复 @青青草原上的肥羊_ :伊朗现在的高层都是格鲁吉亚人，主体民族是波斯人，波斯人掌握的权力才占15%，统治阶层是少数民族，这就是伊朗团结不起来的原因。,2025-06-16 00:30:00,0,0
BV1ajMmz4Egg,2025-06-14 09:54:00,-681243152,-1730525631,385200785,爱做梦的鑫兔子,10,回复 @小马驹子哥 : 网传哈梅内伊的孙女在灯塔国吃香喝辣嗨皮,2025-06-14 13:21:00,0,6
BV1ajMmz4Egg,2025-06-14 09:54:00,-1750382271,-680132624,385493302,xsplendor,6,这么重要的人物，轻易就被斩首，能说什么呢？,2025-06-14 13:19:00,0,3
BV1ajMmz4Egg,2025-06-14 09:54:00,-1750382271,-678177104,235696229,间歇性努力的周某,74,说实话就伊朗这个保密能力哈梅内伊能活到现在真是神奇,2025-06-14 13:37:00,0,4
BV1ajMmz4Egg,2025-06-14 09:54:00,-678177104,-1724175119,88428851,小小的村子,16,回复 @间歇性努力的周某 :八国联军不会杀慈禧,2025-06-14 14:23:00,0,9
BV1ajMmz4Egg,2025-06-14 09:54:00,-678177104,-1699139887,1675698251,火焱火火火火,6,回复 @间歇性努力的周某 :他就是内奸[笑哭],2025-06-14 23:02:00,0,2
BV1ajMmz4Egg,2025-06-14 09:54:00,-678177104,-1696276447,2541075,拉影学姐,18,回复 @间歇性努力的周某 :因为他现在还不能死，不然没有理由打了,2025-06-15 00:16:00,0,1
BV1ajMmz4Egg,2025-06-14 09:54:00,-678177104,-636985360,669853940,仰望星海的猪,19,回复 @间歇性努力的周某 :他是最大的内奸,2025-06-15 02:14:00,0,1
BV1ajMmz4Egg,2025-06-14 09:54:00,-678177104,-631923232,44166503,WZChaos,3,回复 @间歇性努力的周某 :人家借别人的手，清除反对派,2025-06-15 03:12:00,0,0
BV1ajMmz4Egg,2025-06-14 09:54:00,-1750382271,-665432640,25383531,加菲猫爱玩魂斗罗,14,莱西可是当哈梅内伊接班人培养的。最伤的是他死了。将军可以随意提的接班人不好找。,2025-06-14 15:42:00,0,1
