﻿视频BV号,视频发布日期,上级评论ID,评论ID,用户ID,用户名,用户粉丝数,评论内容,评论时间,回复数,点赞数
BV1aaMvzoEDN,2025-06-16 03:34:00,0,-1577526959,250456189,-蒼藍の401-,184,我们不支持战争和杀戮，但是每个加害者都要为自己的所作所为付出代价！,2025-06-16 05:09:00,7,146
BV1aaMvzoEDN,2025-06-16 03:34:00,-1577526959,-499644640,523364800,feelzhouhy,6,把们去掉,2025-06-16 10:21:00,0,1
BV1aaMvzoEDN,2025-06-16 03:34:00,-499644640,-1554603231,19551453,OnE_OK_Rik,218,回复 @feelzhouhy :既然你都这样说了，那顺便把“不”也去了吧,2025-06-16 10:28:00,0,6
BV1aaMvzoEDN,2025-06-16 03:34:00,-499644640,-1553477999,259458562,f解封符,72,回复 @feelzhouhy :我已成为哔哩哔哩第101636214位转正会员，挑战转正答题考试获得69分，获得&#34;全明星&#34;挂件，有效期16天。,2025-06-16 10:39:00,0,6
BV1aaMvzoEDN,2025-06-16 03:34:00,-499644640,-496946688,28842848,打印不翻车,19,回复 @feelzhouhy :直接说把你去掉就行啦。[抠鼻],2025-06-16 10:50:00,0,7
BV1aaMvzoEDN,2025-06-16 03:34:00,-499644640,-1552391487,3546713864276395,看djfk,2,回复 @feelzhouhy :逆天,2025-06-16 10:52:00,0,1
BV1aaMvzoEDN,2025-06-16 03:34:00,-1577526959,-1554631727,19551453,OnE_OK_Rik,218,我也是，但是那里目前还有自己人，比如视频里的记者，再比如少量的国际主义人士。,2025-06-16 10:28:00,0,2
BV1aaMvzoEDN,2025-06-16 03:34:00,-1577526959,-1485249839,3546761998109176,冷面双刀,2,我觉得有些道理真的就讲不通,2025-06-17 05:12:00,0,0
