﻿视频BV号,视频发布日期,上级评论ID,评论ID,用户ID,用户名,用户粉丝数,评论内容,评论时间,回复数,点赞数
BV1AfKwzVEga,2025-06-20 09:48:00,0,29459072,8955733,___Arc,134,无所谓，国家支持谁我支持谁[doge],2025-06-21 19:16:00,24,6
BV1AfKwzVEga,2025-06-20 09:48:00,29459072,61827968,1531196104,淘气的掏掏,3,要有自己的判断[调皮],2025-06-22 05:09:00,0,1
BV1AfKwzVEga,2025-06-20 09:48:00,61827968,156531920,19771207,口耐的小艾,7,回复 @淘气的掏掏 :支持自己的国家就不是自己的判断？,2025-06-23 04:09:00,0,0
BV1AfKwzVEga,2025-06-20 09:48:00,156531920,162081024,1531196104,淘气的掏掏,3,回复 @口耐的小艾 :国家是国家，政府是政府，懂吗[OK],2025-06-23 05:04:00,0,0
BV1AfKwzVEga,2025-06-20 09:48:00,162081024,194663728,497105225,祢衡3,5,回复 @淘气的掏掏 :国家跟政府是相互联系的，国家，政府，民众相互依存，缺一不可，你把国家跟政府分开是对现有政府不满吗？不满可以说,2025-06-23 11:41:00,0,0
BV1AfKwzVEga,2025-06-20 09:48:00,194663728,196060352,1531196104,淘气的掏掏,3,回复 @祢衡3 :看你说的这么有理，我问你，中国是什么时候成为联合国五常的？现在五常中的中国和加入联合国时的中国是一个中国吗？区别在哪[OK],2025-06-23 11:54:00,0,0
BV1AfKwzVEga,2025-06-20 09:48:00,196060352,204451056,497105225,祢衡3,5,回复 @淘气的掏掏 :区别是之前的政府不能代表民众，民众和政府组成国家，不能被民众认同的政府，早晚会被抛弃,2025-06-23 13:19:00,0,0
BV1AfKwzVEga,2025-06-20 09:48:00,204451056,206230368,1531196104,淘气的掏掏,3,回复 @祢衡3 :好吧，我在给你科普下，学过物理学吗？时间与空间的物理学定义是什么？国家是所在地域民族与地理的概念，与时间和空间相对应，那么政府是什么？好好学习吧[调皮],2025-06-23 13:38:00,0,0
BV1AfKwzVEga,2025-06-20 09:48:00,206230368,206543904,497105225,祢衡3,5,回复 @淘气的掏掏 :俄罗斯和乌克兰是同一个民族,2025-06-23 13:40:00,0,0
BV1AfKwzVEga,2025-06-20 09:48:00,206230368,207042448,497105225,祢衡3,5,回复 @淘气的掏掏 :国家种类分很多种，如伊朗印度这种政教合一的国家，如美苏这种理念型国家，如朝鲜韩国这种因为阵营划分的国家，但是所有的国家都是有着明确的核心，那就是政权，以及组成国家的主体，民众,2025-06-23 13:46:00,0,0
BV1AfKwzVEga,2025-06-20 09:48:00,206230368,207313632,497105225,祢衡3,5,回复 @淘气的掏掏 :国家不是物理学，而是社会学,2025-06-23 13:49:00,0,0
BV1AfKwzVEga,2025-06-20 09:48:00,207313632,209049728,1531196104,淘气的掏掏,3,回复 @祢衡3 :我再再再给你科普下，你现在所学的文化知识都是出自于东西方哲学体系，西方哲学衍生出科学理论，东方哲学衍生出儒家文化，那你的认知理解是偏向于那种哲学理论体系呢[调皮],2025-06-23 14:06:00,0,0
BV1AfKwzVEga,2025-06-20 09:48:00,207313632,209127056,1531196104,淘气的掏掏,3,回复 @祢衡3 :哈哈，逗你玩一下，你看我装逼有实力没有[OK],2025-06-23 14:08:00,0,0
BV1AfKwzVEga,2025-06-20 09:48:00,204451056,-858750575,29275798,Dr黑曜石,69,回复 @祢衡3 :和你对线的是条狗，不用给它讲道理，它都懂，但是他饿，想吃狗粮,2025-06-23 14:26:00,0,0
BV1AfKwzVEga,2025-06-20 09:48:00,162081024,-858939839,29275798,Dr黑曜石,69,回复 @淘气的掏掏 :狗粮好吃吗？,2025-06-23 14:26:00,0,0
BV1AfKwzVEga,2025-06-20 09:48:00,61827968,232966528,498339231,全是大白话,20,回复 @淘气的掏掏 :判断完毕，国家支持谁我就支持谁,2025-06-23 22:30:00,0,0
BV1AfKwzVEga,2025-06-20 09:48:00,29459072,-967690879,65687268,月光雲与海,11,老美支持以色列，几十年前就说过。,2025-06-22 12:03:00,0,1
BV1AfKwzVEga,2025-06-20 09:48:00,-967690879,-947902655,89631879,清純正直的卡布达,4,回复 @月光雲与海 :那敌人的敌人就是朋友[doge],2025-06-22 15:24:00,0,0
BV1AfKwzVEga,2025-06-20 09:48:00,29459072,-957282271,1078447691,1艾力达,11,国家没支持谁，呼吁双方保持克制,2025-06-22 13:50:00,0,0
BV1AfKwzVEga,2025-06-20 09:48:00,-957282271,118650704,8955733,___Arc,134,回复 @1艾力达 :[doge]肯定啊怎么可能呼吁战争呢，表立场要正确潜在立场说不清楚,2025-06-22 15:14:00,0,0
BV1AfKwzVEga,2025-06-20 09:48:00,29459072,-953564975,212988653,阿新Kissin,46,中国始终保持中庸,2025-06-22 14:26:00,0,0
BV1AfKwzVEga,2025-06-20 09:48:00,-953564975,135129120,300380525,安魂奏,41,回复 @阿新Kissin :谁让伊朗出尔反尔呢,2025-06-22 20:28:00,0,0
BV1AfKwzVEga,2025-06-20 09:48:00,135129120,-932287855,18088867,水岩植树,87,回复 @安魂奏 :中庸,2025-06-22 21:06:00,0,0
BV1AfKwzVEga,2025-06-20 09:48:00,29459072,-858956383,29275798,Dr黑曜石,69,这就对了,2025-06-23 14:25:00,0,0
BV1AfKwzVEga,2025-06-20 09:48:00,29459072,-854732783,3537104378268479,bili_3537104378268479,1,美国支持谁我就反对谁[doge],2025-06-23 15:09:00,0,0
