﻿视频BV号,视频发布日期,上级评论ID,评论ID,用户ID,用户名,用户粉丝数,评论内容,评论时间,回复数,点赞数
BV1ahKuzyERV,2025-06-24 04:48:00,0,-813683263,584994960,玫瑰国度的天使,12,所以是按谁打最后一枪确定谁赢吗[笑哭][笑哭],2025-06-24 04:54:00,9,92
BV1ahKuzyERV,2025-06-24 04:48:00,-813683263,-813580239,27678371,仐仐林,38,想成小孩子打架一样[doge],2025-06-24 04:56:00,0,13
BV1ahKuzyERV,2025-06-24 04:48:00,-813683263,-812480095,2012895578,揉树大师,11,有种逛网店的感觉，客服必须说最后一句话[doge],2025-06-24 05:07:00,0,14
BV1ahKuzyERV,2025-06-24 04:48:00,-812480095,258999936,32838036,舌根上的花椒壳,20,回复 @揉树大师 :每次都难受我一把[doge],2025-06-24 05:09:00,0,2
BV1ahKuzyERV,2025-06-24 04:48:00,258999936,-629858255,3292164,瑟瑟普通人,145,回复 @舌根上的花椒壳 :再难受也得忍着，平台强迫的[笑哭],2025-06-26 04:19:00,0,0
BV1ahKuzyERV,2025-06-24 04:48:00,-812480095,259654400,158672118,在下厉飞雨别名跑跑,25,回复 @揉树大师 :哈哈哈哈哈哈哈,2025-06-24 05:16:00,0,0
BV1ahKuzyERV,2025-06-24 04:48:00,-813683263,259149456,484071646,亓峻熙,22,也确实有一定道理，毕竟你能确定自己打完这一枪对方不会再还击的情况下停火也说明局势多少有一定主动性的，只不过伊朗这波很投机取巧，有点赢的意思了,2025-06-24 05:11:00,0,0
BV1ahKuzyERV,2025-06-24 04:48:00,259149456,260432016,240944638,爱吃气球的法杖,9,回复 @亓峻熙 :是以色列打不下去了，要不以色列不会停火的。,2025-06-24 05:24:00,0,0
BV1ahKuzyERV,2025-06-24 04:48:00,-813683263,259887792,175047736,别叫我汉尼拔,2,没参战的赢了，老美、以色列和伊朗都亏麻了，老美亏了大把武器，以色列和伊朗被对方炸烂了。,2025-06-24 05:18:00,0,3
BV1ahKuzyERV,2025-06-24 04:48:00,-813683263,-707620975,438585068,63488631973_bili,6,伊朗打最后一枪赢不赢不好说，但他不打百分百是输[doge],2025-06-25 07:37:00,0,0
