﻿视频BV号,视频发布日期,上级评论ID,评论ID,用户ID,用户名,用户粉丝数,评论内容,评论时间,回复数,点赞数
BV1ahNvzmEoz,2025-06-17 10:00:00,0,-1440221903,543051691,Sunshine868686,12,这些科技人才啊，哎，我都觉得可惜，培养一个科学家多不容易啊,2025-06-17 14:14:00,12,39
BV1ahNvzmEoz,2025-06-17 10:00:00,-1440221903,-380248272,413291020,白羊心情z,107,科技用错了地方就是灾难,2025-06-17 14:27:00,0,26
BV1ahNvzmEoz,2025-06-17 10:00:00,-380248272,-1436860767,546311459,这也太刺激了吧hhh,15,回复 @白羊心情z :确实，比如天天炸加沙的炸弹就不应该被造出来,2025-06-17 14:48:00,0,34
BV1ahNvzmEoz,2025-06-17 10:00:00,-1440221903,-1435668943,24127685,唯草民一介,65,核不扩散条约，他就不该有核弹,2025-06-17 15:01:00,0,3
BV1ahNvzmEoz,2025-06-17 10:00:00,-1435668943,-1432096287,10087997,爱吃芒果的六七,6,回复 @唯草民一介 :以色列还不是一样有 伊朗有是合理的 这样才能达到和平衡 就像印度有马上有就有援助核武器给巴基斯坦。,2025-06-17 15:38:00,0,13
BV1ahNvzmEoz,2025-06-17 10:00:00,-1432096287,-1423706303,49092651,h嫂嫂,44,回复 @爱吃芒果的六七 : 能平衡什么？你都知道巴基斯坦有核弹是为了平衡印度，而巴基斯坦的核弹是五常同时给的。可以色列早就有核弹了，为什么却没有任何一常支持伊朗获得核弹进行平衡？说明伊朗不能拥有核弹才是五常的规划。,2025-06-17 17:40:00,0,0
BV1ahNvzmEoz,2025-06-17 10:00:00,-1432096287,-1423623391,153418385,奶茶不加糖q,44,回复 @爱吃芒果的六七 :超你这么说这样下去全世界人手一个才行[嗑瓜子]但事实证明像米国那样人人有枪不如像我们一样少数人有枪更安全,2025-06-17 17:42:00,0,0
BV1ahNvzmEoz,2025-06-17 10:00:00,-1440221903,-1429554831,76611584,桂美美,25,哈哈,2025-06-17 16:07:00,0,0
BV1ahNvzmEoz,2025-06-17 10:00:00,-1440221903,-1429620319,43535677,黑化肥发灰会会挥发,35,科学没有国界，科学家有,2025-06-17 16:07:00,0,0
BV1ahNvzmEoz,2025-06-17 10:00:00,-1440221903,-1427068367,2083663,不屑橙猫猫,3,没什么可惜的，站在中国的角度来说，拥核国家越少越好。,2025-06-17 16:41:00,0,1
BV1ahNvzmEoz,2025-06-17 10:00:00,-1427068367,-1425127407,2088554087,春风化余,6,回复 @不屑橙猫猫 :得了吧,2025-06-17 17:13:00,0,0
BV1ahNvzmEoz,2025-06-17 10:00:00,-1425127407,-365156624,440107421,花绫_LeaFluorine,260,"回复 @春风化余 :1These small countries have no control and who knows when they might throw them at us, especially the one in the northeast[吃瓜]",2025-06-17 17:30:00,0,1
BV1ahNvzmEoz,2025-06-17 10:00:00,-365156624,-365152768,440107421,花绫_LeaFluorine,260,回复 @花绫_LeaFluorine :1,2025-06-17 17:30:00,0,0
