﻿视频BV号,视频发布日期,上级评论ID,评论ID,用户ID,用户名,用户粉丝数,评论内容,评论时间,回复数,点赞数
BV1ALNtzyEM8,2025-06-19 08:14:00,0,-126016000,33510928,wanyan1101,62,要相信国家智库[喜极而泣]毕竟国家要做错决定，代价太高。,2025-06-20 09:44:00,32,1185
BV1ALNtzyEM8,2025-06-19 08:14:00,-126016000,-1186869583,498265953,BoeingDreamliner,12,[doge],2025-06-20 10:01:00,0,0
BV1ALNtzyEM8,2025-06-19 08:14:00,-126016000,-1185810575,86479977,和光同尘--路人君,76,但我们容错率高,2025-06-20 10:10:00,0,5
BV1ALNtzyEM8,2025-06-19 08:14:00,-1185810575,-1120558495,8106471,偷懒哒人,66,回复 @和光同尘--路人君 :几代强人把中国从独木桥上拉扯到了安全的境地，在你眼中变成容错太高，多读历史吧,2025-06-21 03:06:00,0,32
BV1ALNtzyEM8,2025-06-19 08:14:00,-1120558495,-1091478607,3546878524263398,爱惠且舔狗,0,回复 @偷懒哒人 :你是不是对容错率高有什么误解[笑哭],2025-06-21 08:37:00,0,6
BV1ALNtzyEM8,2025-06-19 08:14:00,-1120558495,-974119871,188086468,Popcornton,1,回复 @偷懒哒人 :你这是容错率低吧,2025-06-22 10:57:00,0,0
BV1ALNtzyEM8,2025-06-19 08:14:00,-1185810575,129760512,343567805,川崎第一正论怪物,61,回复 @和光同尘--路人君 :没有容错，你觉得容错高，是拿人命不当命吗？,2025-06-22 17:36:00,0,0
BV1ALNtzyEM8,2025-06-19 08:14:00,129760512,139233392,346560933,酷安小煸,18,回复 @川崎第一正论怪物 :他们装的是九州万方。,2025-06-22 23:38:00,0,0
BV1ALNtzyEM8,2025-06-19 08:14:00,-126016000,-92549504,455226,回到过去的安静,26,我们踩的坑也很多 但是体量大容错率高。,2025-06-20 15:07:00,0,45
BV1ALNtzyEM8,2025-06-19 08:14:00,-92549504,-1152918863,7819096,海参侠,170,回复 @回到过去的安静 :说对了一半，我们在基层执行出过错，但是从历史唯物主义角度看建国70多年中央的战略决策没有一次出错的,2025-06-20 15:35:00,0,77
BV1ALNtzyEM8,2025-06-19 08:14:00,-1152918863,-1135698431,179265181,很香的野兽先辈,102,回复 @海参侠 :对，甚至是超前的,2025-06-20 22:44:00,0,14
BV1ALNtzyEM8,2025-06-19 08:14:00,-1152918863,-1063958623,3546627270772998,网左行,3,回复 @海参侠 :[笑哭][笑哭][笑哭][笑哭],2025-06-21 13:24:00,0,0
BV1ALNtzyEM8,2025-06-19 08:14:00,-1152918863,71951376,25731733,幻空丶行,19,回复 @海参侠 :记住老兄，世界就是一个巨大的草台班子，天下乌鸦一般黑，阳光之下无新事，一切历史都是当代史。,2025-06-22 07:00:00,0,12
BV1ALNtzyEM8,2025-06-19 08:14:00,71951376,-985461135,7819096,海参侠,170,回复 @幻空丶行 : 你又懂了[支持],2025-06-22 08:54:00,0,0
BV1ALNtzyEM8,2025-06-19 08:14:00,71951376,-973951167,188086468,Popcornton,1,回复 @幻空丶行 :懂爷,2025-06-22 10:58:00,0,0
BV1ALNtzyEM8,2025-06-19 08:14:00,71951376,-730791151,341735380,是名山人,37,"回复 @幻空丶行 :以为极端高不对，以为极端低也不对，思维走极端肯定错。
都是草台班子你咋整不起来一个草台班子？开个公司什么的？那你意思你还不如草包？",2025-06-25 02:43:00,0,0
BV1ALNtzyEM8,2025-06-19 08:14:00,-92549504,138507648,12772501,轩轩_Kino,44,回复 @回到过去的安静 :时代的一粒沙呗[大哭],2025-06-22 23:19:00,0,0
BV1ALNtzyEM8,2025-06-19 08:14:00,-126016000,-84230288,3546784477481148,newfairy,0,中国智库里面有很多牛人,2025-06-20 16:39:00,0,6
BV1ALNtzyEM8,2025-06-19 08:14:00,-126016000,-1144829295,390282591,奶茶里有真猪Zz,28,大战略没毛病，但是基层执行会有偏差，希望我们少走弯路,2025-06-20 17:20:00,0,218
BV1ALNtzyEM8,2025-06-19 08:14:00,-1144829295,-865359279,7588784,小白和他的家人,31,回复 @奶茶里有真猪Zz :都是在可控范围，一松一紧才是高端政治手段,2025-06-23 13:19:00,0,0
BV1ALNtzyEM8,2025-06-19 08:14:00,-126016000,-61232928,673943239,婷---婷---,22,容错高？,2025-06-21 02:05:00,0,0
BV1ALNtzyEM8,2025-06-19 08:14:00,-61232928,-25865456,500115122,哑舍老板全家福,2,回复 @婷---婷--- :体量大，容错能力高，承受的能力更强一些 ，这就好比资本主义世界经济危机对美国和德国造成的影响有所区别一样 ，美国当时承受能力更强 所以可以以工代赈发展罗斯福新政，但德国承受能力没那么强，又受了一战的影响，这就导致法西斯主义发展迅速,2025-06-21 08:43:00,0,12
BV1ALNtzyEM8,2025-06-19 08:14:00,-61232928,-1015007935,2378196,赛莉蒙妮的誓约,53,回复 @婷---婷--- :是的容错高。现在14亿人拿三代人陪你玩死到剩3亿中国还是那个中国。只是对我们来说太沉重了,2025-06-22 03:31:00,0,26
BV1ALNtzyEM8,2025-06-19 08:14:00,-1015007935,-1015047343,2378196,赛莉蒙妮的誓约,53,回复 @赛莉蒙妮的誓约 :1,2025-06-22 03:32:00,0,1
BV1ALNtzyEM8,2025-06-19 08:14:00,-1015007935,79011008,673943239,婷---婷---,22,回复 @赛莉蒙妮的誓约 :火车吨数大并且只有一个火车头，惯性更大，速度还快，遇到事故，可以反应时间很短,2025-06-22 08:24:00,0,3
BV1ALNtzyEM8,2025-06-19 08:14:00,-126016000,-1084889327,3546836191152591,狂流涌动,1,听国家的就对了 他们掌握的信息比我们更全面 历来只担心地方诸侯不愿意再分配,2025-06-21 09:53:00,0,8
BV1ALNtzyEM8,2025-06-19 08:14:00,-126016000,22063648,66439347,大雾四起云雾尽,4,说个事儿，中国本来没计划造002航母的，因为002跟001一模一样，后续搞003这种弹射航母才是正确的，但是08年胡总坚决指示，未来，特别是17年后我们可能会面临大的事情，所以必须得造002航母，于是16年南海危机到现在，,2025-06-21 16:50:00,0,30
BV1ALNtzyEM8,2025-06-19 08:14:00,-126016000,49849920,14037610,油炸不死鸟,26,哥们，你知不知道哪怕房地产现在的负面影响，都写在96年的国务院白皮书里。,2025-06-22 03:10:00,0,84
BV1ALNtzyEM8,2025-06-19 08:14:00,49849920,128017440,378099820,卧剥莲蓬_,53,回复 @油炸不死鸟 :2003年，我在一个小县城上高中，我始终记得我们历史老师给我们说房价要上涨，会掏空很多家庭20年积蓄，搞得大家不敢买其他东西，经济要倒退，20几年后会慢慢回落。那时我对房价一点概念都没有，现在回想起来他说得真差不多……在我上高三的事我们老师去公考了，也不知道他成功没有……,2025-06-22 17:04:00,0,6
BV1ALNtzyEM8,2025-06-19 08:14:00,-126016000,-939910975,381277175,熊眠野,158,李鸿章、翁同和：啊对对对我不是进士出身，我不是国家智库,2025-06-22 17:03:00,0,0
BV1ALNtzyEM8,2025-06-19 08:14:00,-126016000,150173072,1412017833,正在画素描的我,111,国家智库里牛人确实不少，他们要是想不出来哪可能真的没有解决方法了,2025-06-23 02:53:00,0,1
BV1ALNtzyEM8,2025-06-19 08:14:00,-126016000,-826492543,521644197,山里面的野蘑菇,15,我作为国家的一粒沙，为国家做一点微薄之力就行。,2025-06-24 02:24:00,0,1
BV1ALNtzyEM8,2025-06-19 08:14:00,-126016000,-612072447,67611355,w悬铃木,15,我不相信，谁都会犯错，谁都需要人民的提醒和监督,2025-06-26 08:17:00,0,1
