﻿视频BV号,视频发布日期,上级评论ID,评论ID,用户ID,用户名,用户粉丝数,评论内容,评论时间,回复数,点赞数
BV1AfKwzVEga,2025-06-20 09:48:00,0,108604576,52149326,萨尔NO1,11,希望世界和平吧  战争是政治家的游戏  受伤的永远是平民,2025-06-22 13:34:00,10,0
BV1AfKwzVEga,2025-06-20 09:48:00,108604576,131482784,358954727,嘤゛嘤゛嘤゛,17,不见得以色列平民有多受伤,2025-06-22 18:13:00,0,2
BV1AfKwzVEga,2025-06-20 09:48:00,108604576,133223856,25957436,luckyGuyZ,19,以色列全民皆兵，了解一下,2025-06-22 19:21:00,0,4
BV1AfKwzVEga,2025-06-20 09:48:00,108604576,-933250015,119348294,22211222,10,和平是靠斗争换来的,2025-06-22 20:03:00,0,2
BV1AfKwzVEga,2025-06-20 09:48:00,108604576,-933117407,488078571,JenningWoo,19,我给你几个大逼斗，希望你不要还手,2025-06-22 20:20:00,0,3
BV1AfKwzVEga,2025-06-20 09:48:00,-933117407,580591424,1342151346,效果不错嘛,54,回复 @JenningWoo :见到你终于让我知道没教养的人是怎么讲话的了[星星眼],2025-06-27 11:15:00,0,0
BV1AfKwzVEga,2025-06-20 09:48:00,108604576,134652944,183294105,跳跳小鹿莉莉娅,16,这话只是能远离战火的美国人能说出来，因为他想打谁就打谁。当你打卫国战争的时候就会发现，政治家可以逃却陪着民众一起面对。,2025-06-22 20:34:00,0,1
BV1AfKwzVEga,2025-06-20 09:48:00,108604576,-931227087,441838180,菜菜排长,4,伊朗想要和平，但美国以色列法国德国不让,2025-06-22 22:18:00,0,0
BV1AfKwzVEga,2025-06-20 09:48:00,-931227087,446490432,348959909,歌恶鸽,1275,回复 @菜菜排长 :我法德也是有出息了配跟美国放一块说了,2025-06-26 04:23:00,0,0
BV1AfKwzVEga,2025-06-20 09:48:00,108604576,624359056,171054709,陈丶冠丶希,25,符合ID。,2025-06-27 22:08:00,0,0
BV1AfKwzVEga,2025-06-20 09:48:00,108604576,-366747743,14764575,水平線の彼方へ,161,以色列全民皆兵。没有平民[doge_金箍],2025-06-28 15:38:00,0,0
