﻿视频BV号,视频发布日期,上级评论ID,评论ID,用户ID,用户名,用户粉丝数,评论内容,评论时间,回复数,点赞数
BV1aLNBzsE9c,2025-06-17 11:16:00,0,-396619888,39264315,乱舞千叶殇z,67,升旗党呢？[吃瓜],2025-06-17 11:39:00,11,89
BV1aLNBzsE9c,2025-06-17 11:16:00,-396619888,-1453594415,388934498,水落兰波,25,升旗！[打call],2025-06-17 11:53:00,0,16
BV1aLNBzsE9c,2025-06-17 11:16:00,-1453594415,-391658640,378517903,大剑客-,58,回复 @水落兰波 :你赶紧绣几面红旗寄过去[doge],2025-06-17 12:31:00,0,19
BV1aLNBzsE9c,2025-06-17 11:16:00,-391658640,-1412892623,327047454,妨害咱的渣渣,29,回复 @大剑客- :你是指型号9的那种红旗吗？[微笑],2025-06-18 00:29:00,0,4
BV1aLNBzsE9c,2025-06-17 11:16:00,-396619888,-1447544319,123223079,白骨精的老公,253,又不冲突 另外这也不算对等报复啊,2025-06-17 12:58:00,0,9
BV1aLNBzsE9c,2025-06-17 11:16:00,-1447544319,-1417389551,310718171,赵家老伍,8,回复 @白骨精的老公 :[偷笑]之前那些在评论区调侃“升旗”的很多人可不是要“对等报复”，而是“导弹都落在了空地上”。,2025-06-17 22:14:00,0,18
BV1aLNBzsE9c,2025-06-17 11:16:00,-1447544319,-1389431071,32793782,一只叫芒果的Cat,1720,回复 @白骨精的老公 :你怎么知道以被打到了什么，消息不对等这就下定结论了？,2025-06-18 05:35:00,0,0
BV1aLNBzsE9c,2025-06-17 11:16:00,-396619888,-1415704223,432832175,buaa-most,3,伊朗这回升的是“真旗”[笑哭][笑哭],2025-06-17 23:18:00,0,2
BV1aLNBzsE9c,2025-06-17 11:16:00,-396619888,-350096256,246235,祭司SAMA,17,我是绝对支持伊朗干翻以色列的，但是伊朗的表现确实很拉，嘲讽一下升旗也不代表支持以色列,2025-06-18 01:28:00,0,13
BV1aLNBzsE9c,2025-06-17 11:16:00,-396619888,-336835808,251346807,东之东南之南,15,在这呢，升旗党才是真的哀其不幸怒其不争,2025-06-18 04:22:00,0,6
BV1aLNBzsE9c,2025-06-17 11:16:00,-396619888,-326989184,296865706,街角丨咖啡店,12,以伊哪个拉胯就嘲讽哪个，又不是非要支持哪一边,2025-06-18 06:19:00,0,3
BV1aLNBzsE9c,2025-06-17 11:16:00,-396619888,-1115683695,13654051,超搞笑级的小学生,59,大伙都是吃瓜看戏的，是谁有真情实感了[吃瓜],2025-06-21 04:00:00,0,0
