﻿视频BV号,视频发布日期,上级评论ID,评论ID,用户ID,用户名,用户粉丝数,评论内容,评论时间,回复数,点赞数
BV1ahNvzmEoz,2025-06-17 10:00:00,0,-1404928063,59423777,多弘扬中华传统文化,18,21世纪遭受导弹最多的国家（）。[蹲蹲],2025-06-18 02:33:00,8,334
BV1ahNvzmEoz,2025-06-17 10:00:00,-1404928063,-1401289919,2357990,鱼生寥寥无几の咸鱼王,5,[doge]小泽: 呜呜呜X﹏X,2025-06-18 03:23:00,0,91
BV1ahNvzmEoz,2025-06-17 10:00:00,-1401289919,-249281344,172710533,开暮云,74,回复 @鱼生寥寥无几の咸鱼王 :这么发展下去小泽真得排第二，俄罗斯穷啊,2025-06-19 03:17:00,0,3
BV1ahNvzmEoz,2025-06-17 10:00:00,-249281344,-1296334847,48178970,Finriru,29,回复 @开暮云 :毛子再穷还是比????富的,2025-06-19 05:42:00,0,8
BV1ahNvzmEoz,2025-06-17 10:00:00,-1296334847,-1230063119,294253673,御坂08120号,10,回复 @Finriru :大毛二毛纯靠前苏联家底，科技靠考古。[doge],2025-06-20 00:11:00,0,0
BV1ahNvzmEoz,2025-06-17 10:00:00,-1401289919,-210908224,512820048,硒朽,43,回复 @鱼生寥寥无几の咸鱼王 :没事，发动技能，电影重拍[doge],2025-06-19 11:16:00,0,0
BV1ahNvzmEoz,2025-06-17 10:00:00,-1404928063,-341545280,479938337,bili_479938337,71,明明是人类史上,2025-06-18 03:30:00,0,10
BV1ahNvzmEoz,2025-06-17 10:00:00,-1404928063,-1395385295,302256566,粉红少女马云,2,包是乌克兰的。乌克兰都吃好几发榛树了。,2025-06-18 04:30:00,0,61
BV1ahNvzmEoz,2025-06-17 10:00:00,-1395385295,-1280009407,244313473,自由信行,15,回复 @粉红少女马云 :数量可以是，单位面积就不一定了,2025-06-19 09:39:00,0,1
