﻿视频BV号,视频发布日期,上级评论ID,评论ID,用户ID,用户名,用户粉丝数,评论内容,评论时间,回复数,点赞数
BV1AfKwzVEga,2025-06-20 09:48:00,0,-1164925519,309662395,左手拿棒槌,55,伊朗这次之后，如果还不汲取教训，真的就没救了！这次咱家应该会救，毕竟巴基斯坦-伊朗-埃及这条线很重要。如果伊朗真的支楞不起来，中巴-欧洲这条线就会改为中吉乌-欧洲方向了。[笑哭],2025-06-20 13:38:00,16,12
BV1AfKwzVEga,2025-06-20 09:48:00,-1164925519,-1160446415,1595079,賽琉就是正義,58,必须救啊，唇亡齿寒。深层的目标一直是中国。打完伊朗下个是巴基斯坦然后就是中国了。,2025-06-20 14:21:00,0,2
BV1AfKwzVEga,2025-06-20 09:48:00,-1160446415,-1157772895,361118751,WEN仔q,34,回复 @賽琉就是正義 :阿富汗那时候什么不救？邻国,2025-06-20 14:47:00,0,0
BV1AfKwzVEga,2025-06-20 09:48:00,-1157772895,-1156386943,309662395,左手拿棒槌,55,回复 @WEN仔q :阿富汗是大毛的势力范围，又不是咱家的。伊朗算是大毛和咱家共同的范围，所以肯定救。最主要还是关系到了未来几十年，中欧，俄欧的发展规划了。,2025-06-20 15:01:00,0,1
BV1AfKwzVEga,2025-06-20 09:48:00,-1156386943,-72481280,478518222,Tapatio,8,回复 @左手拿棒槌 :退一万步，你说咋救？派兵？这个我相信可能性为零。给武器？太晚了吧，一是运输部署，还有就是操作培训。,2025-06-20 22:20:00,0,0
BV1AfKwzVEga,2025-06-20 09:48:00,-72481280,-1131128799,309662395,左手拿棒槌,55,回复 @Tapatio :亲自下场可能性还是有，不大。但小巴已经放话了，别忘了小巴说的上万人，已经在培训了，虽然名义上是华为的公司行为，实际上就是无人机操作手。[吃瓜],2025-06-21 00:37:00,0,0
BV1AfKwzVEga,2025-06-20 09:48:00,-1157772895,-1156105391,39941978,评论巳不存在,13,回复 @WEN仔q :那个时候我们还是弱鸡……,2025-06-20 15:02:00,0,1
BV1AfKwzVEga,2025-06-20 09:48:00,-1157772895,-92475424,1146695245,仲夏轻云,0,回复 @WEN仔q :阿富汗那时候不在我们的势力范围，不归我们管，仅此而已,2025-06-20 15:07:00,0,0
BV1AfKwzVEga,2025-06-20 09:48:00,-92475424,-1155084879,361118751,WEN仔q,34,回复 @仲夏轻云 :伊朗就归东大管了？,2025-06-20 15:13:00,0,0
BV1AfKwzVEga,2025-06-20 09:48:00,-1157772895,-1127334431,198178808,conyour,0,回复 @WEN仔q :老美亲自下场消耗20年，多美妙,2025-06-21 01:40:00,0,0
BV1AfKwzVEga,2025-06-20 09:48:00,-1160446415,-67427136,16869727,幻之冥火,29,回复 @賽琉就是正義 :这又不是打BOSS一个一个来[笑哭],2025-06-21 00:36:00,0,0
BV1AfKwzVEga,2025-06-20 09:48:00,-1160446415,-52192368,1966545742,彭龙仓,1,回复 @賽琉就是正義 :你咋不去救,2025-06-21 03:50:00,0,0
BV1AfKwzVEga,2025-06-20 09:48:00,-1164925519,-93546496,281072014,卖小女孩的火柴xx,8,不可能救,2025-06-20 14:57:00,0,0
BV1AfKwzVEga,2025-06-20 09:48:00,-1164925519,-92979056,167906517,MoMoTool,4110,要能吸取教训，能流浪千年？,2025-06-20 15:02:00,0,0
BV1AfKwzVEga,2025-06-20 09:48:00,-1164925519,-1154710767,356585499,天云汪慧,5,伊朗位于一带一路重要节点国家，中东地区反美帝的伊朗对东大是重要的。,2025-06-20 15:17:00,0,2
BV1AfKwzVEga,2025-06-20 09:48:00,-1164925519,-72521520,478518222,Tapatio,8,别又幻想自己是救世主了。中国怎么可能下场。在这种情势下，从中国自身利益出发，也不该下场。这老美还没出手呢，很可能它会，伊朗加油吧。,2025-06-20 22:15:00,0,1
BV1AfKwzVEga,2025-06-20 09:48:00,-1164925519,-52273008,1966545742,彭龙仓,1,谁和你咱家,2025-06-21 03:50:00,0,0
