﻿视频BV号,视频发布日期,上级评论ID,评论ID,用户ID,用户名,用户粉丝数,评论内容,评论时间,回复数,点赞数
BV1ANKTzRESn,2025-06-20 16:32:00,0,-1146602399,334694760,baillieumond,92,谁能科普一下这导弹从发射到落到以色列大概需要几分钟？[doge][doge][doge],2025-06-20 16:52:00,40,27
BV1ANKTzRESn,2025-06-20 16:32:00,-1146602399,-82973824,276963303,Hohy12397,6,这种差不多5-12分钟,2025-06-20 16:55:00,0,30
BV1ANKTzRESn,2025-06-20 16:32:00,-82973824,-1146386559,334694760,baillieumond,92,回复 @Hohy12397 :我怎么感觉这东西飞的比以色列战斗机挂航弹快[笑哭][笑哭][笑哭],2025-06-20 16:56:00,0,5
BV1ANKTzRESn,2025-06-20 16:32:00,-1146386559,-82747648,4874717,咖啡里面加酸奶,39,回复 @baillieumond :那不是肯定的吗,2025-06-20 16:58:00,0,26
BV1ANKTzRESn,2025-06-20 16:32:00,-82747648,-80507488,89435926,舅服妳,2,回复 @咖啡里面加酸奶 :啊 ？战机比中程弹道导弹还快[抠鼻],2025-06-20 17:32:00,0,0
BV1ANKTzRESn,2025-06-20 16:32:00,-80507488,-9132304,433687248,Sage_dog,11,回复 @舅服妳 : 超音速战机你想想，音速就是1马赫[doge_金箍],2025-06-21 11:37:00,0,0
BV1ANKTzRESn,2025-06-20 16:32:00,-9132304,9565136,89435926,舅服妳,2,回复 @Sage_dog :战机很容易超音速 现在基本上都是2马赫以上，米格31能达到3.5马赫 。,2025-06-21 14:38:00,0,0
BV1ANKTzRESn,2025-06-20 16:32:00,-1146386559,-82611520,702309431,刘某_____,5,回复 @baillieumond :战斗机只有2-3马赫，这个约15马赫,2025-06-20 17:00:00,0,19
BV1ANKTzRESn,2025-06-20 16:32:00,-82611520,-80487520,38222238,NERV战斗人员,36,回复 @刘某_____ :f16哪来的两三马赫,2025-06-20 17:33:00,0,9
BV1ANKTzRESn,2025-06-20 16:32:00,-82611520,-1134542351,4280594,央翔空,15,回复 @刘某_____ :你让以色列的隼、鹰、肥电飞个3马赫试试，看看他们能跑多远。,2025-06-20 23:24:00,0,0
BV1ANKTzRESn,2025-06-20 16:32:00,-82611520,-22976624,180007712,heheright,11,回复 @刘某_____ : 战斗机巡航一般不超过1马赫，超音速都是要开加力的，现在极速很少超过2马赫了。,2025-06-21 09:16:00,0,0
BV1ANKTzRESn,2025-06-20 16:32:00,-1146386559,-82169696,304187839,_雪花先生,32,回复 @baillieumond :重型导弹的话应该是泥石导弹，7-15马赫，最慢也比战机快两三倍，只要错过了就再也追不上了[呲牙],2025-06-20 17:08:00,0,15
BV1ANKTzRESn,2025-06-20 16:32:00,-1146386559,-1136277727,1508958656,玲儿胖胖,28,回复 @baillieumond :不是，什么战斗机跟导弹比速度啊,2025-06-20 22:18:00,0,1
BV1ANKTzRESn,2025-06-20 16:32:00,-1146386559,-68881168,26237103,起名真麻烦老重复,18,回复 @baillieumond :能追上弹道导弹的战机最少也得是七代机??,2025-06-21 00:07:00,0,0
BV1ANKTzRESn,2025-06-20 16:32:00,-68881168,-1126447071,39903451,梦游小新,12,回复 @起名真麻烦老重复 :碳基湿件最多抗3到4马赫，这个就限制了高速飞机的发展，发现无人化后，不就是导弹[笑哭],2025-06-21 01:49:00,0,0
BV1ANKTzRESn,2025-06-20 16:32:00,-1146386559,-54480624,40440839,图图-我是你牛爷爷啊,8,回复 @baillieumond : 飞机要考虑人能不能受得了? ?导弹就不用了,2025-06-21 03:26:00,0,0
BV1ANKTzRESn,2025-06-20 16:32:00,-1146602399,-1143594383,39903451,梦游小新,12,现在是新形态战争，飞机丢炸弹是上世纪的东西了，你没发现美国系列的只有飞机牛逼，导弹水货一样,2025-06-20 17:43:00,0,16
BV1ANKTzRESn,2025-06-20 16:32:00,-1143594383,-1138790895,31998785,偷吃中子星,21,回复 @梦游小新 :不能这么说 导弹太贵 航弹是管够的 除非导弹里装核弹头巨幅增加威力 不然伤害还是有限 关键点还是贵,2025-06-20 19:59:00,0,2
BV1ANKTzRESn,2025-06-20 16:32:00,-1138790895,-1138772431,39903451,梦游小新,12,回复 @偷吃中子星 :其实事美国生产贵而已，正经的1000公里的导弹，国内就几十万一枚,2025-06-20 20:02:00,0,8
BV1ANKTzRESn,2025-06-20 16:32:00,-1138772431,-1138217071,11373165,GoTheK,118,回复 @梦游小新 :导弹再便宜也比飞机挂的贵吧，伊朗没有制空权，不然他也用飞机扔,2025-06-20 20:36:00,0,8
BV1ANKTzRESn,2025-06-20 16:32:00,-1138217071,-1132608863,1494256652,最咸的-鱼,24,回复 @GoTheK :飞机干一架下来能抵几百个导弹,2025-06-21 00:08:00,0,0
BV1ANKTzRESn,2025-06-20 16:32:00,-1138217071,-1132115551,2148995,克苏恩的触须,2817,回复 @GoTheK :导弹才是最优解，就他们那将近两千公里的距离，飞机来回都得进行空中加油才行，更麻烦。,2025-06-21 00:19:00,0,3
BV1ANKTzRESn,2025-06-20 16:32:00,-1138772431,-1136273807,1508958656,玲儿胖胖,28,回复 @梦游小新 :不可能，这是远火的价格。,2025-06-20 22:18:00,0,3
BV1ANKTzRESn,2025-06-20 16:32:00,-1138772431,-53928240,66070741,陈年霉千张,10,回复 @梦游小新 :想多了…phl03都要百万一发了，普通的一千公里巡航蛋几百万，高超的话至少千万一发。,2025-06-21 03:32:00,0,0
BV1ANKTzRESn,2025-06-20 16:32:00,-1138772431,-1113159023,319191572,?马斯克,32,回复 @梦游小新 : 你造的？还十几万一枚，你咋不说十几块一枚呢,2025-06-21 04:24:00,0,0
BV1ANKTzRESn,2025-06-20 16:32:00,-1138790895,-71692816,180087036,飛歌ing,8,回复 @偷吃中子星 : 动用导弹，说明是准备定点清除对方的重要设施或者重要人的。[嗑瓜子][嗑瓜子]。什么威力与贵。都是次要的。基本命中了，就是赚了,2025-06-20 22:58:00,0,0
BV1ANKTzRESn,2025-06-20 16:32:00,-1138790895,-1135019887,3461562270484990,无衣2,6,回复 @偷吃中子星 :飞机技术比导弹技术难太多，依赖工业基础。,2025-06-20 23:13:00,0,0
BV1ANKTzRESn,2025-06-20 16:32:00,-1143594383,-1135680095,693806495,伊里奇丶乌里扬诺夫,37,回复 @梦游小新 :装药量还是航弾更有优势，同样的体积燃料带的少就有更多空间装爆炸物,2025-06-20 22:47:00,0,0
BV1ANKTzRESn,2025-06-20 16:32:00,-1135680095,-64548128,9046336,x星球,11,回复 @伊里奇丶乌里扬诺夫 :航弹里边基本都是炸药吧，毛子丢的航弹都是靠滑翔翼自己飞几十公里不点火。可以说是真的物美价廉。,2025-06-21 01:21:00,0,0
BV1ANKTzRESn,2025-06-20 16:32:00,-64548128,-1126156863,39903451,梦游小新,12,回复 @x星球 :俄罗斯被扬了上百架架丢铁炸弹的飞机了，战略轰炸机都没怎么出动，真要防空完好，干掉飞行2000公里的战斗机，出动飞机的血亏，再就是飞机出动，飞行员高强度工作，来回飞4000公里，还要用空中加油，飞机员抗不住的，现代战争烈度飞行员已经限制了战术发展了，无人化，高速化，信息化是2000年后的军队发展路径,2025-06-21 01:54:00,0,0
BV1ANKTzRESn,2025-06-20 16:32:00,-1126156863,-60844416,301240,梦呓の旋律,12,回复 @梦游小新 : 哪有那么多，空天军顶着爱国者打了一年半，掉了一架固定翼,2025-06-21 02:10:00,0,0
BV1ANKTzRESn,2025-06-20 16:32:00,-60844416,-1124914079,39903451,梦游小新,12,回复 @梦呓の旋律 :光被小艇搞掉的就有2架,2025-06-21 02:11:00,0,0
BV1ANKTzRESn,2025-06-20 16:32:00,-1146602399,-77078016,219064515,炼尘666,0,好像听说7分多钟,2025-06-20 18:46:00,0,1
BV1ANKTzRESn,2025-06-20 16:32:00,-1146602399,-1136925407,20711770,面包88,10,15-20分钟,2025-06-20 21:39:00,0,0
BV1ANKTzRESn,2025-06-20 16:32:00,-1146602399,-1132880591,1656007265,杞人哪能忧天,10,导弹只需要单程油量，飞机的往返油量，,2025-06-21 00:05:00,0,0
BV1ANKTzRESn,2025-06-20 16:32:00,-1146602399,-1131758991,2018641965,小潮院长0000i,8,"上个世纪的战略模式了，只不过到本世纪以后导弹的生产能力，攻击力，投送能力，都有了大幅提高，虽说反导系统也有进步，但是高超音速导弹的发展更夸张。加之美国用隐身战机欺负小国家，使得隐身战机，反辐射炸弹更加显眼而已。
所以大国之间的代理人战争真的有可能演化成大国之间的战略导弹的互射，这是个很危险的游戏。",2025-06-21 00:27:00,0,1
BV1ANKTzRESn,2025-06-20 16:32:00,-1146602399,-1125425999,3996560,MC-14,752,最慢的导弹也比战机快两到三倍,2025-06-21 02:05:00,0,0
BV1ANKTzRESn,2025-06-20 16:32:00,-1146602399,-1120827503,187457,AK200,77,以色列 伊朗距离多少公里？,2025-06-21 03:02:00,0,0
BV1ANKTzRESn,2025-06-20 16:32:00,-1120827503,-1078582463,334694760,baillieumond,92,回复 @AK200 :算直线貌似1200公里左右,2025-06-21 10:57:00,0,0
BV1ANKTzRESn,2025-06-20 16:32:00,-1146602399,-1107905759,97313186,霹雳震三山,72,导弹速度快，比飞机快的多，就是造价昂贵了……大规模轰炸成本比飞机扔炸弹要高,2025-06-21 05:18:00,0,0
BV1ANKTzRESn,2025-06-20 16:32:00,-1146602399,-1084236735,1805315276,缘梅,12,空中小摩托说是7个小时。我感觉袭击就用小摩托就好了。便宜随便造[笑哭],2025-06-21 10:01:00,0,0
