﻿视频BV号,视频发布日期,上级评论ID,评论ID,用户ID,用户名,用户粉丝数,评论内容,评论时间,回复数,点赞数
BV1ahKuzyERV,2025-06-24 04:48:00,0,-808525407,4476265,DrShirley,131,不是死亡三人受伤6人吗 11人这么多么…,2025-06-24 05:54:00,7,2
BV1ahKuzyERV,2025-06-24 04:48:00,-808525407,-807528479,4476265,DrShirley,131,死亡五人了.,2025-06-24 06:08:00,0,2
BV1ahKuzyERV,2025-06-24 04:48:00,-807528479,-806998559,402261295,玄德星君,50,回复 @DrShirley :伊朗不敢真的打死以色列人的，可能是假消息,2025-06-24 06:16:00,0,0
BV1ahKuzyERV,2025-06-24 04:48:00,-806998559,-806904079,700945278,会做番茄炒蛋的大叔,0,回复 @玄德星君 :乐子,2025-06-24 06:17:00,0,5
BV1ahKuzyERV,2025-06-24 04:48:00,-806998559,-806952927,4476265,DrShirley,131,回复 @玄德星君 :这有什么不敢的…,2025-06-24 06:17:00,0,4
BV1ahKuzyERV,2025-06-24 04:48:00,-806998559,266132448,52945618,Avimin5,20,回复 @玄德星君 :电子生命我已成为哔哩哔哩第75593570位转正会员，挑战转正答题考试获得60分，获得&#34;迷影者&#34;挂件，有效期7天。,2025-06-24 06:40:00,0,1
BV1ahKuzyERV,2025-06-24 04:48:00,-806998559,-803195791,3546885558110257,落雁如風,6,回复 @玄德星君 :??,2025-06-24 07:13:00,0,0
BV1ahKuzyERV,2025-06-24 04:48:00,-806998559,275990496,6059329,雷电双子,5,回复 @玄德星君 :你认真的？,2025-06-24 08:58:00,0,0
