﻿视频BV号,视频发布日期,上级评论ID,评论ID,用户ID,用户名,用户粉丝数,评论内容,评论时间,回复数,点赞数
BV1ahNvzmEoz,2025-06-17 10:00:00,0,-312107248,14519803,四旬老汉勒布朗,54,看多了我军演练视频，我以为一轮攻击起码几百上千枚导弹齐射呢[捂脸],2025-06-18 09:45:00,197,998
BV1ahNvzmEoz,2025-06-17 10:00:00,-312107248,-1370775327,391120296,情鸩,8,还真是[捂脸],2025-06-18 09:49:00,0,16
BV1ahNvzmEoz,2025-06-17 10:00:00,-312107248,-311249408,294688610,扬雨旗,109,"这次伊朗齐射，很多是导弹营 旅级别齐射，也就是几十发。
你看我军军演，也最多就这个规模吧。哪来的上百上千。",2025-06-18 09:54:00,0,198
BV1ahNvzmEoz,2025-06-17 10:00:00,-311249408,-1363610943,415309685,Humble-Rambo,0,回复 @扬雨旗 : 我军军演不是这种终成弹道导弹 更多是火箭弹,2025-06-18 11:02:00,0,8
BV1ahNvzmEoz,2025-06-17 10:00:00,-312107248,-311350160,2092449331,亚麻种籽,11,你是把火箭弹当成捣蛋啦,2025-06-18 09:55:00,0,160
BV1ahNvzmEoz,2025-06-17 10:00:00,-311350160,-1219601599,701711988,还没想好名字----,23,回复 @亚麻种籽 :但是国内的火箭弹射程挺远的。。。,2025-06-20 03:02:00,0,0
BV1ahNvzmEoz,2025-06-17 10:00:00,-312107248,-310720960,1834243120,哗啦哗啦新用户,4,你扔鸡蛋呢？,2025-06-18 10:01:00,0,59
BV1ahNvzmEoz,2025-06-17 10:00:00,-312107248,-1369127039,1476099280,火星三剑客,0,导弹有多贵知道吗 一轮上千 你能打几下 就算是东大也不可能这么造  国库都要崩溃,2025-06-18 10:05:00,0,314
BV1ahNvzmEoz,2025-06-17 10:00:00,-1369127039,-310186608,14519803,四旬老汉勒布朗,54,回复 @火星三剑客 :应该是火箭弹吧，导弹可能确实贵,2025-06-18 10:06:00,0,109
BV1ahNvzmEoz,2025-06-17 10:00:00,-310186608,-301114816,695149721,123657her,4,回复 @四旬老汉勒布朗 : 放心吧，台湾海峡很窄，日后用火箭弹就够了,2025-06-18 11:42:00,0,1
BV1ahNvzmEoz,2025-06-17 10:00:00,-301114816,-296366608,14519803,四旬老汉勒布朗,54,回复 @123657her :火箭炮打小日子的距离也够用吧,2025-06-18 12:33:00,0,0
BV1ahNvzmEoz,2025-06-17 10:00:00,-310186608,-1125853647,343302557,越婢加术汤,40,回复 @四旬老汉勒布朗 :主要是太远了，不然火箭弹确实可以；导弹的话便宜点的上千枚齐射应该也就几十个亿吧,2025-06-21 01:59:00,0,0
BV1ahNvzmEoz,2025-06-17 10:00:00,-1369127039,-309812432,67075010,得胜的男孩子,59,回复 @火星三剑客 :东大这么造没问题  东大产能超乎你的想象,2025-06-18 10:11:00,0,194
BV1ahNvzmEoz,2025-06-17 10:00:00,-309812432,-307485616,86275408,罗盘呼叫,19,回复 @得胜的男孩子 :要是伊朗这种损失程度，估计都是打灭国级别的战争了。。估计能十万枚,2025-06-18 10:34:00,0,52
BV1ahNvzmEoz,2025-06-17 10:00:00,-309812432,-1363185023,382261484,竟敢倒反天罡,56,回复 @得胜的男孩子 :导弹不是流水化作业。产能很难短时间提上去的。[笑哭],2025-06-18 11:08:00,0,5
BV1ahNvzmEoz,2025-06-17 10:00:00,-1363185023,-1357071087,130520485,花的世界我的家园,22,回复 @竟敢倒反天罡 :导弹现在是流水线，至少霹雳15是自动化生产，央视报的。其他导弹应该也差不多吧。,2025-06-18 12:13:00,0,2
BV1ahNvzmEoz,2025-06-17 10:00:00,-1363185023,-179749344,9966521,此人已死有事烧纸123,11,回复 @竟敢倒反天罡 :新闻报道出来了 中国直接展示霹雳15自动化生产线,2025-06-19 17:20:00,0,0
BV1ahNvzmEoz,2025-06-17 10:00:00,-1363185023,-172255600,11559308,剑狂三三,9,回复 @竟敢倒反天罡 :我国的导弹生产是自动化流水线生产 要多少产能都没问题 你去看看央视报道的霹雳15生产线,2025-06-19 22:28:00,0,0
BV1ahNvzmEoz,2025-06-17 10:00:00,-1363185023,-159479728,23091134,少壯幾時兮奈老何,9,回复 @竟敢倒反天罡 :不要臆想，先百度下，现在中国工业化超出你的想象。,2025-06-20 02:44:00,0,0
BV1ahNvzmEoz,2025-06-17 10:00:00,-1363185023,-147114768,216828,傲笑长空,10,回复 @竟敢倒反天罡 :伊朗应该快没存货了[笑哭],2025-06-20 05:08:00,0,0
BV1ahNvzmEoz,2025-06-17 10:00:00,-309812432,-284621744,508108830,鸡冻的小公鸡,24,回复 @得胜的男孩子 :打这种这种基数已经是全民战争了吧。,2025-06-18 14:39:00,0,0
BV1ahNvzmEoz,2025-06-17 10:00:00,-309812432,-1336981167,3546896272460666,爱国人士表彰处,1,回复 @得胜的男孩子 :对，钱都是大风刮来的,2025-06-18 15:47:00,0,1
BV1ahNvzmEoz,2025-06-17 10:00:00,-309812432,-1301161119,476267992,天天崩心态,10,回复 @得胜的男孩子 :我火箭弹都快能当导弹用了。,2025-06-19 04:43:00,0,0
BV1ahNvzmEoz,2025-06-17 10:00:00,-309812432,-1288821055,8200355,罗夏4085,37,回复 @得胜的男孩子 :这还的归功于牛马多的超乎想象,2025-06-19 07:36:00,0,0
BV1ahNvzmEoz,2025-06-17 10:00:00,-309812432,-140029648,26429741,哔哩哔哩肥球,23,回复 @得胜的男孩子 :光有产能有什么用？日子不过了？打仗不花钱的？,2025-06-20 06:42:00,0,0
BV1ahNvzmEoz,2025-06-17 10:00:00,-1369127039,-1365625007,1582241770,双修圣体,16,回复 @火星三剑客 :？上次我记得炮轰金门，5000门大炮[doge_金箍][doge_金箍],2025-06-18 10:41:00,0,45
BV1ahNvzmEoz,2025-06-17 10:00:00,-1365625007,-1362779183,170846480,清风冽雪,100,回复 @双修圣体 :5000门大炮齐射一次不一定有一枚导弹贵，一枚导弹几千万，,2025-06-18 11:11:00,0,12
BV1ahNvzmEoz,2025-06-17 10:00:00,-1362779183,-1361837439,1582241770,双修圣体,16,回复 @清风冽雪 :[doge_金箍]知道，知道,2025-06-18 11:21:00,0,0
BV1ahNvzmEoz,2025-06-17 10:00:00,-1362779183,70555184,355773631,十六夜笑川,37,回复 @清风冽雪 :不能按军售的价钱来算，尤其是像中国这种产业齐全的国家。,2025-06-22 06:45:00,0,0
BV1ahNvzmEoz,2025-06-17 10:00:00,70555184,-991895823,170846480,清风冽雪,100,回复 @十六夜笑川 :导弹便宜炮弹也会便宜，硬说炮弹就是大铁块加火药而已，导弹制作工时也长啊，别管军售自用，价格的大致比例还是一样的,2025-06-22 07:39:00,0,0
BV1ahNvzmEoz,2025-06-17 10:00:00,-1365625007,-288259168,267222003,MySunshineyjx,8,回复 @双修圣体 :大炮是大炮，导弹是导弹，大炮李云龙都能开两发，别抖机灵了,2025-06-18 14:01:00,0,2
BV1ahNvzmEoz,2025-06-17 10:00:00,-1369127039,-1365507887,3503386,崇驰业,19,回复 @火星三剑客 :[藏狐]打得越多，产得越多，产得越多，价格越低。,2025-06-18 10:44:00,0,86
BV1ahNvzmEoz,2025-06-17 10:00:00,-1365507887,-1362685439,32392264,晓晓学姐-的未婚夫,50,回复 @崇驰业 :导弹属于尖端科技，核心部件产能没这么高,2025-06-18 11:11:00,0,13
BV1ahNvzmEoz,2025-06-17 10:00:00,-1362685439,-1310690367,326266860,BILI万年倒第一,22,回复 @晓晓学姐-的未婚夫 :核心部件不就传感器＋芯片＋发动机吗，打起来库库造,2025-06-19 02:45:00,0,0
BV1ahNvzmEoz,2025-06-17 10:00:00,-1362685439,-1290924127,347455252,辛赵不宣地来到王府景,87,回复 @晓晓学姐-的未婚夫 :小看东北北大荒了[doge_金箍],2025-06-19 07:03:00,0,0
BV1ahNvzmEoz,2025-06-17 10:00:00,-1365507887,-303162000,653017,幽囚白景,62,回复 @崇驰业 :价格越低，打得越多。所以打得越多，打得越多,2025-06-18 11:20:00,0,8
BV1ahNvzmEoz,2025-06-17 10:00:00,-1365507887,-1361389999,106615962,AAC-04,18,回复 @崇驰业 :一枚上百万，再便宜能便宜到哪？,2025-06-18 11:25:00,0,4
BV1ahNvzmEoz,2025-06-17 10:00:00,-1361389999,-282194112,688358135,我有两颗小鼠牙,22,回复 @AAC-04 :壳子加推进剂加战斗部加控制单元，一个有两吨吗？需要用到什么特别稀缺的元素啊材料什么的吗？成本真要上百万？就算它真上百万北京一套房可以换几枚？不造太多是没需求占库存，这玩意有自动化生产线央视报道过，真有大量需求量它的实际成本跟工艺难度未必有辆b级电车高，可劲整，许家印买单,2025-06-18 15:04:00,0,1
BV1ahNvzmEoz,2025-06-17 10:00:00,-282194112,-1337904719,254661564,改改运,14,回复 @我有两颗小鼠牙 :你是真不懂大炮一响，黄金万两，航母上一个螺丝就是一辆BBA，小的单兵毒刺都是多少万美元一发，弹道导弹起码上千万美元一发。我们东风31这种不算主力的都是上亿人民币一发。,2025-06-18 15:37:00,0,0
BV1ahNvzmEoz,2025-06-17 10:00:00,-1369127039,-306628640,436508240,べ怎么样的土豆儿べ,15,回复 @火星三剑客 :不用担心，东大虽然备弹只有几千发，但打起来每日产量也有几千发[阴险],2025-06-18 10:44:00,0,66
BV1ahNvzmEoz,2025-06-17 10:00:00,-306628640,-1361270511,213994591,芈卼,9,回复 @べ怎么样的土豆儿べ :[doge_金箍]是全产业链搁这呢，钢铁产量全世界加起来怕是都没有中国的多，真要打起来别的不说导弹肯定管饱[滑稽]还有中国人多人人捐钱，谁敢来和我们干[呲牙][呲牙]国家强大说话就是硬气,2025-06-18 11:28:00,0,1
BV1ahNvzmEoz,2025-06-17 10:00:00,-306628640,-1358685583,3546830027622461,测试用户DD,1,回复 @べ怎么样的土豆儿べ : 不止，军转民的无缝切换回去,2025-06-18 11:55:00,0,1
BV1ahNvzmEoz,2025-06-17 10:00:00,-306628640,-297173376,286509543,寻风d,94,回复 @べ怎么样的土豆儿べ :我感觉备弹也只是明面上的，实际多少不好说[笑哭],2025-06-18 12:25:00,0,2
BV1ahNvzmEoz,2025-06-17 10:00:00,-306628640,-1311690655,16559391,丧狗友,2,回复 @べ怎么样的土豆儿べ :作为东大人我都不相信东大会只有几千发 怕不是又有大大的余量[doge],2025-06-19 02:32:00,0,0
BV1ahNvzmEoz,2025-06-17 10:00:00,-306628640,-1263759327,1530932283,鸭丸是长的,8,回复 @べ怎么样的土豆儿べ :央视不是不是公布中国地下五千公里核长城，这要是一股脑射出去多带劲。,2025-06-19 12:37:00,0,0
BV1ahNvzmEoz,2025-06-17 10:00:00,-1369127039,-1362726623,1448146861,人族族草,18,回复 @火星三剑客 :其实你算一下一枚平均一百万美元，一千枚也就十亿美元，放在国家层面来讲还好吧。我国要真打这种级别的战争的话一千枚太少了，怎么也得上万枚来个覆盖,2025-06-18 11:12:00,0,10
BV1ahNvzmEoz,2025-06-17 10:00:00,-1362726623,-1338556735,254661564,改改运,14,回复 @人族族草 :一枚东风31就20个亿好像 一百万美元顶多制导火箭弹,2025-06-18 15:30:00,0,0
BV1ahNvzmEoz,2025-06-17 10:00:00,-1362726623,-1305850351,488528371,冰凉の凉粉,15,回复 @人族族草 :税金你家包了，想打多少都没问题，你开心就好[脱单doge],2025-06-19 03:52:00,0,0
BV1ahNvzmEoz,2025-06-17 10:00:00,-1369127039,-1362148143,67996699,up小东西,4,回复 @火星三剑客 :东大地大物博，产业链完善，工厂最怕的是没有订单[doge]要是有订单就业率也上去了[doge],2025-06-18 11:19:00,0,7
BV1ahNvzmEoz,2025-06-17 10:00:00,-1369127039,-300152064,2367942,LeafMeteor,118,回复 @火星三剑客 :想什么呢，我国导弹可是过剩的，饱和轰天几天几夜都用不完，火力不足导致的库存过剩[吃瓜]而且还是有点不够，还在存，旧的过剩，新的还在造[脱单doge],2025-06-18 11:52:00,0,5
BV1ahNvzmEoz,2025-06-17 10:00:00,-300152064,-1240789711,1357822156,太合衬の收藏家,5,回复 @LeafMeteor :据说手榴弹还有上亿个[笑哭],2025-06-19 17:18:00,0,0
BV1ahNvzmEoz,2025-06-17 10:00:00,-1369127039,-1358991119,400834288,专杠傻子,260,回复 @火星三剑客 : 东大直接用无人机了，更划算,2025-06-18 11:52:00,0,0
BV1ahNvzmEoz,2025-06-17 10:00:00,-1369127039,-1357548335,1420891,NANAins,77,回复 @火星三剑客 :你还是没搞清楚 东大的经济体系 花钱的只是进口零件和公务员的工资奖金 别的生产花销都不是事,2025-06-18 12:08:00,0,3
BV1ahNvzmEoz,2025-06-17 10:00:00,-1369127039,-298575584,8567026,陈景乄,85,回复 @火星三剑客 :想多了,2025-06-18 12:09:00,0,1
BV1ahNvzmEoz,2025-06-17 10:00:00,-1369127039,-1357063439,367823155,人生如戏现实无情,57,回复 @火星三剑客 :相信祖国，真到战时，导弹那是源源不断的产出，而且就现在的库存起码在一万枚以上,2025-06-18 12:13:00,0,2
BV1ahNvzmEoz,2025-06-17 10:00:00,-1369127039,-1354952463,1326963884,煊元老爸,4,回复 @火星三剑客 :东大如果想可以把导弹成本缩减到现在百分之一不到，当然能把东大逼到这种程度可能要单挑全世界吧,2025-06-18 12:38:00,0,0
BV1ahNvzmEoz,2025-06-17 10:00:00,-1369127039,-294805936,18006404,yemen2,10,回复 @火星三剑客 :东大能自动化生产，其实成本很低很低,2025-06-18 12:51:00,0,1
BV1ahNvzmEoz,2025-06-17 10:00:00,-1369127039,-1352754815,22572259,Putin-001,6,回复 @火星三剑客 :230万耳环,2025-06-18 13:01:00,0,0
BV1ahNvzmEoz,2025-06-17 10:00:00,-1369127039,-1352242671,55841886,LOR麻醉,5,回复 @火星三剑客 :你太小看我国了，朋友,2025-06-18 13:07:00,0,0
BV1ahNvzmEoz,2025-06-17 10:00:00,-1369127039,-292630816,3546612576029226,深邃寂静独步,0,回复 @火星三剑客 :别怕，咱们可以这么打,2025-06-18 13:15:00,0,0
BV1ahNvzmEoz,2025-06-17 10:00:00,-1369127039,-1351233119,228055459,火烧炸酱面,18,回复 @火星三剑客 :买确实贵，能造就没多少钱了，尤其是对东大这种资源自备产能过剩的国家来说，量大管饱。,2025-06-18 13:18:00,0,1
BV1ahNvzmEoz,2025-06-17 10:00:00,-1369127039,-1349501711,411459352,月荣花年,11,回复 @火星三剑客 :要是中国到了这样的危急存亡的时刻，快要灭国的时刻，导弹火箭弹都是疯狂打的，几千发真不算什么了,2025-06-18 13:38:00,0,1
BV1ahNvzmEoz,2025-06-17 10:00:00,-1369127039,-1348297151,598742580,古斯凯奇,10,回复 @火星三剑客 :东大的武器都是自家国企央企造的，真打战了全是按成本卖，工人甚至都可以降薪亏本卖，成本上的优势欧美根本比不上,2025-06-18 13:51:00,0,2
BV1ahNvzmEoz,2025-06-17 10:00:00,-1369127039,-289116272,646684824,尿布狮丶跌丝哇,266,回复 @火星三剑客 :国产存货多。没你想的这么少      随时准备打仗的  特别是这几年国外这么乱。,2025-06-18 13:52:00,0,0
BV1ahNvzmEoz,2025-06-17 10:00:00,-1369127039,-1347263279,298507766,机器猫的小手,23,回复 @火星三剑客 :我们好像能打的起，据说一天能生产几千颗[笑哭],2025-06-18 14:01:00,0,0
BV1ahNvzmEoz,2025-06-17 10:00:00,-1369127039,-1346956735,487400194,漂亮的大钰子,7,回复 @火星三剑客 :你是不是看不清我们国家,2025-06-18 14:04:00,0,0
BV1ahNvzmEoz,2025-06-17 10:00:00,-1369127039,-1346274783,11977885,终极折磨怪,112,回复 @火星三剑客 :我们的实力，一轮上千，打上几个月还是没问题的。,2025-06-18 14:10:00,0,0
BV1ahNvzmEoz,2025-06-17 10:00:00,-1369127039,-1344870287,285771877,赤旗必将插遍世界,11,回复 @火星三剑客 :东大随便造，战时导弹就是个成本价，就是钢铁跟火药还有人工的成本价，真没你想的那么贵,2025-06-18 14:24:00,0,1
BV1ahNvzmEoz,2025-06-17 10:00:00,-1369127039,-284916224,21501737,windy蓝色火焰,9,回复 @火星三剑客 :我国有960万平方公里的土地面积、巨量的各类资源，14亿的人口和世界顶尖的工业体系，一旦进入战争状态，所爆发的能量超乎你的想象[阴险],2025-06-18 14:35:00,0,4
BV1ahNvzmEoz,2025-06-17 10:00:00,-1369127039,-1343894223,601436089,汝是我心肝,2,回复 @火星三剑客 : 就算一个一亿，许家印亏的都有两万多个了，? 更何况 导弹一般也就一千万左右，光一个许家印亏的 就能打20多万个,2025-06-18 14:36:00,0,3
BV1ahNvzmEoz,2025-06-17 10:00:00,-1369127039,-1341927919,3546712601791168,Lucas_QN_Z,3,回复 @火星三剑客 :导弹本来就是消耗品，若放开生产，肯定够用的,2025-06-18 14:54:00,0,0
BV1ahNvzmEoz,2025-06-17 10:00:00,-1369127039,-280861504,37872040,亞子是水母,115,回复 @火星三剑客 :爆产能的事，现在谁敢跟东大谈战时状态爆产能,2025-06-18 15:19:00,0,2
BV1ahNvzmEoz,2025-06-17 10:00:00,-1369127039,-1337027359,441054876,培爱琪琪,5,回复 @火星三剑客 :。。。  就普通汽车的年产量 三千万量 这还是削减了无数次炼铁炼钢厂的结果，       导弹这玩意， 以我国完全的产业链  成本真的很低。。。。  我们国家很多年不咋开采自己国家的资源了， 都是全世界买材料 买矿   然后国内加工再卖给他们  同时在这个过程中顺便满足了国内需求， 有能源出口  变成了超级能源 资源 矿产进口大国。，      并且在这个过程中不断的研发  优化产业链，  供应链   ，迭代升级     不知不觉间，  工业实力达到了克苏鲁级别。。。    尤其是随着信息化军队的建设，     火箭弹都能够打五百公里 精确制导。。。。    对了  我们国家独立于合成旅外的志愿火力，   火箭军 这个军种就是原先的二炮部队，   这个军种在我们落后  工业实力弱小时候  硬是抗住了几十年的压力。   最先进的弹道导弹系统  ，最先进的雷达和卫星情报系统，  史上最强大的工业实力，    同时默默发展了几十年的国之柱石  ， 导弹库存里到底有多少导弹  那谁也说不清。。。 但是每年因为过期 或者新的导弹服役 不得不退役打靶训练的导弹  比俄乌战场加起来用的都多，    我们国家早已经走出了火力覆盖的误区， 讲究的是首发命中   发现就是摧毁，  就连迫击炮都能给加上制导套件，   在不打击居民的情况下  库存那都是以饱和打击世界大战级别都够用的导弹库存 ，,2025-06-18 15:47:00,0,1
BV1ahNvzmEoz,2025-06-17 10:00:00,-1337027359,-200728656,181183143,冷月寒笛,480,回复 @培爱琪琪 :五百公里，海峡足够了。,2025-06-19 13:05:00,0,1
BV1ahNvzmEoz,2025-06-17 10:00:00,-1337027359,-135125696,22374233,水镜流觞,22,回复 @培爱琪琪 :成本相当高好吧，你以为为什么要军企改革…你要是没进过军工厂不要想当然好吧，1枚东风现在出厂成本就小1千万，之前经济环境好随便，现在勒紧裤腰带，军企都降了好几轮薪了。,2025-06-20 07:54:00,0,0
BV1ahNvzmEoz,2025-06-17 10:00:00,-135125696,-1145889087,441054876,培爱琪琪,5,回复 @水镜流觞 :你也知道是东风啊    哥们  这是东风啊 战略导弹啊  谁打仗框框打这玩意    现在军工保持生产  成本肯定高啊   但是要是战争开始了 大规模生产起来 成本自然就低了    再说了  一万枚才一千亿吧 十万枚才一万亿        咱们国家政府的杠杆率这么低。   加杠杆加起来     工业国真不怕打仗消耗吧    ， 尤其是军工厂基本都是国资    打起来对我们可能反而是个好事   十万枚东风造出来  打出去获得的收益  几十万亿都不止  啥国家扛得住十万枚东风？    一个火箭军旅级单位满载发射都有几百枚      大力发展了这么多年  库存打场大仗都够了,2025-06-20 17:03:00,0,0
BV1ahNvzmEoz,2025-06-17 10:00:00,-1369127039,-276084608,1036833021,bili_77386631298,2,回复 @火星三剑客 :[喜极而泣]开战一切企业和个人必须为战争服务，那时候钱算个屁！所有物资都是管控的！一句话就是所有企业国家提供材料你玩命生产就行。,2025-06-18 16:15:00,0,0
BV1ahNvzmEoz,2025-06-17 10:00:00,-1369127039,-275405216,515003700,济南府老鬼,25,回复 @火星三剑客 :有没有可能，光现役的海上舰队，就够来上2，3轮的千枚覆盖[喜极而泣],2025-06-18 16:22:00,0,0
BV1ahNvzmEoz,2025-06-17 10:00:00,-1369127039,-275176272,515003700,济南府老鬼,25,回复 @火星三剑客 :你知道咱家光海面看得见的海面舰队，就有多少的垂发单元不？那只是垂发单元，还有一坑四弹。这还是日常载弹，还没算上补给舰，库存呢。,2025-06-18 16:28:00,0,0
BV1ahNvzmEoz,2025-06-17 10:00:00,-1369127039,-273900304,2568425,永远的红色青年,9,回复 @火星三剑客 :你想多了，储存的，加上全力开造，咱们真玩的起的,2025-06-18 16:44:00,0,0
BV1ahNvzmEoz,2025-06-17 10:00:00,-1369127039,-263069712,30936826,b友瑕疵一定,18,回复 @火星三剑客 :东大还真行,2025-06-18 23:14:00,0,0
BV1ahNvzmEoz,2025-06-17 10:00:00,-1369127039,-1294612799,37741756,hsxisoz,15,回复 @火星三剑客 :你说的东大是阿三么？,2025-06-19 06:10:00,0,0
BV1ahNvzmEoz,2025-06-17 10:00:00,-1369127039,-1282546031,1715213199,yl意思,10,回复 @火星三剑客 :每天几百亿的税收和收入[吃瓜]，不造留做啥？基础建设已经是在建都是浪费程度了,2025-06-19 09:08:00,0,0
BV1ahNvzmEoz,2025-06-17 10:00:00,-1369127039,-210588176,282003123,添柴如我,22,回复 @火星三剑客 :就这么说吧，现在不是战时东西贵，战时的话全国所有的机床车床流水线全开东西量大又管饱啊[滑稽],2025-06-19 11:19:00,0,0
BV1ahNvzmEoz,2025-06-17 10:00:00,-1369127039,-209550672,4299401,天辰帝王,8,回复 @火星三剑客 :东大道实力远超你的想象,2025-06-19 11:30:00,0,0
BV1ahNvzmEoz,2025-06-17 10:00:00,-1369127039,-208710336,179466929,窥屏看初音,21,回复 @火星三剑客 :东大搞得是制导火箭炮，那个费钱不好乱嚯嚯。无制导的火箭炮那一拉一大堆。反正库存多的是，平时谨慎使用是练习精度，正儿八经的时候轰就完了。,2025-06-19 11:40:00,0,0
BV1ahNvzmEoz,2025-06-17 10:00:00,-1369127039,-208579104,179466929,窥屏看初音,21,回复 @火星三剑客 :像中东这个优秀战区匹配机制下，我看铁穹怪贵的，发射点液化气大炮也行,2025-06-19 11:41:00,0,0
BV1ahNvzmEoz,2025-06-17 10:00:00,-1369127039,-197514976,3546785893059145,G-LCD,2,回复 @火星三剑客 :如果真是直接战时状态，搞统制经济，那真毛毛雨了,2025-06-19 13:41:00,0,0
BV1ahNvzmEoz,2025-06-17 10:00:00,-1369127039,-185384176,2037299002,21世纪达瓦里希,12,回复 @火星三剑客 :贵是因为平常产量低，战争开启，生产线全部拉满，除了原材料就是电费，那就便宜到爆,2025-06-19 15:55:00,0,0
BV1ahNvzmEoz,2025-06-17 10:00:00,-1369127039,-184371056,10059710,漆雕羽,13,回复 @火星三剑客 :我们一次大型演习消耗的弹药数量和印度的库存差不多了…,2025-06-19 16:08:00,0,0
BV1ahNvzmEoz,2025-06-17 10:00:00,-1369127039,-1229046175,15587295,爆炸鱿鱼圈,35,回复 @火星三剑客 :东大是可以这么造的。或者都是多弹头,2025-06-20 00:33:00,0,0
BV1ahNvzmEoz,2025-06-17 10:00:00,-1369127039,-1224216559,757565,xx格格巫xx,23,回复 @火星三剑客 : 东大库存应该够很多轮，把老款去库存了，然后生产最新款的，岂不美哉？,2025-06-20 01:56:00,0,0
BV1ahNvzmEoz,2025-06-17 10:00:00,-1369127039,-1221293807,279291099,和我的PL15e说去吧,19,回复 @火星三剑客 :你那是外国的想法，我国这种打法，打得越多导弹越便宜，战时体制这些成本很低的。,2025-06-20 02:36:00,0,0
BV1ahNvzmEoz,2025-06-17 10:00:00,-1369127039,-1210162895,193712281,PPPPatrick_,31,回复 @火星三剑客 :东大还是打的起的，毕竟是自产自销[doge_金箍]没有中间商赚差价[doge_金箍],2025-06-20 04:52:00,0,0
BV1ahNvzmEoz,2025-06-17 10:00:00,-1369127039,-147130112,216828,傲笑长空,10,"回复 @火星三剑客 :两伊战争，伊拉克用150枚导弹打了1700死 8000伤，双方共计丢了500多枚导弹
海湾战争伊拉克一共扔了80来枚导弹
这么看伊朗这次也算拼命了[笑哭]",2025-06-20 05:08:00,0,0
BV1ahNvzmEoz,2025-06-17 10:00:00,-1369127039,-133448352,287984604,倾城为你痴梦,0,回复 @火星三剑客 : 如果俄罗斯一开始就火力拉满（清库存）虽然一开始费钱，但是时间绝对不会拖这么久，别说有平民现在照样打平民区。适合现在东大的战争模式就是量大管饱速战速决，绝对不能打成拖延战,2025-06-20 08:17:00,0,0
BV1ahNvzmEoz,2025-06-17 10:00:00,-1369127039,-1071041167,108848459,张鸿明,2,回复 @火星三剑客 : 你也太小瞧我国的工业能力了，一轮过万也不会崩溃,2025-06-21 12:14:00,0,1
BV1ahNvzmEoz,2025-06-17 10:00:00,-1369127039,-953220047,423837888,暴躁嗷大猫,12,回复 @火星三剑客 :我们的都是超射程火箭弹，能打多少公里全靠运气[doge],2025-06-22 14:30:00,0,0
BV1ahNvzmEoz,2025-06-17 10:00:00,-1369127039,-952899311,423837888,暴躁嗷大猫,12,回复 @火星三剑客 :真打起来我们大部分人都能只吃白米饭不吃菜把钱省下来捐出去，你这种就不知道了。而且我们自己能造的东西你觉得有多贵？,2025-06-22 14:33:00,0,0
BV1ahNvzmEoz,2025-06-17 10:00:00,-312107248,-309198736,3546709841938638,长焦跑得快,25,包括火箭弹吧，中程导弹一次演习打上千枚也太奢侈了,2025-06-18 10:16:00,0,86
BV1ahNvzmEoz,2025-06-17 10:00:00,-312107248,-1367230719,425700372,苦逼的熬硝佬,1,我们打的是火箭弹，量大管饱又便宜[doge],2025-06-18 10:25:00,0,101
BV1ahNvzmEoz,2025-06-17 10:00:00,-1367230719,-262312512,518405204,罗尼的一生,2,回复 @苦逼的熬硝佬 :[笑哭],2025-06-18 23:41:00,0,0
BV1ahNvzmEoz,2025-06-17 10:00:00,-312107248,-306729728,485079742,逃不过我的手掌心,2,火箭弹吧，还不是远火，远火老贵了,2025-06-18 10:43:00,0,42
BV1ahNvzmEoz,2025-06-17 10:00:00,-306729728,-289820560,698496319,扫出猪叫声,16,回复 @逃不过我的手掌心 :远火多少一个，我想看看我能不能玩一个[doge_金箍],2025-06-18 13:45:00,0,0
BV1ahNvzmEoz,2025-06-17 10:00:00,-289820560,-284272240,485079742,逃不过我的手掌心,2,回复 @扫出猪叫声 :大几十万到上千万都有，看多大多远了[笑哭],2025-06-18 14:42:00,0,0
BV1ahNvzmEoz,2025-06-17 10:00:00,-306729728,-1303616719,317486594,一篇晚照,20,回复 @逃不过我的手掌心 :是的，一发便宜的也的70W左右，也有80W左右，如果一次上千那就是7亿，上百就是7千W。确实很贵。,2025-06-19 04:18:00,0,0
BV1ahNvzmEoz,2025-06-17 10:00:00,-312107248,-306550272,9046336,x星球,11,中程导弹导弹和火箭弹是有区别的，你看的视频满天都是火箭弹肯定不是中程导弹。伊朗离以色列一千来公里呢，还没有能射这么远的火箭弹。,2025-06-18 10:46:00,0,33
BV1ahNvzmEoz,2025-06-17 10:00:00,-306550272,-1248045967,9934778,大空不是太空,15,回复 @x星球 :巧了 我国远火正好1000左右临界[OK],2025-06-19 15:32:00,0,0
BV1ahNvzmEoz,2025-06-17 10:00:00,-306550272,-184284032,10059710,漆雕羽,13,回复 @x星球 :？？？真的没有吗？,2025-06-19 16:09:00,0,0
BV1ahNvzmEoz,2025-06-17 10:00:00,-306550272,-183805296,10059710,漆雕羽,13,回复 @x星球 :我们火箭弹的最大射程是两千公里[吃瓜]，因为用的技术别的国家没有，所以你说别家没有我是信的，说世界上没有那就太不了解东大了,2025-06-19 16:15:00,0,0
BV1ahNvzmEoz,2025-06-17 10:00:00,-306550272,-164972528,282969187,春秋霸主政,4,回复 @x星球 :之前网上不是说中国的火箭弹标注300km，误差1700km[笑哭]我以为是为了规避火箭弹国际条约。不过中国目前最大射程火箭弹标注650km好像,2025-06-20 01:23:00,0,0
BV1ahNvzmEoz,2025-06-17 10:00:00,-164972528,-146895520,9046336,x星球,11,回复 @春秋霸主政 :真规避也不可能有标290实射2000km的，要讲实际点嘛。当然网友吹水的话那就随便吹了。,2025-06-20 05:10:00,0,0
BV1ahNvzmEoz,2025-06-17 10:00:00,-312107248,-306332304,516300312,星恋影随南鸢,9,火箭弹才有几百上千枚连发,2025-06-18 10:48:00,0,9
BV1ahNvzmEoz,2025-06-17 10:00:00,-312107248,-1364348127,140621067,春筱Maluao,2,055也就是112个垂发单元啊,2025-06-18 10:55:00,0,11
BV1ahNvzmEoz,2025-06-17 10:00:00,-1364348127,-1339700367,219881353,つづく_,73,回复 @春筱Maluao :但是055一坑四弹 而且能射好几轮的[脱单doge],2025-06-18 15:17:00,0,0
BV1ahNvzmEoz,2025-06-17 10:00:00,-1364348127,-275157088,515003700,济南府老鬼,25,回复 @春筱Maluao :055是112枚垂发单元，但是是一坑四弹。还有052是96枚垂发，054是32枚垂发。但是有多少艘呢？你可以去查一查总和[喜极而泣]咱就说光这个海面舰队的垂发就够了。还有大黑鱼呢？还有6爷呢？这都是有数据的，看得见的。那看不见的……我就不知道了。,2025-06-18 16:25:00,0,0
BV1ahNvzmEoz,2025-06-17 10:00:00,-1364348127,-150319456,651131344,AlexanderThe,6,回复 @春筱Maluao :那是放不下了，不是打完就没了，一艘船都能带112个，路基不得乘个十万,2025-06-20 04:34:00,0,0
BV1ahNvzmEoz,2025-06-17 10:00:00,-312107248,-1364148511,444381,迪蒂威,24,你以为是子弹？,2025-06-18 10:57:00,0,4
BV1ahNvzmEoz,2025-06-17 10:00:00,-312107248,-305336592,1472421,纯洁友爱触手君,23,演习是主打火箭弹和榴弹模拟出来的效果吧,2025-06-18 10:58:00,0,5
BV1ahNvzmEoz,2025-06-17 10:00:00,-312107248,-305082640,39761834,狂人寿,64,你当个个都是东大[doge],2025-06-18 10:59:00,0,12
BV1ahNvzmEoz,2025-06-17 10:00:00,-312107248,-1363161039,509102082,玉山龙哥,9,最具性价比的轰炸还得是地面火炮和轰炸机丢炸弹，弹道导弹能打多少？几百上千万美金一枚，谁也搞不起饱和攻击,2025-06-18 11:06:00,0,8
BV1ahNvzmEoz,2025-06-17 10:00:00,-1363161039,-177055712,102862110,灬懒大王灬,140,回复 @玉山龙哥 :无人机吧，我们无人机才是世界最顶级的,2025-06-19 18:24:00,0,0
BV1ahNvzmEoz,2025-06-17 10:00:00,-312107248,-304498640,1609183216,见水于月,18,火箭弹和导弹不是一个东西吧……,2025-06-18 11:07:00,0,3
BV1ahNvzmEoz,2025-06-17 10:00:00,-312107248,-1361542703,675795280,我就是来看看的不投币,74,所以我反对演习打真炮 不知道这玩意儿有没有保质期如果没有保质期就应该日夜生产日积月累的存,2025-06-18 11:25:00,0,0
BV1ahNvzmEoz,2025-06-17 10:00:00,-312107248,-302408784,2116533,纽博格林北环,55,10艘055就上千枚导弹了，虽然不会全装长剑，但也很夸张了。,2025-06-18 11:28:00,0,0
BV1ahNvzmEoz,2025-06-17 10:00:00,-302408784,-1240938079,1357822156,太合衬の收藏家,5,回复 @纽博格林北环 :12个，112枚，齐射1344枚[doge_金箍],2025-06-19 17:17:00,0,0
BV1ahNvzmEoz,2025-06-17 10:00:00,-312107248,-300568192,1955091108,有头的净化亲,150,055垂发单元才100来个呢[笑哭],2025-06-18 11:49:00,0,0
BV1ahNvzmEoz,2025-06-17 10:00:00,-300568192,-1240818047,1357822156,太合衬の收藏家,5,回复 @有头的净化亲 :咱们有12个055，12*112=1344。一轮齐射的话，一千多个好夸张。,2025-06-19 17:17:00,0,0
BV1ahNvzmEoz,2025-06-17 10:00:00,-312107248,-1359057007,344453269,宇宙最帅的爆炸头,1,话说我们的火箭弹的射程和精准率怎么样？可以导弹用吗？,2025-06-18 11:51:00,0,1
BV1ahNvzmEoz,2025-06-17 10:00:00,-1359057007,-215257888,520754103,半缘君_晨星,3,回复 @宇宙最帅的爆炸头 :咳咳～其实按我军火箭弹的技术，国外学术圈认为属于弹道导弹类。我军火箭弹射程，在600公里内能精确打击，已达到国际弹道导弹标准，却低于我国弹道导弹标准，在国内不能当导弹用，在国外可以。,2025-06-19 10:32:00,0,0
BV1ahNvzmEoz,2025-06-17 10:00:00,-1359057007,-1260940191,474223983,赛博矿工_Net,6,回复 @宇宙最帅的爆炸头 :现在咱们远火的精度，是可以做到一般巡航导弹的精度了，但是这种也不便宜，射程更是没办法和导弹比的，短程导弹可能可以比一比，中程导弹开始就有点战略武器的意思了。,2025-06-19 13:09:00,0,0
BV1ahNvzmEoz,2025-06-17 10:00:00,-312107248,-1358392239,3546560904300573,爱丽丝的切切,9,一天两包烟也供不上这么打呀,2025-06-18 11:59:00,0,0
BV1ahNvzmEoz,2025-06-17 10:00:00,-312107248,-1356647215,50356792,不悲伤路还长,1,我军的火箭弹性价比还是高呀,2025-06-18 12:19:00,0,0
BV1ahNvzmEoz,2025-06-17 10:00:00,-312107248,-1353782927,279696981,Tttttttttttb,42,看情况把，如果附近几个国家都像以色列这样干到脸上了，那基本要开始清库存了，一轮几千应该不是问题，现在火力强的可怕，问题是产能拉满每天填库存的能力也强的可怕[妙啊],2025-06-18 12:50:00,0,1
BV1ahNvzmEoz,2025-06-17 10:00:00,-312107248,-294594176,354351014,有泥土的芬芳,57,这是弹道导弹，很贵的啦，军演成百上千齐射的是火箭弹[捂脸],2025-06-18 12:53:00,0,0
BV1ahNvzmEoz,2025-06-17 10:00:00,-312107248,-1353026431,293832257,关九_999,0,大炮一响，黄金万两[笑哭]有钱也不能拿导弹当火箭弹使，超高音速弹道导弹唉，全世界能自个造的国家都没几个,2025-06-18 12:59:00,0,0
BV1ahNvzmEoz,2025-06-17 10:00:00,-1353026431,-277148192,473453515,盖名字,13,回复 @关九_999 :他们为啥不用299公里的火炮？,2025-06-18 16:01:00,0,0
BV1ahNvzmEoz,2025-06-17 10:00:00,-312107248,-1352877359,22572259,Putin-001,6,230万耳环,2025-06-18 13:01:00,0,0
BV1ahNvzmEoz,2025-06-17 10:00:00,-312107248,-292456112,8454133,海岸线森林,71,说实话我都不敢想我们饱和式打击海岛是什么效果,2025-06-18 13:16:00,0,0
BV1ahNvzmEoz,2025-06-17 10:00:00,-312107248,-1350004719,162997651,c-r-a-z-y,25,精确制导的导弹和量大管饱的火箭差的钱可不是那么一点,2025-06-18 13:32:00,0,0
BV1ahNvzmEoz,2025-06-17 10:00:00,-312107248,-289471904,40285822,爱摸鱼的熊猫少爷,5,你看的那玩意是火箭弹吧？,2025-06-18 13:48:00,0,0
BV1ahNvzmEoz,2025-06-17 10:00:00,-312107248,-289189408,412789339,记忆散落星河,3,一枚导弹几百上千万，还一千枚齐射，演练最多一次估计几发就够了，十几发都少见，而且演练视频看到的基本上是火箭弹，那个便宜，一般几十万或者几万的都有,2025-06-18 13:52:00,0,4
BV1ahNvzmEoz,2025-06-17 10:00:00,-312107248,-287651216,8846743,去玩儿嚛,23,因为东大用的是火箭弹，他这个是导弹[喜极而泣]。不过也配置了制导就是了,2025-06-18 14:06:00,0,0
BV1ahNvzmEoz,2025-06-17 10:00:00,-312107248,-1344652575,14047274,命美,12,伊朗全国上下也就2000多枚导弹。,2025-06-18 14:26:00,0,0
BV1ahNvzmEoz,2025-06-17 10:00:00,-312107248,-1342040751,43200984,Day-,13,那是火箭弹，不是导弹,2025-06-18 14:53:00,0,0
BV1ahNvzmEoz,2025-06-17 10:00:00,-312107248,-1339444047,10489687,懵逼人罗辑,36,所以说军演是最容易洗脑人民的一项运动，对军事方面不了解的人一唬一个准。,2025-06-18 15:20:00,0,2
BV1ahNvzmEoz,2025-06-17 10:00:00,-312107248,-1338297103,348593795,蟹老板2233,203,也不多，我们一年都打不了一两次,2025-06-18 15:34:00,0,0
BV1ahNvzmEoz,2025-06-17 10:00:00,-312107248,-1337553791,1787679793,打不过牛角尖,7,伊朗自称拥有3000枚导弹，以色列说是2000枚！被炸毁了一批，还有发射车也被炸毁了好多。一波打100枚应该已经是极限了！而且一枚造价都是几百万美金！伊朗GDP才多少,2025-06-18 15:40:00,0,0
BV1ahNvzmEoz,2025-06-17 10:00:00,-312107248,-1336702975,423736468,SuperCrazyBoy,7,看吧，平时让你多交罚款多交税是有好处的吧,2025-06-18 15:51:00,0,0
BV1ahNvzmEoz,2025-06-17 10:00:00,-312107248,-277314992,37042326,上阵只用表情包,65,我们也不会，精确制导导弹炸了军事目标摧毁防空能力夺取制空权后也是火箭弹和航空炸弹,2025-06-18 15:58:00,0,0
BV1ahNvzmEoz,2025-06-17 10:00:00,-312107248,-1333087439,121903359,苏轻弦1993,49,维护费贵，这才是成本，真的要是东大来搞然后直接丢出去，这玩意没成本的，自主研发自主制造的东西。嗷嗷搓，搓完就丢出去炸，给对面炸饱了,2025-06-18 16:35:00,0,0
BV1ahNvzmEoz,2025-06-17 10:00:00,-312107248,-273338768,320644843,狗急拉丶,344,[喜极而泣]我们军演也是实弹+半实弹，不会全是实弹的,2025-06-18 16:53:00,0,0
BV1ahNvzmEoz,2025-06-17 10:00:00,-312107248,-1331859695,569956692,不是绿罗,17,咱大中华有的是枪炮导弹，永远扔不完[藏狐],2025-06-18 16:53:00,0,0
BV1ahNvzmEoz,2025-06-17 10:00:00,-312107248,-1331469391,353334874,肥肥鸭掌quq,6,你看到的演戏大多是火箭弹，几百上千枚的火箭弹都可能没一枚导弹值钱的[笑哭],2025-06-18 16:59:00,0,1
BV1ahNvzmEoz,2025-06-17 10:00:00,-312107248,-1323247951,1884113674,上官梓腾,0,怎家的那东西叫火箭弹 和导弹不是一个级别,2025-06-18 22:19:00,0,0
BV1ahNvzmEoz,2025-06-17 10:00:00,-312107248,-1315767791,6703256,闲话旧陈,55,你把火箭炮放导弹了吧……,2025-06-19 01:27:00,0,0
BV1ahNvzmEoz,2025-06-17 10:00:00,-312107248,-256336416,109275632,信頼君,35,很自豪么，知道一次军演多费钱么，大到导弹小到鸡蛋，钱都是人民的交的税。,2025-06-19 01:33:00,0,0
BV1ahNvzmEoz,2025-06-17 10:00:00,-312107248,-1312991967,3546715967719580,happyflyhu,0,哪看的？,2025-06-19 02:12:00,0,0
BV1ahNvzmEoz,2025-06-17 10:00:00,-312107248,-1311939199,344475487,好家伙258,2,导弹和火箭弹不同，前者需精确量大，后者量小饱和式覆盖，只是伊朗的导弹精确度不足,2025-06-19 02:28:00,0,0
BV1ahNvzmEoz,2025-06-17 10:00:00,-312107248,-1310627983,11603654,御の岚,140,那个做不到，且不说价格，单论产能对于东大来讲也不是个容易的事，导弹这种高精尖产品是典型的各精密加工产业集成的体，关键部件的产能很有限，背后的技术工人和配套都不是靠短期动员就能实现的，所以基本上都是靠平时的库存积累。而且这东西维护成本还很高，过多的储备还容易拖累国家经济，所以一般各国会根据自身的经济能力和最大的维护水平来将自身导弹的数量限制在一定范围内，这也是为啥以色列铁穹不够用的原因。所以现实中像那种电影或者军演那种一口气发射几百枚在真实战争中是不可能出现的，后勤根本跟不上。演习中所谓几百上千的更多属于价格低廉的火箭弹，对于导弹更多是有计划的按照战略战术需要使用。像这次伊朗的导弹基本上已经算是不过日子的打法了，因为制空权的缺乏，对于伊朗来讲导弹必须发射出去才有价值，现实层面伊朗这几天有近五分之一的导弹在陆地上被击毁，而这几天以色列对伊朗导弹发射设施的打击也逼着伊朗只能发射导弹，但导弹发射完伊朗估计也就真的要被任人宰割了,2025-06-19 02:48:00,0,0
BV1ahNvzmEoz,2025-06-17 10:00:00,-312107248,-248994960,172710533,开暮云,74,东大能把火箭弹当导弹用，但是不是每家的火箭弹都有300km射程啊[笑哭][笑哭][笑哭]（误差十米）,2025-06-19 03:19:00,0,0
BV1ahNvzmEoz,2025-06-17 10:00:00,-312107248,-248280496,12429429,毛脸,13,你看的那是火箭炮  那不是导弹,2025-06-19 03:28:00,0,0
BV1ahNvzmEoz,2025-06-17 10:00:00,-312107248,-246232944,3546655701862744,石臼湖出土的虎王,0,你也是以为上了[捂脸],2025-06-19 03:56:00,0,0
BV1ahNvzmEoz,2025-06-17 10:00:00,-312107248,-1299840767,288717556,幻想中的阿卡麟,4,我们也没有几百上千的打啊，你看到的那个应该是火箭炮,2025-06-19 04:58:00,0,0
BV1ahNvzmEoz,2025-06-17 10:00:00,-312107248,-237787216,85641400,AlexDNC,7,我们打的是远火，虽然据说咱们的远火有制导[吃瓜],2025-06-19 05:27:00,0,0
BV1ahNvzmEoz,2025-06-17 10:00:00,-312107248,-1288972495,247265,亚砜,10,伊朗防空不行，这么搞基本会被以的飞机炸的不剩多少发射装置，然后就萎了,2025-06-19 07:34:00,0,0
BV1ahNvzmEoz,2025-06-17 10:00:00,-312107248,-1282887743,692119980,的机会给,6,@天天崩心态 咱们咱们的火箭弹和别家导弹也差别不大了，要精度有精度要射程有射程，造价还便宜,2025-06-19 09:02:00,0,0
BV1ahNvzmEoz,2025-06-17 10:00:00,-1282887743,-1275206671,476267992,天天崩心态,10,回复 @的机会给 :有制导射程巨远爆炸威力大，这玩意真不像火箭弹了。,2025-06-19 10:34:00,0,0
BV1ahNvzmEoz,2025-06-17 10:00:00,-312107248,-218980368,160677016,Phat_Ng,22,你看那些排着很多辆发射车，一次打出满屏的基本都是火箭弹啦。,2025-06-19 09:51:00,0,0
BV1ahNvzmEoz,2025-06-17 10:00:00,-312107248,-1276456687,150666159,宋锦粥滕,16,全球有这实力的不超过三个,2025-06-19 10:21:00,0,0
BV1ahNvzmEoz,2025-06-17 10:00:00,-312107248,-215916960,512820048,硒朽,43,上千第一轮就干出去十亿了吧？[笑哭],2025-06-19 10:25:00,0,0
BV1ahNvzmEoz,2025-06-17 10:00:00,-312107248,-1276024367,385057772,书随终身,4,我们国家这能力也干不了这么多,2025-06-19 10:25:00,0,0
BV1ahNvzmEoz,2025-06-17 10:00:00,-312107248,-212177088,1691791725,想去金星钓鱼,23,导弹特别是超音速导弹还是很贵的，撒德防控一枚就是三百万美元还是多少，导弹不会便宜很多的[doge],2025-06-19 11:03:00,0,0
BV1ahNvzmEoz,2025-06-17 10:00:00,-312107248,-211844480,227776141,渡世大愿,41,国民对自己国家的实力确实是不清楚，我们的军演不至于用上千枚导弹来演戏，但我们的真实攻击能力也确实不止几千枚，我们的制造成本…真的低得很，产量特别大，因为我们可没有私人军火企业,2025-06-19 11:08:00,0,0
BV1ahNvzmEoz,2025-06-17 10:00:00,-312107248,-209734784,26636837,小夜！,61,我们军演一次上千枚导弹了？,2025-06-19 11:29:00,0,0
BV1ahNvzmEoz,2025-06-17 10:00:00,-312107248,-207081104,378144813,土拨鼠More,52,毕竟蓝星也没几家成熟掌握了固体弹道导弹技术。。。,2025-06-19 11:57:00,0,0
BV1ahNvzmEoz,2025-06-17 10:00:00,-312107248,-1261018927,474223983,赛博矿工_Net,6,导弹是为了对高价值目标进行精确打击的，不是量大管饱丢着玩的，那是火箭弹，或者飞机丢的航弹，以及便宜的炮弹。导弹的成本是相当高的，咱们不是说出不起，但是肯定不会这么浪费，除非跟美国正面干上了，不然我想不到还有什么目标值得我们齐射上千枚导弹。,2025-06-19 13:07:00,0,0
BV1ahNvzmEoz,2025-06-17 10:00:00,-312107248,-1258765887,5854171,二狗萌子,16,火箭弹和导弹是一码事吗,2025-06-19 13:31:00,0,0
BV1ahNvzmEoz,2025-06-17 10:00:00,-312107248,-192675984,44411028,日内瓦小次郎,57,咱那个叫火箭弹[doge]便宜皮实,2025-06-19 14:33:00,0,0
BV1ahNvzmEoz,2025-06-17 10:00:00,-312107248,-1252779919,325163,庭叶深深,60,在家你叫我火箭弹没问题，在外面你管我叫什么？再问一遍，几百公里射程的叫什么？,2025-06-19 14:39:00,0,0
BV1ahNvzmEoz,2025-06-17 10:00:00,-312107248,-1251944095,1626705752,无聊的消火栓,2,火箭弹也不可能这么打，真的对数量级有概念吗？动辄就要几千枚,2025-06-19 14:47:00,0,0
BV1ahNvzmEoz,2025-06-17 10:00:00,-312107248,-187644352,129855722,北冥有滑其名为稽,171,分清火箭弹和导弹,2025-06-19 15:29:00,0,0
BV1ahNvzmEoz,2025-06-17 10:00:00,-312107248,-1244418399,383965298,16440276495_bili,18,你那是火箭弹吧,2025-06-19 16:19:00,0,0
BV1ahNvzmEoz,2025-06-17 10:00:00,-312107248,-1234181887,2890663,四夕目候,34,你那看的是火箭弹舔地，以前的领导最喜欢看的项目,2025-06-19 21:47:00,0,0
BV1ahNvzmEoz,2025-06-17 10:00:00,-312107248,-1233349423,261316391,467006056,14,都是大呲花，这点对东大一点压力没有,2025-06-19 22:38:00,0,0
BV1ahNvzmEoz,2025-06-17 10:00:00,-312107248,-170902048,401662530,有心事的J先生,22,我们用的炮，火箭弹，量大管饱，只不过数量多了点，距离远了点，造价便宜了点而已,2025-06-19 23:20:00,0,0
BV1ahNvzmEoz,2025-06-17 10:00:00,-312107248,-163009360,484590805,灰天使的翅膀,18,造价不一样，可能他们一个无人机报价就够一颗了,2025-06-20 01:52:00,0,0
BV1ahNvzmEoz,2025-06-17 10:00:00,-312107248,-1202919039,34873366,故国人民有所思の,83,演习的时候，火箭弹这么齐射还行，导弹成本太高了,2025-06-20 06:26:00,0,0
BV1ahNvzmEoz,2025-06-17 10:00:00,-312107248,-1199675743,30679280,Guns_Rider,2498,你以为哪个国家的工业科研能力都和我们一样呢？,2025-06-20 07:17:00,0,0
BV1ahNvzmEoz,2025-06-17 10:00:00,-312107248,-135884976,22374233,水镜流觞,22,你是太天真了，你知道就算咱们国家造百枚以上的导弹，一个院所都是以年为单位的…,2025-06-20 07:42:00,0,0
BV1ahNvzmEoz,2025-06-17 10:00:00,-312107248,-135630608,22374233,水镜流觞,22,想多了，武器的质检相当繁琐，干完活等着配测就要好久…成本根本下不来。强行降本增效就只能降低品控。,2025-06-20 07:46:00,0,0
BV1ahNvzmEoz,2025-06-17 10:00:00,-312107248,-133168576,437738525,有事跟烟说,49,一般国家可打不起，不能什么都跟火箭军看齐,2025-06-20 08:19:00,0,0
BV1ahNvzmEoz,2025-06-17 10:00:00,-312107248,-1161567519,190871250,霜小霜笨啊笨,6,东大演习用的都是过剩的吧[笑哭],2025-06-20 14:10:00,0,0
BV1ahNvzmEoz,2025-06-17 10:00:00,-312107248,-59773120,615390924,被牵着的猫,22,咱们那个哗哗哗轰轰轰的是火箭炮，不是导弹[doge],2025-06-21 02:25:00,0,0
BV1ahNvzmEoz,2025-06-17 10:00:00,-312107248,57787536,17675613,总有一些瑞兹,110,想多了，这又不是五常。,2025-06-22 04:32:00,0,0
BV1ahNvzmEoz,2025-06-17 10:00:00,-312107248,76592080,36980624,油果奶酥里没有椰子汁,56,导弹火箭弹分不清导致的,2025-06-22 07:56:00,0,0
BV1ahNvzmEoz,2025-06-17 10:00:00,-312107248,-974713087,693145151,今天是新的开始,22,你不要把一个小国和我们比,2025-06-22 10:52:00,0,0
BV1ahNvzmEoz,2025-06-17 10:00:00,-312107248,120926560,122722216,枪仙小呆呆,88,火箭弹和导弹的差距比鸡蛋和火箭弹还大，军费再多也经不起那么造啊,2025-06-22 15:36:00,0,0
