﻿视频BV号,视频发布日期,上级评论ID,评论ID,用户ID,用户名,用户粉丝数,评论内容,评论时间,回复数,点赞数
BV1ahNvzmEoz,2025-06-17 10:00:00,0,-1302840623,51239299,第九鬼神神官吉格,33,生在华夏，我感觉挺自豪，虽然我现在穷，我还是自豪,2025-06-19 04:25:00,56,22
BV1ahNvzmEoz,2025-06-17 10:00:00,-1302840623,-243224256,441292179,刺猬炸煎饼,27,玩原神玩的,2025-06-19 04:27:00,0,9
BV1ahNvzmEoz,2025-06-17 10:00:00,-243224256,-1302629583,51239299,第九鬼神神官吉格,33,回复 @刺猬炸煎饼 :你怕是个初生吧，我几年前就没玩了,2025-06-19 04:28:00,0,3
BV1ahNvzmEoz,2025-06-17 10:00:00,-1302629583,-243032256,441292179,刺猬炸煎饼,27,回复 @第九鬼神神官吉格 :哦,2025-06-19 04:29:00,0,0
BV1ahNvzmEoz,2025-06-17 10:00:00,-243032256,-1302175631,51239299,第九鬼神神官吉格,33,回复 @刺猬炸煎饼 :你把我整不会了,2025-06-19 04:32:00,0,0
BV1ahNvzmEoz,2025-06-17 10:00:00,-1302175631,-242342448,441292179,刺猬炸煎饼,27,回复 @第九鬼神神官吉格 :第一定律还在发力还在发力还在发力,2025-06-19 04:35:00,0,3
BV1ahNvzmEoz,2025-06-17 10:00:00,-242342448,-242117440,1472009903,相隔甚远便梦里相见,29,回复 @刺猬炸煎饼 :差不多得了梗小鬼??,2025-06-19 04:37:00,0,5
BV1ahNvzmEoz,2025-06-17 10:00:00,-242117440,-242070544,441292179,刺猬炸煎饼,27,回复 @相隔甚远便梦里相见 :不攻击刷无关梗的楼主反而来攻击我吗，也是成小鬼了我[给心心],2025-06-19 04:38:00,0,1
BV1ahNvzmEoz,2025-06-17 10:00:00,-242070544,-175362272,21420132,宝箱侠,915,回复 @刺猬炸煎饼 :人家说身为中国人挺骄傲的，虽然自己没钱，然后你上来就是一个查成分玩原神玩的，咋了，是不能骄傲还是不能穷啊，还说楼主刷无关梗，贼喊捉贼了属于是[笑哭]，不知道的还以为原神把你咋了,2025-06-19 19:25:00,0,1
BV1ahNvzmEoz,2025-06-17 10:00:00,-175362272,-1232782687,441292179,刺猬炸煎饼,27,回复 @宝箱侠 :伦敦工人已经没人知道了吗,2025-06-19 22:53:00,0,0
BV1ahNvzmEoz,2025-06-17 10:00:00,-242070544,-1235685519,397586886,橘子辛biubiu,6,回复 @刺猬炸煎饼 : 人家说的是家国情怀，你上来就一个玩元神玩的，谁特么在玩无关梗？糖到没边了[吃瓜],2025-06-19 19:57:00,0,1
BV1ahNvzmEoz,2025-06-17 10:00:00,-1235685519,-1232885119,441292179,刺猬炸煎饼,27,回复 @橘子辛biubiu :情怀在哪，伦敦工人自豪地挺起胸膛的情怀吗,2025-06-19 22:50:00,0,0
BV1ahNvzmEoz,2025-06-17 10:00:00,-1232885119,-1211481567,397586886,橘子辛biubiu,6,回复 @刺猬炸煎饼 :伦敦工人还不能自豪的挺起胸膛？英国曾经的成就不都是这些工人阶级创造的？还是你觉得穷就不能为自己国家自豪了？,2025-06-20 04:36:00,0,0
BV1ahNvzmEoz,2025-06-17 10:00:00,-1211481567,-1187778687,441292179,刺猬炸煎饼,27,回复 @橘子辛biubiu :你要不去看看这句话前面那段呢？这话老早以前就在互联网上被当做讽刺的话来说，你说你祖国强大你骄傲，可以这很好，但还强调一下自己穷，那我只能怀疑是真情流露还是阴阳怪气了[汤圆],2025-06-20 09:51:00,0,0
BV1ahNvzmEoz,2025-06-17 10:00:00,-1187778687,-1072900207,32923474,改写,81,回复 @刺猬炸煎饼 :原来是安徽人啊，那可以理解了,2025-06-21 11:55:00,0,0
BV1ahNvzmEoz,2025-06-17 10:00:00,-1072900207,-1070167151,441292179,刺猬炸煎饼,27,回复 @改写 :也是地域攻击上了,2025-06-21 12:23:00,0,0
BV1ahNvzmEoz,2025-06-17 10:00:00,-1302175631,-1234238991,1779474576,沙滩粉发,18,回复 @第九鬼神神官吉格 :蚌埠住,2025-06-19 21:38:00,0,0
BV1ahNvzmEoz,2025-06-17 10:00:00,-1234238991,-1222141103,51239299,第九鬼神神官吉格,33,回复 @沙滩粉发 :[笑哭],2025-06-20 02:25:00,0,0
BV1ahNvzmEoz,2025-06-17 10:00:00,-1222141103,-1196565999,1779474576,沙滩粉发,18,回复 @第九鬼神神官吉格 :[调皮],2025-06-20 08:02:00,0,0
BV1ahNvzmEoz,2025-06-17 10:00:00,-1302629583,-233671264,359933145,四氧化三苟,94,回复 @第九鬼神神官吉格 :那确实是玩原神的,2025-06-19 06:27:00,0,0
BV1ahNvzmEoz,2025-06-17 10:00:00,-233671264,-1280677695,51239299,第九鬼神神官吉格,33,回复 @四氧化三苟 :虽然我没玩了，请问现在原神不能玩了吗,2025-06-19 09:30:00,0,0
BV1ahNvzmEoz,2025-06-17 10:00:00,-1280677695,-204689520,359933145,四氧化三苟,94,回复 @第九鬼神神官吉格 :你现在还想玩可以玩呀,2025-06-19 12:22:00,0,0
BV1ahNvzmEoz,2025-06-17 10:00:00,-243224256,-1302050559,248490275,李半妆-,8,回复 @刺猬炸煎饼 :玩个逼无畏契约   还有脸讲别人,2025-06-19 04:33:00,0,6
BV1ahNvzmEoz,2025-06-17 10:00:00,-1302050559,-242363680,441292179,刺猬炸煎饼,27,回复 @李半妆- :玩米家游戏的也是自豪上了,2025-06-19 04:34:00,0,4
BV1ahNvzmEoz,2025-06-17 10:00:00,-242363680,-242334432,33734915,清白无罪汪康夫,330,回复 @刺猬炸煎饼 :??,2025-06-19 04:35:00,0,2
BV1ahNvzmEoz,2025-06-17 10:00:00,-242334432,-242223584,441292179,刺猬炸煎饼,27,回复 @清白无罪汪康夫 :没攻击你吧急什么捏[汤圆][给心心],2025-06-19 04:37:00,0,2
BV1ahNvzmEoz,2025-06-17 10:00:00,-242223584,-1074382559,125293582,来日再会_866,62,回复 @刺猬炸煎饼 :乐,2025-06-21 11:40:00,0,0
BV1ahNvzmEoz,2025-06-17 10:00:00,-1302050559,-1234313871,1779474576,沙滩粉发,18,回复 @李半妆- :人机,2025-06-19 21:38:00,0,0
BV1ahNvzmEoz,2025-06-17 10:00:00,-243224256,-1252848335,36490774,剑三技改策划无麻,41,回复 @刺猬炸煎饼 :炫压抑了吧[哦呼]打瓦打的,2025-06-19 14:37:00,0,1
BV1ahNvzmEoz,2025-06-17 10:00:00,-243224256,-1245413727,3546390967880666,果酱猫猫兔,6,回复 @刺猬炸煎饼 :在这搞抽象不好吧,2025-06-19 16:07:00,0,0
BV1ahNvzmEoz,2025-06-17 10:00:00,-243224256,-174530704,1256506601,今天大太阳啊,21,回复 @刺猬炸煎饼 :抖nm的激灵呢？,2025-06-19 20:04:00,0,0
BV1ahNvzmEoz,2025-06-17 10:00:00,-243224256,-1235167023,2084657687,秋叶无浪漫,11,回复 @刺猬炸煎饼 :你这种东西配看奥特曼？[笑哭],2025-06-19 20:29:00,0,0
BV1ahNvzmEoz,2025-06-17 10:00:00,-1235167023,-1232720767,441292179,刺猬炸煎饼,27,回复 @秋叶无浪漫 :那我不配呗[汤圆],2025-06-19 22:59:00,0,0
BV1ahNvzmEoz,2025-06-17 10:00:00,-243224256,-1166703743,3546763946362988,SchaleSensel,16,回复 @刺猬炸煎饼 :你这种就是极致二极管??,2025-06-20 13:21:00,0,0
BV1ahNvzmEoz,2025-06-17 10:00:00,-1166703743,-1119183343,441292179,刺猬炸煎饼,27,回复 @SchaleSensel :那咋了[汤圆],2025-06-21 03:22:00,0,0
BV1ahNvzmEoz,2025-06-17 10:00:00,-1119183343,-43040880,1221504948,雨寒凌霄,23,回复 @刺猬炸煎饼 :转人工[doge],2025-06-21 05:20:00,0,0
BV1ahNvzmEoz,2025-06-17 10:00:00,-43040880,-1107437135,441292179,刺猬炸煎饼,27,回复 @雨寒凌霄 :[doge],2025-06-21 05:23:00,0,0
BV1ahNvzmEoz,2025-06-17 10:00:00,-243224256,-48006144,38548342,一切-如愿以偿,42,回复 @刺猬炸煎饼 :你俩谁也别说谁,2025-06-21 04:32:00,0,0
BV1ahNvzmEoz,2025-06-17 10:00:00,-48006144,-1107441775,441292179,刺猬炸煎饼,27,回复 @一切-如愿以偿 :我的,2025-06-21 05:23:00,0,0
BV1ahNvzmEoz,2025-06-17 10:00:00,-243224256,-1073947135,125293582,来日再会_866,62,回复 @刺猬炸煎饼 :猪鼻纯是剪的[笑哭]完成时南大门[星星眼][星星眼][星星眼]一来就攻击成分，用你的思维去看你打瓦也没多好哈[大哭][大哭][大哭]爵士剑刃[星星眼][星星眼][星星眼],2025-06-21 11:43:00,0,0
BV1ahNvzmEoz,2025-06-17 10:00:00,-1073947135,-1070153791,441292179,刺猬炸煎饼,27,回复 @来日再会_866 :是的，我们剑瓦批是这样的,2025-06-21 12:24:00,0,0
BV1ahNvzmEoz,2025-06-17 10:00:00,-1302840623,-242084112,71206232,九个大大大太阳,6,这就是生在中国的好处了。人家不得不丢导弹打仗，你们在因为两个b游戏吵架,2025-06-19 04:38:00,0,15
BV1ahNvzmEoz,2025-06-17 10:00:00,-242084112,-180696704,268116140,贴膜菊石舞,269,回复 @九个大大大太阳 :强而有力的论证[吃瓜],2025-06-19 17:05:00,0,0
BV1ahNvzmEoz,2025-06-17 10:00:00,-242084112,-1240621167,1357822156,太合衬の收藏家,5,回复 @九个大大大太阳 :你别说，今天我看新闻的时候，确实挺感慨的，国外的人民导弹在头顶飞，不知道哪一刻命就没了。我们虽然也有不好。比如我预售房烂尾维权。但是比起来这些，能安全的活着，每天吃吃喝喝好好生活着已经不错了。,2025-06-19 17:24:00,0,1
BV1ahNvzmEoz,2025-06-17 10:00:00,-242084112,-702709503,323380179,空想飞氯,14,回复 @九个大大大太阳 :没绷住,2025-06-25 08:48:00,0,0
BV1ahNvzmEoz,2025-06-17 10:00:00,-1302840623,-196701696,3493128025672102,鼠鼠是我鸭,155,能充大会员，小宝贝咱不穷[嘟嘟],2025-06-19 13:51:00,0,0
BV1ahNvzmEoz,2025-06-17 10:00:00,-196701696,-1254334143,8119699,CN艾露,383,回复 @鼠鼠是我鸭 :有没有可能，大会员可以免费换？我17年办的联通b站33卡，每年每个月都在换大会员,2025-06-19 14:21:00,0,0
BV1ahNvzmEoz,2025-06-17 10:00:00,-1254334143,-187858016,3493128025672102,鼠鼠是我鸭,155,回复 @CN艾露 :你是楼主吗,2025-06-19 15:27:00,0,0
BV1ahNvzmEoz,2025-06-17 10:00:00,-1302840623,-195565968,44903130,春秋笔法大师,2,早晚富起来,2025-06-19 14:01:00,0,0
BV1ahNvzmEoz,2025-06-17 10:00:00,-195565968,-1250286911,51239299,第九鬼神神官吉格,33,回复 @春秋笔法大师 :[给心心]（谢谢）,2025-06-19 15:06:00,0,0
BV1ahNvzmEoz,2025-06-17 10:00:00,-1302840623,-178490032,27732104,特姆西,18,不是你先刷起来的？小鬼,2025-06-19 17:46:00,0,0
BV1ahNvzmEoz,2025-06-17 10:00:00,-1302840623,-1221944783,627221486,卓峰峰,22,好,2025-06-20 02:27:00,0,0
BV1ahNvzmEoz,2025-06-17 10:00:00,-1302840623,-1109906495,3546829899696793,阿猫猫啦,0,盲猜有人喷你奥国贼,2025-06-21 04:56:00,0,0
BV1ahNvzmEoz,2025-06-17 10:00:00,-1302840623,-37631056,1544229808,此才鬼羡之,138,想到了个笑话，哪怕伦敦最贫穷的乞丐想到大不列颠的国力，也会不自觉的挺起骄傲的胸膛[笑哭],2025-06-21 06:21:00,0,1
BV1ahNvzmEoz,2025-06-17 10:00:00,-1302840623,-24901392,3546378045229348,枫火流瑩,15,还能上网也叫穷[笑哭],2025-06-21 08:54:00,0,0
BV1ahNvzmEoz,2025-06-17 10:00:00,-24901392,-1070456591,51239299,第九鬼神神官吉格,33,回复 @枫火流瑩 :？什么才叫穷,2025-06-21 12:20:00,0,0
BV1ahNvzmEoz,2025-06-17 10:00:00,-1302840623,-1076369119,3461576883440372,互联网冲浪爱好者9527,2,串味太冲了，下次注意??,2025-06-21 11:19:00,0,0
