﻿视频BV号,视频发布日期,上级评论ID,评论ID,用户ID,用户名,用户粉丝数,评论内容,评论时间,回复数,点赞数
BV1aANRzqE5d,2025-06-22 10:19:00,0,-924412735,222127581,qc973357,15,九紫离火运真不是开玩笑[滑稽],2025-06-23 01:15:00,18,36
BV1aANRzqE5d,2025-06-22 10:19:00,-924412735,-919363359,450802066,Milllll万二蚊,29,怎么说,2025-06-23 02:37:00,0,1
BV1aANRzqE5d,2025-06-22 10:19:00,-919363359,-917107855,279567264,M斯汀教授,9,回复 @Milllll万二蚊 :推背图预测21世纪中页左右世界动荡战乱，国运又逢九离紫火运动荡加剧,2025-06-23 03:09:00,0,8
BV1aANRzqE5d,2025-06-22 10:19:00,-917107855,-909021967,96634886,狗东呀呀呀,3,回复 @M斯汀教授 :那是不是说21世纪中叶国内也很乱,2025-06-23 04:39:00,0,3
BV1aANRzqE5d,2025-06-22 10:19:00,-909021967,167117776,40201729,断剑无需留恋丶,7,回复 @狗东呀呀呀 :有点可能，看现在的状态有点像高压锅,2025-06-23 06:09:00,0,2
BV1aANRzqE5d,2025-06-22 10:19:00,167117776,-892549775,33143776,天空是蓝的mtc,3,回复 @断剑无需留恋丶 :现在就和老美比，谁先熬不住[腾讯招聘_无所谓了],2025-06-23 08:20:00,0,0
BV1aANRzqE5d,2025-06-22 10:19:00,167117776,220609808,28301713,想变壮实的小伙子,8,回复 @断剑无需留恋丶 :军队不出问题，中国乱不起来。,2025-06-23 16:08:00,0,1
BV1aANRzqE5d,2025-06-22 10:19:00,220609808,-834545983,194616282,500KV5012,16,回复 @想变壮实的小伙子 :事实上，军队不出问题，历史上的每个朝代都不会完蛋,2025-06-23 23:57:00,0,1
BV1aANRzqE5d,2025-06-22 10:19:00,-909021967,171471504,1057857602,天下爱国者,65,回复 @狗东呀呀呀 : 如果是世界大战的话，国内不可能平静,2025-06-23 07:09:00,0,0
BV1aANRzqE5d,2025-06-22 10:19:00,-909021967,191662464,79461522,奋起的老宅男,41,回复 @狗东呀呀呀 :你看看国内这状况，就业、医疗、婚姻、教育。现在经济还可以，矛盾不显，但我们已经不具备几十年前的凝聚力和抗风险能力了。等到若干年后，一旦经济萎靡矛盾凸显，就是个乱局啊。,2025-06-23 11:10:00,0,9
BV1aANRzqE5d,2025-06-22 10:19:00,191662464,220941488,28301713,想变壮实的小伙子,8,回复 @奋起的老宅男 :凝聚力确实感觉没那么好，但是翻不了天，只要军队不出问题。你说的这几个都是相对小问题，颠覆不了政权。,2025-06-23 16:13:00,0,2
BV1aANRzqE5d,2025-06-22 10:19:00,-917107855,172507008,289219904,达瓦里希117,11,回复 @M斯汀教授 : 你也看到这个事了,2025-06-23 07:26:00,0,0
BV1aANRzqE5d,2025-06-22 10:19:00,-917107855,-892717087,348449298,我就是个属兔的单身狗,89,回复 @M斯汀教授 : 推背图推的不是中原吗，怎么还扯上世界了,2025-06-23 08:16:00,0,0
BV1aANRzqE5d,2025-06-22 10:19:00,-892717087,-825767503,165995682,雨后的空灵,12,回复 @我就是个属兔的单身狗 :那时候丝绸之路已经很繁华了，对外贸易很活跃，要不说古代的中国通过丝绸和瓷器还有茶叶统治世界一千年呢，那时候的人已经有世界视角了,2025-06-24 02:34:00,0,0
BV1aANRzqE5d,2025-06-22 10:19:00,-825767503,-824666063,348449298,我就是个属兔的单身狗,89,回复 @雨后的空灵 :从来也没统治过世界一千年，连一年都没有过,2025-06-24 02:50:00,0,0
BV1aANRzqE5d,2025-06-22 10:19:00,-824666063,-779441151,165995682,雨后的空灵,12,回复 @我就是个属兔的单身狗 :我要说的是那时候已经有世界贸易了，人们已经有世界视角了，怎么又扯别处去了呢？,2025-06-24 11:55:00,0,0
BV1aANRzqE5d,2025-06-22 10:19:00,-924412735,153185968,278515903,ElcucuyEddie,13,九紫离火烧得太旺了,2025-06-23 03:32:00,0,3
BV1aANRzqE5d,2025-06-22 10:19:00,-924412735,-875135423,222127581,qc973357,15,卧槽广东地震了,2025-06-23 11:36:00,0,0
BV1aANRzqE5d,2025-06-22 10:19:00,-924412735,200940176,431319418,深蓝梦境1993,2,你在说啥，除了婚姻其他都是扯谈，百姓只要能过日子，谁跟你去乱啊？,2025-06-23 12:44:00,0,3
