﻿视频BV号,视频发布日期,上级评论ID,评论ID,用户ID,用户名,用户粉丝数,评论内容,评论时间,回复数,点赞数
BV1aANRzqE5d,2025-06-22 10:19:00,0,91794176,3546900781337201,新晋老登,1,猜到了[doge]，那么多飞机都跑去，航母都开过去了，别看他说，看他做什么就行,2025-06-22 10:42:00,9,986
BV1aANRzqE5d,2025-06-22 10:19:00,91794176,-975486975,303393,Hyacreap,16,还不够多，赶紧派陆军吧[笑哭],2025-06-22 10:43:00,0,110
BV1aANRzqE5d,2025-06-22 10:19:00,-975486975,-925904559,402729669,,8,回复 @Hyacreap :疯狂大山脉，有命你就来[笑哭],2025-06-23 00:49:00,0,13
BV1aANRzqE5d,2025-06-22 10:19:00,-925904559,-920111103,303393,Hyacreap,16,回复 @-充电的猫 :帝国坟场plus,2025-06-23 02:25:00,0,4
BV1aANRzqE5d,2025-06-22 10:19:00,-975486975,-925141007,3546715107887389,战字成道h,16,回复 @Hyacreap :也就天天打卡上班，派陆军是不大可能的,2025-06-23 01:03:00,0,2
BV1aANRzqE5d,2025-06-22 10:19:00,-925141007,-920160847,303393,Hyacreap,16,回复 @战字成道h :天天估计都没有，按川皇的意思，“我已经炸过，赢了，为啥还要炸”,2025-06-23 02:26:00,0,12
BV1aANRzqE5d,2025-06-22 10:19:00,-975486975,145604320,101713201,打野反蹲怒送一血,8,"回复 @Hyacreap :川普:朕明白了，全天下的的臣民等了很多年了，啊？！
其他发展中国家:全天下的臣民都在盼着这一刻呀！！",2025-06-23 01:44:00,0,10
BV1aANRzqE5d,2025-06-22 10:19:00,-975486975,153281584,300685044,轮椅八百迈,5,回复 @Hyacreap :那不又得开启帝国坟场副本[doge],2025-06-23 03:33:00,0,0
BV1aANRzqE5d,2025-06-22 10:19:00,-975486975,177759088,44271214,晚上月亮刚下班,46,回复 @Hyacreap :陆军都去了那就脱不开身了[doge],2025-06-23 08:39:00,0,0
BV1aANRzqE5d,2025-06-22 10:19:00,91794176,119062224,40104912,Nice丶挚爱,17,美以的特种部队联合去偷袭奶茶店，结果让人家的拖着兵一锅端了。,2025-06-22 15:18:00,0,70
