﻿视频BV号,视频发布日期,上级评论ID,评论ID,用户ID,用户名,用户粉丝数,评论内容,评论时间,回复数,点赞数
BV1aANRzqE5d,2025-06-22 10:19:00,0,118684816,441616812,一二恋恋不忘二一,41,糊鳃是认真的吗[笑哭],2025-06-22 15:13:00,10,0
BV1aANRzqE5d,2025-06-22 10:19:00,118684816,121417952,533876017,扑街兽进化-含家产兽,14,胡赛老弟一直很强硬的，和以色列还有欧美国家打了好久了[doge_金箍],2025-06-22 15:42:00,0,0
BV1aANRzqE5d,2025-06-22 10:19:00,118684816,126464384,137811643,晓宇很天真,21,胡赛武装猛的,2025-06-22 16:42:00,0,0
BV1aANRzqE5d,2025-06-22 10:19:00,118684816,126580368,3546913148242202,利物浦金球得主维尔茨,0,你小看胡赛了,2025-06-22 16:44:00,0,0
BV1aANRzqE5d,2025-06-22 10:19:00,118684816,-940523135,28839699,崔亦介EJIE,15,战绩可查，甚至击中过美国航母，虽然伤害不高但挺猛了,2025-06-22 16:52:00,0,0
BV1aANRzqE5d,2025-06-22 10:19:00,118684816,-939746943,3546596958538173,TheDetecMj,24,沙特拥有那么多先进武器，这些年可没少被胡塞欺负，去年因为加沙问题才和解的[doge],2025-06-22 17:06:00,0,0
BV1aANRzqE5d,2025-06-22 10:19:00,118684816,128433904,25361717,草戒指super,8,胡赛还需要质疑？都跟老美干了多长时间了,2025-06-22 17:11:00,0,1
BV1aANRzqE5d,2025-06-22 10:19:00,118684816,129131696,11271249,Heavensfell,14,胡赛把美国打的找他和解，你就说牛不牛吧,2025-06-22 17:22:00,0,0
BV1aANRzqE5d,2025-06-22 10:19:00,118684816,-938149407,34838463,动漫动漫丿,17,胡赛朝美军舰扔导弹又不是第一次了。。。,2025-06-22 17:34:00,0,1
BV1aANRzqE5d,2025-06-22 10:19:00,118684816,130958448,65726228,伤心代表,24,招笑,2025-06-22 18:00:00,0,0
BV1aANRzqE5d,2025-06-22 10:19:00,118684816,-937029615,24368650,天道lzy,26,你真别小看胡塞，签订停火协议前他们可以照着美军军舰打的,2025-06-22 18:03:00,0,0
