﻿视频BV号,视频发布日期,上级评论ID,评论ID,用户ID,用户名,用户粉丝数,评论内容,评论时间,回复数,点赞数
BV1ahNvzmEoz,2025-06-17 10:00:00,0,-254152256,403336547,流星划过梦影,196,看着好像很牛逼，结果一轮操作下去伤害是没打出一点[笑哭],2025-06-19 02:09:00,6,32
BV1ahNvzmEoz,2025-06-17 10:00:00,-254152256,-247270352,3546907989248509,我了好躺,0,伊朗表示已控制以色列领空[笑哭],2025-06-19 03:42:00,0,1
BV1ahNvzmEoz,2025-06-17 10:00:00,-247270352,-247139744,403336547,流星划过梦影,196,"回复 @我了好躺 :就说实话，他能用过时的装备顶着别人F35控制对面的空域，那之前可能就不会被炸的那么惨了
说这话感觉也就是威慑了，顶多就是吹吹牛逼",2025-06-19 03:44:00,0,2
BV1ahNvzmEoz,2025-06-17 10:00:00,-247139744,-234270368,3546907989248509,我了好躺,0,回复 @赛扣你嗨滴鸭子嘎 :我只是讽刺一下而已[滑稽]伊朗已经把网络给断了，怕民众联合起来重演当初的场景,2025-06-19 06:16:00,0,3
BV1ahNvzmEoz,2025-06-17 10:00:00,-234270368,-232925776,403336547,流星划过梦影,196,回复 @我了好躺 :噗呲哈哈哈哈,2025-06-19 06:36:00,0,0
BV1ahNvzmEoz,2025-06-17 10:00:00,-234270368,-1267154335,3546896675113050,西南咔咔,1,回复 @我了好躺 :什么场景？,2025-06-19 11:59:00,0,0
BV1ahNvzmEoz,2025-06-17 10:00:00,-1267154335,-161049120,3546907989248509,我了好躺,0,回复 @西南咔咔 :赢麻了[笑哭],2025-06-20 02:23:00,0,0
