﻿视频BV号,视频发布日期,上级评论ID,评论ID,用户ID,用户名,用户粉丝数,评论内容,评论时间,回复数,点赞数
BV1ahNvzmEoz,2025-06-17 10:00:00,0,-1232546863,2042055654,鸿发玉龙,1,有这么多导弹为什么没有对空导弹[笑哭]，还被飞机炸了那么多天,2025-06-19 23:02:00,12,2
BV1ahNvzmEoz,2025-06-17 10:00:00,-1232546863,-171185216,6013743,来日方长惜细流,94,[吃瓜]爱国者吗？？？,2025-06-19 23:09:00,0,1
BV1ahNvzmEoz,2025-06-17 10:00:00,-1232546863,-170912080,10619327,一名逗比,27,俺寻思劲大就是好[doge],2025-06-19 23:19:00,0,1
BV1ahNvzmEoz,2025-06-17 10:00:00,-1232546863,-170874960,401662530,有心事的J先生,22,科技点严重偏科,2025-06-19 23:22:00,0,0
BV1ahNvzmEoz,2025-06-17 10:00:00,-1232546863,-170274352,11647928,桥本环奈酱我老婆,52,因为地对地导弹的技术相对简单，发展起来很快,2025-06-19 23:36:00,0,1
BV1ahNvzmEoz,2025-06-17 10:00:00,-1232546863,-169938480,3493278087383134,龙傲天和赵日天,19,因为地面建筑没长脚。飞机会跑,2025-06-19 23:46:00,0,2
BV1ahNvzmEoz,2025-06-17 10:00:00,-1232546863,-158757008,223684705,眠った,18,那玩意也不是一个价格啊,2025-06-20 02:54:00,0,0
BV1ahNvzmEoz,2025-06-17 10:00:00,-1232546863,-1217231839,174850976,晚风之祀,76,对空比对地难弄多了,2025-06-20 03:33:00,0,0
BV1ahNvzmEoz,2025-06-17 10:00:00,-1232546863,-128927968,39944324,念香yhx,15,点数全点在进攻上了,2025-06-20 09:12:00,0,0
BV1ahNvzmEoz,2025-06-17 10:00:00,-1232546863,-1173403023,455561497,鲁迪呜斯_,1,爱国者十防九空，得上防控棍[吃瓜],2025-06-20 12:15:00,0,0
BV1ahNvzmEoz,2025-06-17 10:00:00,-1232546863,-70422048,300730424,月光下的魔術师,118,没办法，他综合实力都不一定能排的上第三梯队，科技落后太多了，美中第一梯队，英法俄第二梯队，还有一堆乱七八糟第三梯队比伊朗科技强不少的,2025-06-20 23:33:00,0,0
BV1ahNvzmEoz,2025-06-17 10:00:00,-1232546863,-52387664,6971700,一个人梦游仙境,121,伊朗雷达太落后了，F35隐身战斗机对伊朗来说除非近距离否则很难发现，发现不了还怎么打[笑哭],2025-06-21 03:49:00,0,0
BV1ahNvzmEoz,2025-06-17 10:00:00,-1232546863,-1103380831,1315737562,手余清风,9,科技树点歪了，全点在进攻上了,2025-06-21 06:09:00,0,0
