﻿视频BV号,视频发布日期,上级评论ID,评论ID,用户ID,用户名,用户粉丝数,评论内容,评论时间,回复数,点赞数
BV1AMNxzrEbo,2025-06-19 06:37:00,0,-192004384,3546734164707339,bili_33049785164,1,去年中国刷完大火箭后，西方国家的眼神清澈多了！[笑哭],2025-06-19 14:41:00,7,145
BV1AMNxzrEbo,2025-06-19 06:37:00,-192004384,-159701152,3546749085943937,瓜脑阔,10,五常刷了四个 中国还是最后刷的 为什么歹阴没刷？ 因为它没有发射按钮,2025-06-20 02:42:00,0,24
BV1AMNxzrEbo,2025-06-19 06:37:00,-159701152,-158567280,6014319,暗夜真夜,350,回复 @瓜脑阔 : 大英也刷了，但没成功，掉在了潜艇边。,2025-06-20 02:58:00,0,29
BV1AMNxzrEbo,2025-06-19 06:37:00,-158567280,-140577936,437414338,-哈士奇的哈-,7,回复 @暗夜真夜 :啊 大英尿自己鞋上了[疑惑],2025-06-20 06:35:00,0,18
BV1AMNxzrEbo,2025-06-19 06:37:00,-158567280,-834537695,133202560,QQ笑,5,回复 @暗夜真夜 :汉弗莱：连高尔夫球场都打不到了么！（震惊）,2025-06-23 23:58:00,0,0
BV1AMNxzrEbo,2025-06-19 06:37:00,-192004384,-1198523407,182042167,信仰在天空中飞扬,4,我看不是说只有我们的火箭刷出去了吗，其他几位大哥的没刷成功啊,2025-06-20 07:33:00,0,11
BV1AMNxzrEbo,2025-06-19 06:37:00,-1198523407,-1193770511,485217585,水下女孩-C,25,回复 @信仰在天空中飞扬 :刷火箭刷破记录了,2025-06-20 08:39:00,0,0
BV1AMNxzrEbo,2025-06-19 06:37:00,-1198523407,-129664704,3546749085943937,瓜脑阔,10,回复 @信仰在天空中飞扬 :好像法国成功了 但是射程比较短,2025-06-20 09:06:00,0,8
