﻿视频BV号,视频发布日期,上级评论ID,评论ID,用户ID,用户名,用户粉丝数,评论内容,评论时间,回复数,点赞数
BV1ahNvzmEoz,2025-06-17 10:00:00,0,-1362968031,1806630293,type30,41,"巴基斯坦想帮助伊朗，一个可行的办法是
可以通过陆路向伊朗出口导弹零部件，伊朗给油就行，巴有制造弹道导弹的能力，那么自然能给伊朗提供导弹零部件
伊朗打多久，巴就卖零部件多久，然后收原油，巴有了石油了，就能拿石油向东大换歼35了[doge]",2025-06-18 11:10:00,9,27
BV1ahNvzmEoz,2025-06-17 10:00:00,-1362968031,-1362289903,600660179,bili_600660179,65,"巴基斯坦 有f16 机群 不敢支持伊朗的
美国 断供f16零部件 就废了",2025-06-18 11:16:00,0,5
BV1ahNvzmEoz,2025-06-17 10:00:00,-1362289903,-1360993615,1806630293,type30,41,"回复 @bili_600660179 :导弹零部件体积小，通过卡车陆路运输不容易发现
也可以通过阿富汗运输，对外就说阿富汗支援伊朗
还有57空战之后，F16在巴空军里地位大幅度下降，歼十已经成为巴空军防空作战支柱 
最后一点小巴手里70多个F16，只有18架是比较先进的block52，其余都是f16ab这种货色，你可以认为巴空军手里的F16能用来对抗三哥的就18架，其余的可以不要了",2025-06-18 11:30:00,0,5
BV1ahNvzmEoz,2025-06-17 10:00:00,-1362289903,-280673568,28980311,风中的神隐,22,回复 @bili_600660179 :f16集群还是算了吧，印巴都不让起飞，买了飞机不能自己用看别人脸色，巴基斯坦领导人又不傻从中国买飞机，老美那批F16慢慢就退没了,2025-06-18 15:20:00,0,6
BV1ahNvzmEoz,2025-06-17 10:00:00,-1362289903,-192016304,192339,黑的黄的荷荷酱香饼,6,回复 @bili_600660179 :F16美国只让老巴用来对付巴塔，打印度都不让用，有啥用？,2025-06-19 14:41:00,0,0
BV1ahNvzmEoz,2025-06-17 10:00:00,-1362289903,-1244322511,400575770,冷空晴雨,8,回复 @bili_600660179 :那批f16纯纯废铁，印巴空战美国人都不让起飞，还放在那当宝贝？,2025-06-19 16:20:00,0,0
BV1ahNvzmEoz,2025-06-17 10:00:00,-1362968031,-1357231695,14762264,嘻嘻哈哈呵呵嗯嗯依依,15,真会yy,2025-06-18 12:12:00,0,2
BV1ahNvzmEoz,2025-06-17 10:00:00,-1362968031,-270681856,322223934,白菜叔叔18岁,210,伊朗的军工制造能力比巴巴羊强多了。巴巴羊是背靠大树,2025-06-18 17:39:00,0,0
BV1ahNvzmEoz,2025-06-17 10:00:00,-270681856,-1316428703,1806630293,type30,41,回复 @白菜叔叔18岁 :战争时期多少武器都不嫌多，俄国打了3年不管啥导弹拿来就用，现在就算卖给他几千颗飞毛腿，他也乐的屁颠屁颠的掏钱,2025-06-19 01:16:00,0,1
BV1ahNvzmEoz,2025-06-17 10:00:00,-1362968031,-239273952,1435937,Galactic_Wonders,49,巴基斯坦拿啥帮伊朗啊 自己都是个半吊子,2025-06-19 05:10:00,0,0
