﻿视频BV号,视频发布日期,上级评论ID,评论ID,用户ID,用户名,用户粉丝数,评论内容,评论时间,回复数,点赞数
BV1aaMvzoEDN,2025-06-16 03:34:00,0,-1577862591,243060988,观花道人,53,现在以色列信息管制很严格，但我看几天有比较统一可能性很高比较靠谱的说法是，第一摧毁了很多防空设备和雷达，导致现在别说导弹无人机都能过来炸，第二，摧毁了国防大楼有高官被活埋，第三炸死了以色列海军高官，第四摩萨德负责人因责任辞职，第五很多海法能源设施被炸，第六以色列核研究中心被炸当时一推科学家再，第七以色列国防部高官被斩首，第八内塔尼亚胡老家和别墅被炸，但是人不在那里，第九很多空军基地被炸，其中胡赛天天袭击那个飞机场已经永久停飞了一片废墟，以色列人出国没民用飞机场了[笑哭]第十摩萨德总部被炸[笑哭],2025-06-16 05:06:00,52,187
BV1aaMvzoEDN,2025-06-16 03:34:00,-1577862591,-1575577247,3546708042582386,图片杂货店,59,一个小小的蟑螂到处惹是生非，最后一定会被人踩死。这就是它的命,2025-06-16 05:34:00,0,62
BV1aaMvzoEDN,2025-06-16 03:34:00,-1577862591,-1575033855,38925390,DocNan,9,炸的还不够，至少要跟加沙地带差不多的街景才对呀！[doge_金箍],2025-06-16 05:42:00,0,35
BV1aaMvzoEDN,2025-06-16 03:34:00,-1577862591,-1574277087,474796085,出入无疾_朋来无咎,29,有哪怕一点是真的 伊朗会这么冷静吗 肯定全世界通报了啊 打f35哪怕没视频也得用ai做一张图出来,2025-06-16 05:51:00,0,23
BV1aaMvzoEDN,2025-06-16 03:34:00,-1574277087,-1573913903,243060988,观花道人,53,回复 @出入无疾_朋来无咎 :欧美对信息的垄断你得了解一下。,2025-06-16 05:58:00,0,31
BV1aaMvzoEDN,2025-06-16 03:34:00,-1574277087,-518284752,7758828,直升机肘爆停车场,0,回复 @出入无疾_朋来无咎 :ai那个图本身就不是伊朗官方做的，是一个冒充伊朗官方的x号发的，被国内无良媒体转载后，通过指认错误信息的手段，试图将本身f35被击毁的正确信息也一起“辟谣”成假的，仔细想想，如果伊朗官方真的要靠ai捏造f35残骸，为什么会捏造一个所有军事迷一眼就能看出来是假f35的图，从几百张生成的ai图里找一个看着最真的不是更好么[笑哭],2025-06-16 06:03:00,0,56
BV1aaMvzoEDN,2025-06-16 03:34:00,-518284752,-1487915039,591730192,加减乘除方,8,回复 @直升机肘爆停车场 :树上开花之计,2025-06-17 04:45:00,0,0
BV1aaMvzoEDN,2025-06-16 03:34:00,-1574277087,-1572939183,516586568,蓝色骨骼,3,回复 @出入无疾_朋来无咎 :首先，你得确认一下是什么伊朗官方媒体发布的！f35这个事情太大，没有想好后手，伊朗官方是不敢实锤的。,2025-06-16 06:13:00,0,1
BV1aaMvzoEDN,2025-06-16 03:34:00,-1574277087,-1550380207,35971690,woshisk2,74,回复 @出入无疾_朋来无咎 :国防大楼、海法、科研中心和BB别墅网上都有图有视频，军事基地信息管制很严格，基本没流出来，但按照逻辑这些地方必然是重点照顾的地方,2025-06-16 11:14:00,0,4
BV1aaMvzoEDN,2025-06-16 03:34:00,-1574277087,-461608352,25538710,梗小鬼的路径依赖,56,回复 @出入无疾_朋来无咎 :AI图的那个是自媒体发的，都不是伊朗官方,2025-06-16 17:16:00,0,0
BV1aaMvzoEDN,2025-06-16 03:34:00,-1574277087,-415411936,18447043,疯不留痕,9,回复 @出入无疾_朋来无咎 :伊朗这几天不都在全球通告炸了那些地方，只是到底炸死了多少人，消息被以色列封锁而已。,2025-06-17 08:03:00,0,0
BV1aaMvzoEDN,2025-06-16 03:34:00,-1577862591,-517253872,345065731,买不买热缩管,3,啊？,2025-06-16 06:21:00,0,0
BV1aaMvzoEDN,2025-06-16 03:34:00,-1577862591,-1571186367,15224261,SpinoSkywalker,469,读到高管被斩首就知道是反串了,2025-06-16 06:40:00,0,13
BV1aaMvzoEDN,2025-06-16 03:34:00,-1577862591,-1569484639,15224261,SpinoSkywalker,469,"我知道你这个是复制粘贴来的，给你看懂原作者什么意思
BV1PuM2zGEo2
BV1UgMzztEcv
BV1D8MMzVEEW
BV1YFMzzNEYz
BV1UeMMz6Egx
BV1YFMzzNEYz
BV1czMmzrE8t
BV1pdMvz3EFv
BV1PjMtzREUu
BV13wMDzYEZz
BV1ZgM6zjE8U",2025-06-16 07:05:00,0,12
BV1aaMvzoEDN,2025-06-16 03:34:00,-1569484639,-1568778655,243060988,观花道人,53,回复 @SpinoSkywalker :现在有新的了[吃瓜][吃瓜][吃瓜]第十一以色列一个信息作战部队总部被端了[吃瓜][吃瓜][吃瓜]第十二空军高官也没了（这个目前不确定）[笑哭],2025-06-16 07:18:00,0,2
BV1aaMvzoEDN,2025-06-16 03:34:00,-1568778655,-1565834991,15224261,SpinoSkywalker,469,"回复 @观花道人 :BV1z1MBzyEXq
空天军司令死的很确定嘛",2025-06-16 08:04:00,0,4
BV1aaMvzoEDN,2025-06-16 03:34:00,-1565834991,-1565014639,243060988,观花道人,53,回复 @SpinoSkywalker :别着急，相信后面还有信息出来，我们继续吃瓜就行[吃瓜][吃瓜][吃瓜],2025-06-16 08:17:00,0,2
BV1aaMvzoEDN,2025-06-16 03:34:00,-1565014639,-1563671855,15224261,SpinoSkywalker,469,回复 @观花道人 :复制粘贴的人显然比查证的各种意义上要着急一些,2025-06-16 08:36:00,0,4
BV1aaMvzoEDN,2025-06-16 03:34:00,-1565014639,-503121520,407706928,桥心术,3,回复 @观花道人 : 6，自己不仔细看就到处传谣，被辟完谣还劝别人别急是吧,2025-06-16 09:42:00,0,1
BV1aaMvzoEDN,2025-06-16 03:34:00,-503121520,-1533687903,243060988,观花道人,53,回复 @桥心术 :第十四以色列请求国际社会协助拦截伊朗导弹和无人机，第十五铁穹拦截失败，伊朗导弹命中拉斐尔先进防御系统公司工厂大楼[吃瓜][吃瓜][吃瓜],2025-06-16 14:10:00,0,0
BV1aaMvzoEDN,2025-06-16 03:34:00,-1569484639,-512612416,4866610,CKCP,459,回复 @SpinoSkywalker :至少新华社的准确性还是很高的，如果是真的也捂不住盖子，如果是抽象也至少有战地记者证实[笑哭],2025-06-16 07:32:00,0,6
BV1aaMvzoEDN,2025-06-16 03:34:00,-512612416,-1531758527,15224261,SpinoSkywalker,469,回复 @CKCP :新华社可没报道过这十条中的任何一条。目前伊朗打的快400枚导弹，能确认突防的每天就几发，很多视频是多角度拍摄一个地方，命中军事目标更是闻所未闻,2025-06-16 14:29:00,0,3
BV1aaMvzoEDN,2025-06-16 03:34:00,-1531758527,-460376560,49920540,跟着兔纸有肉吃う,1,回复 @SpinoSkywalker :哥们儿，只认新华社是吧，去看看cctv4，我可以截图发我动态。我图片单指以色列的损失，我只是反驳你说的每天只能突破几枚,2025-06-16 17:41:00,0,1
BV1aaMvzoEDN,2025-06-16 03:34:00,-460376560,-1509992975,15224261,SpinoSkywalker,469,回复 @跟着兔纸有肉吃う :你截的官家的东西与“每天只能突防几枚”没有任何矛盾，“80枚导弹袭击各地”是打了80枚不是中了80枚。“伊朗称……”伊朗还称他们击落了f35。“哥们儿，只认新华社是吧”哥们儿，我看中东新闻当然是看中东一哥半岛电视台，而不是国内的n手货，我讲新华社是因为那个内蒙的在讲新华社的准确性，不知道你在yy什么，用国内媒体看外国新闻没有任何优越性在里面的。中导战斗部半吨到一吨不等，一枚就可以打出视频中这种损伤，你放的截图别说中导，一枚反坦克导弹都能打出来。,2025-06-16 22:47:00,0,2
BV1aaMvzoEDN,2025-06-16 03:34:00,-1531758527,-459995440,49920540,跟着兔纸有肉吃う,1,回复 @SpinoSkywalker :你可以看我动态里面的图片，那也是官家的，我只反驳你说的每天只落下几枚。,2025-06-16 17:50:00,0,0
BV1aaMvzoEDN,2025-06-16 03:34:00,-1531758527,-459932320,49920540,跟着兔纸有肉吃う,1,回复 @SpinoSkywalker :我比较推荐你去看中央4和中央13，最好是手机观看电视直播,2025-06-16 17:52:00,0,0
BV1aaMvzoEDN,2025-06-16 03:34:00,-1531758527,-453195696,4866610,CKCP,459,回复 @SpinoSkywalker :对啊，这不就是抽象的部分吗[笑哭]就像俄乌一样那样抽象互相换主语玩，一个天天打一个天天升旗（,2025-06-16 22:44:00,0,1
BV1aaMvzoEDN,2025-06-16 03:34:00,-1577862591,-1567537583,799291,小狮子隐身,83,这不扯淡吗,2025-06-16 07:36:00,0,2
BV1aaMvzoEDN,2025-06-16 03:34:00,-1577862591,-509742896,492149727,嘻嘻哈哈过过过,0,感觉把里面的以色列换成伊朗，这段话会比较可信,2025-06-16 08:15:00,0,3
BV1aaMvzoEDN,2025-06-16 03:34:00,-1577862591,-1563854079,412503162,AI自选,71,哪里看的,2025-06-16 08:33:00,0,0
BV1aaMvzoEDN,2025-06-16 03:34:00,-1577862591,-1562944927,30840250,花山独醉,24,要真有这战果那伊朗得吹好几天[笑哭],2025-06-16 08:46:00,0,2
BV1aaMvzoEDN,2025-06-16 03:34:00,-1577862591,-1562329567,301393692,我为什么要告诉你呀,12,真心怀疑伊朗是否有这个能力[思考],2025-06-16 08:54:00,0,2
BV1aaMvzoEDN,2025-06-16 03:34:00,-1562329567,-1562157055,243060988,观花道人,53,回复 @我为什么要告诉你呀 :伊朗内部确实乱的一批，但在中东这一块实力还是有的[呲牙],2025-06-16 08:58:00,0,0
BV1aaMvzoEDN,2025-06-16 03:34:00,-1562329567,-448428032,34307038,何m阿,22,"回复 @我为什么要告诉你呀 :伊朗是正儿八经的工业国，战争能力是不弱的。但内部一群亲美的投降派。现在是因为民意仇视美以，为了统治合法性和选票，才不得不对美以动手。
如果挨了打一点反应没有，那哈梅内伊和其他宗教首领、政府官员的位置就坐不稳了。伊朗老百姓也很极端的。",2025-06-17 00:47:00,0,1
BV1aaMvzoEDN,2025-06-16 03:34:00,-1577862591,-506382816,828509,风凌羽,8,不太可能，你看视频里的记者都能接到导弹的预警，以色列的高官更是早就能知道导弹何时来临，1000多公里的导弹攻击距离还是太远了,2025-06-16 09:02:00,0,5
BV1aaMvzoEDN,2025-06-16 03:34:00,-1577862591,-504836512,183236,恐怖图蕾丝,12,昭和大本营战报[大笑],2025-06-16 09:21:00,0,5
BV1aaMvzoEDN,2025-06-16 03:34:00,-1577862591,-501825536,8009919,百度网盘首席鉴黄师,594,伊朗知道自己炸了这么多东西吗？,2025-06-16 09:57:00,0,2
BV1aaMvzoEDN,2025-06-16 03:34:00,-501825536,-1517023167,692268451,莱不尼茨牛顿,12,回复 @百度网盘首席鉴黄师 :北斗付费版，了解下。,2025-06-16 17:39:00,0,0
BV1aaMvzoEDN,2025-06-16 03:34:00,-1577862591,-500474960,240099722,皮肉糙,1,完成一半大家也挺满意的,2025-06-16 10:12:00,0,0
BV1aaMvzoEDN,2025-06-16 03:34:00,-1577862591,-1552563663,34669784,管你五光六光的,92,有大毛的卫星支持这次打的准多了,2025-06-16 10:50:00,0,0
BV1aaMvzoEDN,2025-06-16 03:34:00,-1577862591,-493543680,1692838,青山随云走__,19,真有这么大战果应该不会说软话，让另外的三个中间国家去找美国和以色列谈和，还主动放弃所有核技术,2025-06-16 11:24:00,0,2
BV1aaMvzoEDN,2025-06-16 03:34:00,-493543680,-469690896,343849926,donsum123,18,回复 @青山随云走__ :有没有可能伊朗发射导弹和说软话的就是不同的两拨人。他们本身就是互相不对付的存在,2025-06-16 15:30:00,0,2
BV1aaMvzoEDN,2025-06-16 03:34:00,-1577862591,-1534942815,7782550,yelran,31,如果是真的，这是这么长久以来最振奋人心的消息了,2025-06-16 13:57:00,0,1
BV1aaMvzoEDN,2025-06-16 03:34:00,-1577862591,-463455440,3546800201927146,精灵小姐又在钻我被窝,6,以色列高官被斩首应该不太可能，毕竟情报能力摆在那里，伊朗导弹还没发射，估计就知道消息了,2025-06-16 16:46:00,0,1
BV1aaMvzoEDN,2025-06-16 03:34:00,-1577862591,-460624912,1672425203,饮冰说,1,赢麻了,2025-06-16 17:36:00,0,0
BV1aaMvzoEDN,2025-06-16 03:34:00,-1577862591,-1515677615,3546564014377770,石川岛麻里奈重工,45,意淫,2025-06-16 18:13:00,0,0
BV1aaMvzoEDN,2025-06-16 03:34:00,-1577862591,-1506359263,404477756,小懒家的阿识,59,挺好的，还有进步的空间。,2025-06-17 00:25:00,0,0
BV1aaMvzoEDN,2025-06-16 03:34:00,-1577862591,-430398368,30733529,迈奇威瑟,12,不是内塔尼亚胡被炸死了？,2025-06-17 04:45:00,0,0
BV1aaMvzoEDN,2025-06-16 03:34:00,-1577862591,-404445344,19231724,钢铁直男兽,668,你这个评论多少钱一条？我已经看到四五次了,2025-06-17 10:17:00,0,1
BV1aaMvzoEDN,2025-06-16 03:34:00,-1577862591,-395414640,86220313,这是一只羊呀,12,是的，光看视频里的那幢楼都不止死六个。,2025-06-17 11:52:00,0,0
