﻿视频BV号,视频发布日期,上级评论ID,评论ID,用户ID,用户名,用户粉丝数,评论内容,评论时间,回复数,点赞数
BV1aANRzqE5d,2025-06-22 10:19:00,0,126394272,97478815,刚沖晕过去了,58,现在这种形势看来即便我亲自出面也不好解决啊[思考],2025-06-22 16:41:00,9,9
BV1aANRzqE5d,2025-06-22 10:19:00,126394272,-941060143,7780055,落叶梧,1,原本只需要提两箱奶，现在得提三箱了,2025-06-22 16:45:00,0,2
BV1aANRzqE5d,2025-06-22 10:19:00,126394272,126677456,2105527707,福建艦,173,看你的发言，你确实是晕过去了[吃瓜],2025-06-22 16:45:00,0,1
BV1aANRzqE5d,2025-06-22 10:19:00,126394272,128098032,399322437,沙-雕网友中的沙-雕,18,说点大伙不知道的,2025-06-22 17:07:00,0,1
BV1aANRzqE5d,2025-06-22 10:19:00,126394272,-939003903,3546596958538173,TheDetecMj,24,丢脸，还得我暗中出手相助才行[无语],2025-06-22 17:17:00,0,1
BV1aANRzqE5d,2025-06-22 10:19:00,126394272,-933525439,547298761,普罗旺斯ya,12,你先试试。你实在解决不了我再出面解决,2025-06-22 19:56:00,0,1
BV1aANRzqE5d,2025-06-22 10:19:00,126394272,136311120,85367939,新千年的绿叶,15,你去把他约出来，他那么多人我去还真不好办，你只要把他约出来，就没有你强哥办不了的事哈！！！[吃瓜][吃瓜][吃瓜],2025-06-22 21:44:00,0,0
BV1aANRzqE5d,2025-06-22 10:19:00,126394272,-894434847,3493282472528287,__太阳照常升起_,11,亲，这边建议你下场出手了,2025-06-23 07:53:00,0,1
BV1aANRzqE5d,2025-06-22 10:19:00,126394272,-887400447,384615699,_Lc煜,25,说点大家不知道的,2025-06-23 09:26:00,0,0
BV1aANRzqE5d,2025-06-22 10:19:00,126394272,185947648,403692534,正遛GO呢,23,解决不了就算了，牛奶还是留着自己喝吧[滑稽],2025-06-23 10:14:00,0,0
