﻿视频BV号,视频发布日期,上级评论ID,评论ID,用户ID,用户名,用户粉丝数,评论内容,评论时间,回复数,点赞数
BV1a7MSzYE8h,2025-06-14 14:49:00,0,-1708698127,346494358,游击型吃货,57,人家日本人消费高。收入也高呀[吃瓜][吃瓜][吃瓜],2025-06-14 17:22:00,9,1
BV1a7MSzYE8h,2025-06-14 14:49:00,-1708698127,-1706431311,20653385,风的痕迹ABC,67,严谨点来说，是中年人收入高，日本中老年人手里掌握着大部分财富。你可以去搜一下日本那些个大企业的员工的退休待遇，那是真的顶。,2025-06-14 18:03:00,0,8
BV1a7MSzYE8h,2025-06-14 14:49:00,-1708698127,-654660736,3493090274838725,天空中的极光,19,那大米继续涨[doge],2025-06-14 18:14:00,0,9
BV1a7MSzYE8h,2025-06-14 14:49:00,-654660736,-1673442143,346494358,游击型吃货,57,回复 @天空中的极光 : 只有你懂我，可恶，都有人骂我恼谭了[脱单doge][脱单doge][脱单doge][脱单doge],2025-06-15 04:59:00,0,0
BV1a7MSzYE8h,2025-06-14 14:49:00,-1708698127,-653988880,3546596675422516,yyyyiiiiii2,0,但收入没你想的那么高。他跟美国加拿大那种还是没法比的。,2025-06-14 18:32:00,0,5
BV1a7MSzYE8h,2025-06-14 14:49:00,-1708698127,-1704042767,480064984,头部缓存,95,恼谭,2025-06-14 19:02:00,0,4
BV1a7MSzYE8h,2025-06-14 14:49:00,-1708698127,-650418160,186899233,一场大雨一个神,25,物价高消费就高。,2025-06-14 20:43:00,0,0
BV1a7MSzYE8h,2025-06-14 14:49:00,-1708698127,-648119520,305692011,老道古或今,14,看购买力，谁都没说日本什么。你激动个啥[吃瓜],2025-06-14 22:47:00,0,1
BV1a7MSzYE8h,2025-06-14 14:49:00,-1708698127,-1693455071,12824875,budinme,30,天天看日吹看得，少看这些吧那些都是传销,2025-06-15 01:07:00,0,2
BV1a7MSzYE8h,2025-06-14 14:49:00,-1708698127,-1689937919,44390563,cellsuper,2,看来大米还是太便宜了，建议再涨点，睡公园网吧的还是少了些。,2025-06-15 01:58:00,0,0
