﻿视频BV号,视频发布日期,上级评论ID,评论ID,用户ID,用户名,用户粉丝数,评论内容,评论时间,回复数,点赞数
BV1ahKuzyERV,2025-06-24 04:48:00,0,260962480,3461702,汤圆汤圆汤圆猪,37,这下轮到帮伊朗修防空的大哥尴尬了[doge],2025-06-24 05:32:00,22,10
BV1ahKuzyERV,2025-06-24 04:48:00,260962480,261531120,298670132,学渣猎人,15,是的，如果真的停火，那么真的就是扶不起的阿斗了。如果伊朗靠停火重新建立防空还可以考虑，如果不是，那就让他自生自灭吧。也不学习下毛主席的16字真言,2025-06-24 05:40:00,0,8
BV1ahKuzyERV,2025-06-24 04:48:00,261531120,265692560,679361048,天赐我爱_,15,回复 @学渣猎人 :想跪的人，怎么都扶不起来。也有可能是因为伊朗差不多把库打光了,2025-06-24 06:35:00,0,2
BV1ahKuzyERV,2025-06-24 04:48:00,265692560,269221792,3546667940842000,两头鹿258,0,回复 @天赐我爱_ :打光不可能，伊朗导弹完全可以自己造，全按成本价,2025-06-24 07:27:00,0,0
BV1ahKuzyERV,2025-06-24 04:48:00,269221792,272551760,3546880539626403,HMFLOVE,0,回复 @两头鹿258 :伊朗没那么高产能，上次一次性27/天，还是好几天的量,2025-06-24 08:12:00,0,0
BV1ahKuzyERV,2025-06-24 04:48:00,272551760,273062480,3546667940842000,两头鹿258,0,回复 @HMFLOVE :人家又不是打仗了才造导弹，有一定的库存的，开战了，继续造导弹，就这数量，伊朗明显不想闹太大，毕竟中东升旗手[口罩],2025-06-24 08:20:00,0,0
BV1ahKuzyERV,2025-06-24 04:48:00,273062480,273574576,3546880539626403,HMFLOVE,0,回复 @两头鹿258 :伊朗库存一共才2000枚，现在已经打了1/4了，你是想让它全打光吗？,2025-06-24 08:24:00,0,0
BV1ahKuzyERV,2025-06-24 04:48:00,273574576,273731920,3546667940842000,两头鹿258,0,回复 @HMFLOVE :谁告诉你2000枚的，是金色奶龙还是夜壶[笑哭],2025-06-24 08:27:00,0,0
BV1ahKuzyERV,2025-06-24 04:48:00,273731920,274819968,3546880539626403,HMFLOVE,0,回复 @两头鹿258 :阿拉伯媒体的估计啊，也有估计3000多的。你是只会在B站看特朗普的营销号玩梗，一点不会找伊朗的新闻吗？,2025-06-24 08:42:00,0,0
BV1ahKuzyERV,2025-06-24 04:48:00,274819968,276585360,3546667940842000,两头鹿258,0,回复 @HMFLOVE :6，还阿拉伯媒体上了，阿拉伯媒体跟伊朗有关系吗[笑哭]，伊朗自己都没公布过具体导弹数量还轮着着阿拉伯媒体报道了，自己蠢就不要说别人了,2025-06-24 09:06:00,0,0
BV1ahKuzyERV,2025-06-24 04:48:00,276585360,277908672,3546880539626403,HMFLOVE,0,回复 @两头鹿258 :那你在b站多关注特朗普的新闻玩梗不就得了。而且伊朗也没说停火啊。那是路透社和特朗普的说法，伊朗国家电视台的说法是要证明停火是错误的。伊朗外长的说法是：没有达成停火协议，以色列在八点半之后停止袭击，伊朗无意继续反击。到了你们这全是停火的。,2025-06-24 09:21:00,0,0
BV1ahKuzyERV,2025-06-24 04:48:00,277908672,278243920,3546667940842000,两头鹿258,0,回复 @HMFLOVE :谁跟你聊停火了[疑惑]？发啥神经,2025-06-24 09:24:00,0,0
BV1ahKuzyERV,2025-06-24 04:48:00,278243920,278342992,3546880539626403,HMFLOVE,0,回复 @两头鹿258 :这个话题不是聊停火聊啥，“伊朗不想闹大”不是你的言论？,2025-06-24 09:26:00,0,0
BV1ahKuzyERV,2025-06-24 04:48:00,278342992,278847216,3546667940842000,两头鹿258,0,回复 @HMFLOVE :对啊，伊朗不想闹大，所以发射的不多，你别自己乱扯[笑哭],2025-06-24 09:31:00,0,0
BV1ahKuzyERV,2025-06-24 04:48:00,278847216,281774080,3546880539626403,HMFLOVE,0,回复 @两头鹿258 :本来就啊没产能+能力不足。他也不是主观不想解决，只是客观能力不足。要不然就不会从100多枚到12枚在到二十枚在到今天的两枚。,2025-06-24 10:04:00,0,0
BV1ahKuzyERV,2025-06-24 04:48:00,281774080,285944880,3546667940842000,两头鹿258,0,回复 @HMFLOVE :你是光看导弹发射数量，其他啥也不看啊，前面发射的导弹能跟后面发射的导弹比吗，而且一开始发射那么多导弹是来消耗以色列拦截弹的,2025-06-24 10:46:00,0,0
BV1ahKuzyERV,2025-06-24 04:48:00,278342992,278985024,3546667940842000,两头鹿258,0,回复 @HMFLOVE :讨论导弹数量，你说导弹发射的少，所以库存不多，我说不想闹大发射的不多，你突然话锋一转，转到停火来了[疑惑]，你自己说的话能连上吗,2025-06-24 09:33:00,0,0
BV1ahKuzyERV,2025-06-24 04:48:00,274819968,277084544,3546667940842000,两头鹿258,0,回复 @HMFLOVE :阿拉伯媒体报道伊朗，跟韩国报道朝鲜差不多,2025-06-24 09:10:00,0,0
BV1ahKuzyERV,2025-06-24 04:48:00,277084544,278280336,3546880539626403,HMFLOVE,0,回复 @两头鹿258 :你爱怎么猜测这些媒体就怎么猜测，但是伊朗导弹产能不足是铁定的，从起发射数目就可以看出来。,2025-06-24 09:24:00,0,0
BV1ahKuzyERV,2025-06-24 04:48:00,278280336,278400944,3546667940842000,两头鹿258,0,回复 @HMFLOVE :还有一个因素，伊朗跟以色列又没开战，这是冲突,2025-06-24 09:27:00,0,0
BV1ahKuzyERV,2025-06-24 04:48:00,260962480,273515488,142250440,altqq12,11,全世界没人支持伊朗造核武,2025-06-24 08:25:00,0,0
