﻿视频BV号,视频发布日期,上级评论ID,评论ID,用户ID,用户名,用户粉丝数,评论内容,评论时间,回复数,点赞数
BV1ahNvzmEoz,2025-06-17 10:00:00,0,-1388304863,200001577,载舟清梦,28,居安思危思则有备，愿祖国越来越强大[保佑],2025-06-18 05:50:00,8,63
BV1ahNvzmEoz,2025-06-17 10:00:00,-1388304863,-1386708527,389562576,非利己主义,5,都是披着羊皮的狼，换谁都一样,2025-06-18 06:12:00,0,3
BV1ahNvzmEoz,2025-06-17 10:00:00,-1388304863,-1382151823,588152252,走马观花新世纪,2,这是你有敌人多还是朋友多的问题。以色列和伊朗的敌人都很多。中国的敌人更多。未来也会打仗的。,2025-06-18 07:18:00,0,1
BV1ahNvzmEoz,2025-06-17 10:00:00,-1382151823,-322605392,32027234,跳的越高越好,81,回复 @走马观花新世纪 :只要中国保持目前鸽派掌权的情况，战争就不会发生。因为没有任何国家敢和中国开战。,2025-06-18 07:25:00,0,0
BV1ahNvzmEoz,2025-06-17 10:00:00,-322605392,-320643328,1389112507,114514分4,6,回复 @跳的越高越好 :《鸽派》所以不打仗就算是鸽派了，那非洲一堆国家打了几十年他们政府是不是算鹰派[黑眼圈_金箍],2025-06-18 07:55:00,0,2
BV1ahNvzmEoz,2025-06-17 10:00:00,-322605392,-1378790063,588152252,走马观花新世纪,2,回复 @跳的越高越好 :那是你还不了解人类！人类是无所畏惧的动物。,2025-06-18 08:05:00,0,0
BV1ahNvzmEoz,2025-06-17 10:00:00,-1382151823,-321639904,143657346,梦里有朵小金花丶,8,回复 @走马观花新世纪 :你以为我们是伊朗升旗的？我们会升起的是东风系列战略核导弹,2025-06-18 07:39:00,0,1
