﻿视频BV号,视频发布日期,上级评论ID,评论ID,用户ID,用户名,用户粉丝数,评论内容,评论时间,回复数,点赞数
BV1ALNtzyEM8,2025-06-19 08:14:00,0,-189091008,52758218,我希望全世界督好,1172,现代战争，不服没用了,2025-06-19 15:12:00,6,12
BV1ALNtzyEM8,2025-06-19 08:14:00,-189091008,-1247063279,362543388,墨白看世界,36,成本啊，打仗也要有目的啊，美国在阿富汗花了那么多钱，最后还是灰溜溜的撤了,2025-06-19 15:44:00,0,10
BV1ALNtzyEM8,2025-06-19 08:14:00,-189091008,-1243550511,365400598,hsins几十年不是,16,"阿富汗战争从2001年打到2021年，最后美国认输了。
美国都快被阿富汗拖死了，拉成现在这样，阿富汗功不可没。",2025-06-19 16:31:00,0,12
BV1ALNtzyEM8,2025-06-19 08:14:00,-189091008,-1234534207,421232597,美丽Di期待,27,胡赛就是不服[笑哭]能咋了？,2025-06-19 21:37:00,0,2
BV1ALNtzyEM8,2025-06-19 08:14:00,-189091008,-171083872,264466739,妄语妄语_,101,全面战争？动核弹？美国打不起，,2025-06-19 23:11:00,0,2
BV1ALNtzyEM8,2025-06-19 08:14:00,-189091008,-171283184,1597666902,厌蠢___,37,你就算用核弹 把胡赛 全覆盖一次 然后呢 全地核污染？只要能活着 没有改变任何事 保住经济是大国需要的 他没有经济 怕你么？,2025-06-19 23:14:00,0,1
BV1ALNtzyEM8,2025-06-19 08:14:00,-189091008,-1229527055,470656176,Damnwinter,4,你开车不用维护保养加油？,2025-06-20 00:22:00,0,1
