﻿视频BV号,视频发布日期,上级评论ID,评论ID,用户ID,用户名,用户粉丝数,评论内容,评论时间,回复数,点赞数
BV1ahNvzmEoz,2025-06-17 10:00:00,0,-300150880,152260231,暗黑打击,133,"在此预言[藏狐]
五常仍然会放纵以色列继续搞伊朗。
甚至如果以色列打不过，还会支持以色列搞伊朗。
直到伊朗彻底放弃核武。
中东不允许有国家拥有弹道导弹，同时还拥有核武。[藏狐]",2025-06-18 11:52:00,10,5
BV1ahNvzmEoz,2025-06-17 10:00:00,-300150880,-296458848,3546910021388449,星弧s,1,但是以色列有啊,2025-06-18 12:33:00,0,0
BV1ahNvzmEoz,2025-06-17 10:00:00,-296458848,-292372016,52553032,渔网上的井口,4,回复 @星弧s :以色列可以看做美国分美,2025-06-18 13:16:00,0,0
BV1ahNvzmEoz,2025-06-17 10:00:00,-296458848,-102221296,67749939,Forsaken81,27,回复 @星弧s :以色列从来没有公开宣称过自己持核，这次伊朗可是跳脸说要搞核武器，性质不一样,2025-06-20 13:37:00,0,0
BV1ahNvzmEoz,2025-06-17 10:00:00,-300150880,-1304227775,15756780,憨憨二蛋,170,中国的一圈邻国里边，居然有四个有核弹你敢信，这要是换其它国家晚上觉都睡不着,2025-06-19 04:12:00,0,0
BV1ahNvzmEoz,2025-06-17 10:00:00,-1304227775,-226823168,431117906,通辽选帝侯小Q豹,16,回复 @憨憨二蛋 :印度 朝鲜 俄罗斯 还有谁,2025-06-19 08:07:00,0,0
BV1ahNvzmEoz,2025-06-17 10:00:00,-226823168,-224140304,300002906,帘外惹芭蕉,63,回复 @通辽选帝侯小Q豹 :巴基斯坦也有,2025-06-19 08:46:00,0,0
BV1ahNvzmEoz,2025-06-17 10:00:00,-224140304,-223692416,431117906,通辽选帝侯小Q豹,16,回复 @帘外惹芭蕉 :巴基斯坦好像是我们给的 压制印度 当初印度还在联合国找事,2025-06-19 08:51:00,0,0
BV1ahNvzmEoz,2025-06-17 10:00:00,-226823168,-1283395631,15756780,憨憨二蛋,170,回复 @通辽选帝侯小Q豹 : 巴基斯坦的核弹是五常默许的，就是针对印度的，当年卡扎菲想买核弹，还把巴基斯坦这事捅出来了，美国都帮着打圆场，毕竟那个年代核弹说明书就只有四种语言版的，英法俄中，他卡扎菲捡了一本中文版的不算稀奇，毕竟25%几率呢,2025-06-19 08:55:00,0,0
BV1ahNvzmEoz,2025-06-17 10:00:00,-226823168,-1278504511,14840264,蜗居宅貓,130,回复 @通辽选帝侯小Q豹 :巴基斯坦是美国和苏联给的，用来制衡印度，巴基斯坦一直都是亲中又亲美，我们只给过沙特，我们又不傻，哪有往自家门口送核弹的道理,2025-06-19 09:57:00,0,0
BV1ahNvzmEoz,2025-06-17 10:00:00,-1278504511,-208271568,431117906,通辽选帝侯小Q豹,16,回复 @蜗居宅貓 :印度在联合国说巴基斯坦的核弹上面说明书是中文说是我们给的 美国说中文是世界六大语言,2025-06-19 11:43:00,0,0
