﻿视频BV号,视频发布日期,上级评论ID,评论ID,用户ID,用户名,用户粉丝数,评论内容,评论时间,回复数,点赞数
BV1aaMvzoEDN,2025-06-16 03:34:00,0,-528943264,504235418,幸有山,10,世界和平,2025-06-16 04:03:00,10,6
BV1aaMvzoEDN,2025-06-16 03:34:00,-528943264,-1582434831,315685969,叁拾岁学琴,108,有美以很难,2025-06-16 04:16:00,0,20
BV1aaMvzoEDN,2025-06-16 03:34:00,-1582434831,-509753200,54575425,鲨主任,128,回复 @叁拾岁学琴 :美以？人类！就好比之前有个法国网友说的，爱好和平的一直是中国政府，而不是中国人，你看咱们网友天天喊着要打这个打那个，我们都这样了，更别说美国这种政府都极具侵略性的国家了。有人的地方就有争斗，科幻片最科幻的不是外星人入侵，而是人类能团结一致对外。,2025-06-16 08:14:00,0,1
BV1aaMvzoEDN,2025-06-16 03:34:00,-528943264,-1580700719,380581396,面包天后的首席男仆,70,你不能只在别人还手的时候喊和平,2025-06-16 04:36:00,0,42
BV1aaMvzoEDN,2025-06-16 03:34:00,-1580700719,-342378864,504235418,幸有山,10,回复 @面包天后的首席男仆 :公式做题就是快,2025-06-18 03:19:00,0,0
BV1aaMvzoEDN,2025-06-16 03:34:00,-528943264,-518352400,785119,DSilver00,207,需要在责任算清执行之后,2025-06-16 06:03:00,0,4
BV1aaMvzoEDN,2025-06-16 03:34:00,-528943264,-1570598687,28059773,我还是曾经的你,367,中考加油??,2025-06-16 06:48:00,0,1
BV1aaMvzoEDN,2025-06-16 03:34:00,-1570598687,-342342064,504235418,幸有山,10,回复 @我还是曾经的你 :谢谢谢谢[大哭],2025-06-18 03:19:00,0,0
BV1aaMvzoEDN,2025-06-16 03:34:00,-528943264,-510846640,1465732138,大猪猪佩奇啊,56,和平是打出来的,2025-06-16 07:57:00,0,2
BV1aaMvzoEDN,2025-06-16 03:34:00,-528943264,-1565090111,169297,伪未来,38,以斗争求和平则和平存,2025-06-16 08:13:00,0,2
BV1aaMvzoEDN,2025-06-16 03:34:00,-528943264,-1562850959,1523383,稻香配狗越听越有,36,让恶人下地狱先。,2025-06-16 08:46:00,0,1
