﻿视频BV号,视频发布日期,上级评论ID,评论ID,用户ID,用户名,用户粉丝数,评论内容,评论时间,回复数,点赞数
BV1AfKwzVEga,2025-06-20 09:48:00,0,54126928,260916119,quinn77777,13,伊朗只有像中国一样发展出自己的核武器才能够保卫自己的家园，伊朗加油[支持],2025-06-22 03:55:00,13,10
BV1AfKwzVEga,2025-06-20 09:48:00,54126928,58840624,1972194549,_spring夏,38,你是不是不吃猪肉啊？,2025-06-22 04:40:00,0,2
BV1AfKwzVEga,2025-06-20 09:48:00,54126928,-1005740415,1085997572,freefaker,2,其实他们有实力造核武的,2025-06-22 05:03:00,0,0
BV1AfKwzVEga,2025-06-20 09:48:00,54126928,-1002452735,694462078,无知的小翊,92,以色列就是因为伊朗要造核武器才炸他的,2025-06-22 05:37:00,0,0
BV1AfKwzVEga,2025-06-20 09:48:00,-1002452735,69213392,260916119,quinn77777,13,回复 @无知的小翊 :正因为如此，伊朗才更应该负重前行，落后就会挨打。,2025-06-22 06:29:00,0,0
BV1AfKwzVEga,2025-06-20 09:48:00,54126928,-1001907535,388206468,新鲜事儿不新鲜,60,伊朗绝对不能有核武器，太危险了。,2025-06-22 05:43:00,0,0
BV1AfKwzVEga,2025-06-20 09:48:00,-1001907535,-913896495,3546640365390086,一盏西风,28,回复 @新鲜事儿不新鲜 :他没核武器，他的下场和伊拉克，利比亚，阿富汗一样?。这东西用不用是一回事，但必须有。,2025-06-23 03:50:00,0,0
BV1AfKwzVEga,2025-06-20 09:48:00,-913896495,-912678079,388206468,新鲜事儿不新鲜,60,回复 @一盏西风 :他有核武器他真敢瞎炸，对全世界都是威胁。这个没办法同情。,2025-06-23 04:02:00,0,0
BV1AfKwzVEga,2025-06-20 09:48:00,54126928,66090160,115525334,張钧霖,37,有导弹就好了，核武器就别研究了。,2025-06-22 05:54:00,0,0
BV1AfKwzVEga,2025-06-20 09:48:00,54126928,66679392,1583244244,比尔希思斯,17,？？？疯啦！现在研究核武器是违反联合国公约的,2025-06-22 05:59:00,0,0
BV1AfKwzVEga,2025-06-20 09:48:00,66679392,-999359311,3546640365390086,一盏西风,28,回复 @比尔希思斯 :因为拥有核武器的国家害怕其他国家也有。尤其是美国。,2025-06-22 06:12:00,0,0
BV1AfKwzVEga,2025-06-20 09:48:00,-999359311,68749648,1583244244,比尔希思斯,17,回复 @一盏西风 :那肯定也不希望他有啊，那不真成中东小霸王了，伊朗现在是掌握着霍尔木兹海峡，世界石油的大动脉呀，现在中伊关系友好，之前中印关系还友好呢，现在不照样，这东西说不准啊,2025-06-22 06:21:00,0,0
BV1AfKwzVEga,2025-06-20 09:48:00,-999359311,68872336,1583244244,比尔希思斯,17,回复 @一盏西风 :而且具体参考朝鲜,2025-06-22 06:25:00,0,0
BV1AfKwzVEga,2025-06-20 09:48:00,66679392,80109360,260916119,quinn77777,13,回复 @比尔希思斯 :就是要打破这些服务与美帝国的公约才能够自强不息,2025-06-22 08:36:00,0,0
