﻿视频BV号,视频发布日期,上级评论ID,评论ID,用户ID,用户名,用户粉丝数,评论内容,评论时间,回复数,点赞数
BV1ajMmz4Egg,2025-06-14 09:54:00,0,-683982000,294945834,粤人在沪,36,没有空军和核弹的国家太惨了。反击都没力。,2025-06-14 12:42:00,7,7
BV1ajMmz4Egg,2025-06-14 09:54:00,-683982000,-678281712,264803233,小马驹子哥,380,你现在送核弹给伊朗，伊朗都不赶打。,2025-06-14 13:37:00,0,13
BV1ajMmz4Egg,2025-06-14 09:54:00,-683982000,-1726062015,340420571,Lxy9010,10,这不是核心问题,2025-06-14 14:06:00,0,2
BV1ajMmz4Egg,2025-06-14 09:54:00,-683982000,-1723857311,88428851,小小的村子,16,苏莱曼尼没了后，脊梁就没了。现在纯粹就趴着了,2025-06-14 14:26:00,0,4
BV1ajMmz4Egg,2025-06-14 09:54:00,-683982000,-1721599615,517535058,钢七连长高城,12,核弹固然重要，但这不是伊朗的核心问题,2025-06-14 14:47:00,0,5
BV1ajMmz4Egg,2025-06-14 09:54:00,-683982000,-662095264,624953914,康巴昆仑不冻泉,8,内部一盘散沙,2025-06-14 16:17:00,0,1
BV1ajMmz4Egg,2025-06-14 09:54:00,-683982000,-656845984,249007204,陨石星球,143,朝鲜都早就有核弹，但伊朗却故意不搞出来，伊朗只想拿核要好处，而不是要核弹,2025-06-14 17:31:00,0,5
BV1ajMmz4Egg,2025-06-14 09:54:00,-683982000,-647796592,14243626,ClassNotFoundErr,22,胡塞也没有这些，但人就是支棱，以后谁是抵抗之弧谁是大哥谁是小弟都不好说了,2025-06-14 22:58:00,0,6
