﻿视频BV号,视频发布日期,上级评论ID,评论ID,用户ID,用户名,用户粉丝数,评论内容,评论时间,回复数,点赞数
BV1ahNvzmEoz,2025-06-17 10:00:00,0,-1461458367,539528885,哇呀啊疯,21,慈禧严防死守的可是在宫内[doge],2025-06-17 10:31:00,12,66
BV1ahNvzmEoz,2025-06-17 10:00:00,-1461458367,-398888336,89641226,泽上鸣鹤,10,也有逼急了对万国宣战的事情。伊朗现在就这种情况了,2025-06-17 11:14:00,0,25
BV1ahNvzmEoz,2025-06-17 10:00:00,-1461458367,-1425978863,397121369,火影两千万战V0的寄常,2935,把慈禧逼急了还不是各种宣战[吃瓜],2025-06-17 17:00:00,0,8
BV1ahNvzmEoz,2025-06-17 10:00:00,-1425978863,-1419131583,166067669,吴晞他爹啊,14,回复 @火影两千万战V0的寄常 :清有对外国国土实施报复打击吗[吃瓜],2025-06-17 20:17:00,0,8
BV1ahNvzmEoz,2025-06-17 10:00:00,-1419131583,-1415748447,397121369,火影两千万战V0的寄常,2935,回复 @吴晞他爹啊 :那时候清朝没有武器啊，但郎子有啊,2025-06-17 23:20:00,0,2
BV1ahNvzmEoz,2025-06-17 10:00:00,-1415748447,-1406934735,166067669,吴晞他爹啊,14,回复 @火影两千万战V0的寄常 :刀枪怎么会没有呢,2025-06-18 02:07:00,0,0
BV1ahNvzmEoz,2025-06-17 10:00:00,-1406934735,-1404378879,397121369,火影两千万战V0的寄常,2935,回复 @吴晞他爹啊 :刀枪跟大炮导弹比？[哦呼],2025-06-18 02:42:00,0,0
BV1ahNvzmEoz,2025-06-17 10:00:00,-1404378879,-1400069151,166067669,吴晞他爹啊,14,回复 @火影两千万战V0的寄常 :以前其他国家也没这种超音速导弹啊。。你拿现在伊朗的武器和当年清的武器比啊,2025-06-18 03:39:00,0,0
BV1ahNvzmEoz,2025-06-17 10:00:00,-1400069151,-1398039999,397121369,火影两千万战V0的寄常,2935,回复 @吴晞他爹啊 :我是说清打不动八国联军，但郎子打的动小以吧,2025-06-18 04:02:00,0,0
BV1ahNvzmEoz,2025-06-17 10:00:00,-1398039999,-1242641007,166067669,吴晞他爹啊,14,回复 @火影两千万战V0的寄常 :以前可是有枪有炮的，没厉害的战船，但你记不记得海战打赢了上面还签条约的,2025-06-19 16:45:00,0,0
BV1ahNvzmEoz,2025-06-17 10:00:00,-1419131583,-1401913519,303939693,一劍风徽,4,回复 @吴晞他爹啊 :海军揍了墨西哥那会再垃圾好歹次强比那些上不了桌的还是强那么一丢丢[笑哭],2025-06-18 03:15:00,0,0
BV1ahNvzmEoz,2025-06-17 10:00:00,-1461458367,-364927104,45028907,账号已注销,261,认为伊朗像清朝的太蠢了。两者政治体制国内矛盾完全不一样,2025-06-17 17:33:00,0,8
BV1ahNvzmEoz,2025-06-17 10:00:00,-1461458367,-337876736,142250440,altqq12,10,大清只是不敢放弃对汉人的压制而已，要是有导弹怎么不会使？,2025-06-18 04:13:00,0,0
