﻿视频BV号,视频发布日期,上级评论ID,评论ID,用户ID,用户名,用户粉丝数,评论内容,评论时间,回复数,点赞数
BV1ANKTzRESn,2025-06-20 16:32:00,0,-61319776,375751322,杨海菜,47,外国的保险公司赔不赔车损[笑哭],2025-06-21 02:04:00,26,8
BV1ANKTzRESn,2025-06-20 16:32:00,-61319776,-1125113887,506197252,刘大澎,40,赔,2025-06-21 02:10:00,0,1
BV1ANKTzRESn,2025-06-20 16:32:00,-1125113887,-60393984,2008627,水左边的鱼,21,回复 @刘大澎 :可拉倒吧,2025-06-21 02:17:00,0,4
BV1ANKTzRESn,2025-06-20 16:32:00,-1125113887,-59594992,473790416,山楂片1551,5,回复 @刘大澎 :一看就知道车都没有,2025-06-21 02:27:00,0,1
BV1ANKTzRESn,2025-06-20 16:32:00,-1125113887,-1122528159,3546753456409368,芜湖最后一张牌丶,6,回复 @刘大澎 :这位懂哥，但凡上个高中，学了数学的概率基础知识也不会这么离谱。[大笑][大笑][大笑],2025-06-21 02:40:00,0,1
BV1ANKTzRESn,2025-06-20 16:32:00,-1125113887,-55429552,345703232,温和的春季,25,回复 @刘大澎 :你看看保单上标明的，战争，天灾是不赔的,2025-06-21 03:15:00,0,0
BV1ANKTzRESn,2025-06-20 16:32:00,-55429552,-1105009567,506197252,刘大澎,40,回复 @温和的春季 :以色列的车险里面有战争这一条，买了就陪,2025-06-21 05:49:00,0,0
BV1ANKTzRESn,2025-06-20 16:32:00,-1125113887,-1105633439,452545072,钉钉----,307,回复 @刘大澎 :我是没见过谁家车险意外免除不包括战争的,2025-06-21 05:42:00,0,0
BV1ANKTzRESn,2025-06-20 16:32:00,-61319776,-1125108159,3996560,MC-14,752,保险基本上都不赔战争损失，专门的战争保险都是给货运用的，对于人身财产的战争保险还属于蓝海领域,2025-06-21 02:10:00,0,12
BV1ANKTzRESn,2025-06-20 16:32:00,-1125108159,-1110834207,391955657,幕后の旋律,19,回复 @MC-14 :谁敢保战争险，赔的连妈都不认识[喜极而泣],2025-06-21 04:47:00,0,0
BV1ANKTzRESn,2025-06-20 16:32:00,-61319776,-1124877615,485793260,天地间一过客,22,一句：不可抗,2025-06-21 02:12:00,0,3
BV1ANKTzRESn,2025-06-20 16:32:00,-61319776,-1124335391,1860575476,bili_1860575476,24,自己看条款，战争之类的不管,2025-06-21 02:19:00,0,1
BV1ANKTzRESn,2025-06-20 16:32:00,-61319776,-59567200,369015721,北极以南iu,4,那个嘲讽加沙的以色列女网红房子被炸了 政府赔偿了大约1000人民币的补贴,2025-06-21 02:26:00,0,9
BV1ANKTzRESn,2025-06-20 16:32:00,-59567200,-1119838159,39159992,谁说我不来b站,28,回复 @北极以南iu :链接给一下,2025-06-21 03:14:00,0,0
BV1ANKTzRESn,2025-06-20 16:32:00,-1119838159,-36348928,369015721,北极以南iu,4,回复 @谁说我不来b站 :直接抖音搜以色列女网红,2025-06-21 06:35:00,0,0
BV1ANKTzRESn,2025-06-20 16:32:00,-61319776,-1123241887,28227279,zbyraymond,27,战争和内战是普通保险的标准除外责任。前两天的新闻英国法院裁定的一些飞机租赁公司之前放在俄罗斯的飞机收不回来了，用专门的战争险去赔的，普通财险不用赔,2025-06-21 02:31:00,0,0
BV1ANKTzRESn,2025-06-20 16:32:00,-61319776,-59095120,442548,哈基米爱吃碳酸钡,11,肯定是不赔的,2025-06-21 02:33:00,0,0
BV1ANKTzRESn,2025-06-20 16:32:00,-61319776,-57965520,436619135,Hammer2fall,3,意外险好像都有战争免除，自己有的保险打开条款仔细看下,2025-06-21 02:45:00,0,0
BV1ANKTzRESn,2025-06-20 16:32:00,-61319776,-1122155167,1606229592,毛孩子-狩猎计划,44,战争保险一般不赔,2025-06-21 02:47:00,0,0
BV1ANKTzRESn,2025-06-20 16:32:00,-61319776,-57368880,180053032,真丨贰大爷,5,不可抗力都不赔的吧,2025-06-21 02:53:00,0,0
BV1ANKTzRESn,2025-06-20 16:32:00,-61319776,-1121260399,3742598,忠义无双曹丞相,52,战争损失不赔,2025-06-21 02:58:00,0,0
BV1ANKTzRESn,2025-06-20 16:32:00,-61319776,-1121065071,8339257,子忆灬笑红尘,4,赔车损，但不赔战争。,2025-06-21 02:59:00,0,0
BV1ANKTzRESn,2025-06-20 16:32:00,-61319776,-56340496,21866804,?耋,3,不可能赔，保险公司也不傻，炮弹之下保险公司自己都难保，怎么可能赔。不过一些特殊器械估计有专门赔付，但肯定普通老百姓是用不上的。,2025-06-21 03:05:00,0,0
BV1ANKTzRESn,2025-06-20 16:32:00,-61319776,-51953472,3546609533061405,小鱼干不算鱼,21,保险公司都被炸没了吧[笑哭],2025-06-21 03:53:00,0,0
BV1ANKTzRESn,2025-06-20 16:32:00,-61319776,-51647280,25916034,上街没带钱,26,应该不赔，中国的保险反正是不赔的,2025-06-21 03:55:00,0,0
BV1ANKTzRESn,2025-06-20 16:32:00,-61319776,-1113067951,151601458,胖虎螺,30,不可抗力不赔,2025-06-21 04:25:00,0,0
BV1ANKTzRESn,2025-06-20 16:32:00,-61319776,-41825408,3546385446078807,hdjsbbdd,11,保险公司都给你炸没了，找谁赔？,2025-06-21 05:33:00,0,0
