﻿视频BV号,视频发布日期,上级评论ID,评论ID,用户ID,用户名,用户粉丝数,评论内容,评论时间,回复数,点赞数
BV1ajMmz4Egg,2025-06-14 09:54:00,0,-1738790191,545837854,不长草的慢羊羊村长,4,他们高层不会用的是苹果手机吧[doge_金箍],2025-06-14 11:58:00,13,90
BV1ajMmz4Egg,2025-06-14 09:54:00,-1738790191,-688073424,38789705,生活中修炼,245,用星链,2025-06-14 12:00:00,0,26
BV1ajMmz4Egg,2025-06-14 09:54:00,-688073424,-1732487103,317981887,zippo北风,5,回复 @生活中修炼 :就问你滑稽不滑稽[吃瓜][吃瓜],2025-06-14 13:03:00,0,2
BV1ajMmz4Egg,2025-06-14 09:54:00,-1738790191,-1732429759,317981887,zippo北风,5,苹果偷偷的用[嗑瓜子],2025-06-14 13:03:00,0,4
BV1ajMmz4Egg,2025-06-14 09:54:00,-1732429759,-1725160927,545837854,不长草的慢羊羊村长,4,回复 @zippo北风 :他不死谁死呢[doge_金箍]，众所周知，苹果没有后门,2025-06-14 14:13:00,0,7
BV1ajMmz4Egg,2025-06-14 09:54:00,-1725160927,-1723515119,681180,八云紫的神隐,16,回复 @不长草的慢羊羊村长 :直接走大门，不用后门,2025-06-14 14:30:00,0,6
BV1ajMmz4Egg,2025-06-14 09:54:00,-1723515119,-1713552255,317981887,zippo北风,5,回复 @八云紫的神隐 :伊朗真就抽象[笑哭][笑哭]亲美派根本就是明着拆台[嗑瓜子],2025-06-14 16:12:00,0,0
BV1ajMmz4Egg,2025-06-14 09:54:00,-1713552255,-1712824591,681180,八云紫的神隐,16,回复 @zippo北风 :光杆司令了，除了最上面的，大多数都是亲美派，包括民众。,2025-06-14 16:22:00,0,1
BV1ajMmz4Egg,2025-06-14 09:54:00,-1712824591,-1674377343,317981887,zippo北风,5,回复 @八云紫的神隐 :据说哈梅内伊老爷子的孙女在英国别墅里边刷伊朗被轰炸的视频[嗑瓜子][嗑瓜子],2025-06-15 04:49:00,0,1
BV1ajMmz4Egg,2025-06-14 09:54:00,-1738790191,-1722924943,517535058,钢七连长高城,12,别说他们了，记得俄乌刚开战的时候，有个车臣特种兵，还一边打仗一边用苹果呢,2025-06-14 14:35:00,0,3
BV1ajMmz4Egg,2025-06-14 09:54:00,-1738790191,-1722034127,3546720136858252,热破苏苏,2,活下来的都是内鬼[OK],2025-06-14 14:44:00,0,0
BV1ajMmz4Egg,2025-06-14 09:54:00,-1738790191,-1359874559,395885067,sd马克,17,国家通信网络设备，还在用思科，诺基亚，爱立信的,2025-06-18 11:42:00,0,0
BV1ajMmz4Egg,2025-06-14 09:54:00,-1359874559,-191055344,327832523,傻鹿鹿鹿鹿鹿,86,回复 @sd马克 :伊朗还专门避开北斗与中科类的通讯方式来讨好美国来着[喜极而泣],2025-06-19 14:51:00,0,0
BV1ajMmz4Egg,2025-06-14 09:54:00,-1738790191,-1289326895,489693374,飞涨的韭菜,22,[微笑]使用波斯语的苹果系统是不是被特别关注了,2025-06-19 07:28:00,0,0
