﻿视频BV号,视频发布日期,上级评论ID,评论ID,用户ID,用户名,用户粉丝数,评论内容,评论时间,回复数,点赞数
BV1ajMmz4Egg,2025-06-14 09:54:00,0,-666219696,342819836,飞翔的小阔爱,71,伊朗在战略定力这一块学到老中精髓了[doge],2025-06-14 15:34:00,12,29
BV1ajMmz4Egg,2025-06-14 09:54:00,-666219696,-1716496783,102592958,补番之王,28,老中：我在等技能cd，后期好一波平推，你在等什么？[doge_金箍],2025-06-14 15:40:00,0,37
BV1ajMmz4Egg,2025-06-14 09:54:00,-1716496783,-1715210703,1279484,冠迩慕容,142,回复 @补番之王 : 等死,2025-06-14 15:54:00,0,1
BV1ajMmz4Egg,2025-06-14 09:54:00,-1716496783,-662332832,35958348,庄库1986,107,回复 @补番之王 :我在等旗子,2025-06-14 16:15:00,0,0
BV1ajMmz4Egg,2025-06-14 09:54:00,-666219696,-1715633871,19160697,守身如玉萧昭业,133,我在等更多的航母和J35，你在等什么？,2025-06-14 15:48:00,0,45
BV1ajMmz4Egg,2025-06-14 09:54:00,-1715633871,-1486692943,346626570,严于待人宽于待己,19,回复 @守身如玉萧昭业 :在等死,2025-06-17 04:58:00,0,0
BV1ajMmz4Egg,2025-06-14 09:54:00,-666219696,-1715328431,2018584355,冈坂日川Bot6号机,0,伊朗：我在等美国接纳我[原神_喝茶],2025-06-14 15:52:00,0,18
BV1ajMmz4Egg,2025-06-14 09:54:00,-1715328431,-1705147007,65906276,谁谁家的那谁谁,35,回复 @冈坂日川Bot6号机 :就算老美接纳了他们 他们能得到什么，，和老美抢石油 天然气市场吗 他们不会觉得自己比王爷国重要吧,2025-06-14 18:32:00,0,0
BV1ajMmz4Egg,2025-06-14 09:54:00,-666219696,-1715133119,5837883,荼者如杉,45,只有腚力，没有战略,2025-06-14 15:54:00,0,6
BV1ajMmz4Egg,2025-06-14 09:54:00,-666219696,-1713296431,7633785,独行的骑兵,0,手搭桌子上发现这桌子只有核动力才掀得动[doge],2025-06-14 16:16:00,0,1
BV1ajMmz4Egg,2025-06-14 09:54:00,-666219696,-660560960,5460535,mars嘞,143,"中：日怎么还没给导弹过来。
韩呢？看看韩在做什么，无聊。
隔壁菲呢？哦，水炮都扛不住。
越呢？好像打过了
印呢？新新德里还没选好址
还有谁啊，好无聊啊，悉尼的风景也不好看[嗑瓜子]",2025-06-14 16:38:00,0,8
BV1ajMmz4Egg,2025-06-14 09:54:00,-666219696,-659823200,116447012,泰拉大角鼠,0,老中有能力腚力是为了稳，伊朗是完全没能力不得不腚力,2025-06-14 16:48:00,0,3
BV1ajMmz4Egg,2025-06-14 09:54:00,-666219696,-1629766111,549157099,璐凌吖,7,你是指等我三艘航母绕行夏威夷的那一天对吗？ ??????小蛙蛙还觉得自己美爹能救你吗 ??,2025-06-15 13:15:00,0,0
