﻿视频BV号,视频发布日期,上级评论ID,评论ID,用户ID,用户名,用户粉丝数,评论内容,评论时间,回复数,点赞数
BV1a7MSzYE8h,2025-06-14 14:49:00,0,-650571712,443895509,白枫静宇,64,伊朗在中东就是俄罗斯的角色。所以就。。。要打但不能搞垮了[doge],2025-06-14 20:32:00,7,10
BV1a7MSzYE8h,2025-06-14 14:49:00,-650571712,-1683633519,702587059,飞150721,3,你太看得起伊朗了，人家毛熊至少不会忍气吞声，伊朗升旗了解下,2025-06-15 03:13:00,0,14
BV1a7MSzYE8h,2025-06-14 14:49:00,-650571712,-1677196671,696631489,烈风狂澜,4,真要跨谁救，你去救吗[吃瓜][吃瓜],2025-06-15 04:21:00,0,0
BV1a7MSzYE8h,2025-06-14 14:49:00,-1677196671,-616671184,27186604,来一打薇薇安,143,回复 @烈风狂澜 :说得是美国不想打垮他吧，立个靶子好操作,2025-06-15 05:45:00,0,0
BV1a7MSzYE8h,2025-06-14 14:49:00,-616671184,-608086512,484484006,满僵红,31,回复 @来一打薇薇安 :我看有博主说他是很崎岖，都是山，要么导弹犁地，要么就靠人数往里头堆。这几点老美都受不了吧？,2025-06-15 07:28:00,0,0
BV1a7MSzYE8h,2025-06-14 14:49:00,-608086512,-604466320,27186604,来一打薇薇安,143,回复 @满僵红 :受不了只是一方面，主要是美国和以色列，在中东需要有个敌人。什叶派和逊尼派有矛盾的，留着伊朗可以操作的空间很大。不然伊朗直接投降了，那不是穆斯林都去打以色列了。,2025-06-15 08:11:00,0,0
BV1a7MSzYE8h,2025-06-14 14:49:00,-604466320,-594894624,22182217,猫车达人lee,6,回复 @来一打薇薇安 :离岸平衡手是这样的,2025-06-15 10:00:00,0,0
BV1a7MSzYE8h,2025-06-14 14:49:00,-650571712,-616681312,7775339,翔升RHZ,4,土耳其才是吧？,2025-06-15 05:45:00,0,0
