﻿视频BV号,视频发布日期,上级评论ID,评论ID,用户ID,用户名,用户粉丝数,评论内容,评论时间,回复数,点赞数
BV1ahNvzmEoz,2025-06-17 10:00:00,0,-333127376,51425915,肥柴花,34,解放军一波随随便便5000枚以上，想想就恐怖。[笑哭],2025-06-18 05:00:00,10,4
BV1ahNvzmEoz,2025-06-17 10:00:00,-333127376,-1391882351,510976682,独轮车司机,89,导弹随便一波5000个，地球上那个国家都打不起。,2025-06-18 05:05:00,0,5
BV1ahNvzmEoz,2025-06-17 10:00:00,-1391882351,-327962720,32219342,Angel_Hello,29,回复 @独轮车司机 : 导弹洗地,2025-06-18 06:04:00,0,1
BV1ahNvzmEoz,2025-06-17 10:00:00,-327962720,-1377036063,35395183,凡夫俗子D,398,回复 @Angel_Hello :确定是导弹不是火箭弹洗地？导弹可不便宜，打仗也得算经济账的[吃瓜],2025-06-18 08:30:00,0,0
BV1ahNvzmEoz,2025-06-17 10:00:00,-1391882351,-320329456,2021906126,Zhuo-_-lin,7,回复 @独轮车司机 :只有中国可以，别的国家够呛能一次打5000枚，看钢铁产量，只要中国想半天内打上万枚都没有问题[笑哭][笑哭],2025-06-18 07:59:00,0,0
BV1ahNvzmEoz,2025-06-17 10:00:00,-320329456,-318931344,16022017,丸山汽修店,108,回复 @Zhuo-_-lin :超大范围饱和式轰炸是吧,2025-06-18 08:18:00,0,0
BV1ahNvzmEoz,2025-06-17 10:00:00,-320329456,-318571840,621937015,bili_21968159257,101,回复 @Zhuo-_-lin :半天内打万枚难以推平全球，焦虑[委屈],2025-06-18 08:25:00,0,0
BV1ahNvzmEoz,2025-06-17 10:00:00,-1391882351,-1373953471,2176355,未蓝天空初号机,21,"回复 @独轮车司机 : 我们还真没问题..美国推算过..就算开战一年以后 我们也可以保持每天丢1000-2000枚的频率...所以你看一旦到了对峙阶段,美国就怂的原因.16年就怂了 别说现在了..老美就开始搞经济贸易金融 妄图瓦解我们...",2025-06-18 09:11:00,0,0
BV1ahNvzmEoz,2025-06-17 10:00:00,-333127376,-1374951455,600660179,bili_600660179,65,你说的是 火箭弹吧,2025-06-18 09:00:00,0,0
BV1ahNvzmEoz,2025-06-17 10:00:00,-1374951455,-315207584,9330030,不是大叔的大叔,18,回复 @bili_600660179 :就是导弹  国内各类火箭弹发射车不低于五千辆,2025-06-18 09:09:00,0,0
BV1ahNvzmEoz,2025-06-17 10:00:00,-1374951455,-313044336,51425915,肥柴花,34,回复 @bili_600660179 :火箭弹就是以万为单位了[doge_金箍],2025-06-18 09:36:00,0,0
