﻿视频BV号,视频发布日期,上级评论ID,评论ID,用户ID,用户名,用户粉丝数,评论内容,评论时间,回复数,点赞数
BV1A9MvzkE7u,2025-06-16 02:53:00,0,-1501743279,1739689458,是什么你说呢上课,1,你看这种战地记者才是有专业精神的。一不小心一个导弹过来，自己就拜拜他们真的是有一种精神支持他去做这个工作。了。,2025-06-17 01:50:00,8,32
BV1A9MvzkE7u,2025-06-16 02:53:00,-1501743279,-1490119823,1843298578,账号已注销,39,我就想杠一下，哈马斯被打的时候，他们在哪,2025-06-17 04:23:00,0,0
BV1A9MvzkE7u,2025-06-16 02:53:00,-1490119823,-1489856335,1739689458,是什么你说呢上课,1,回复 @三观要正 :中国还怕以色列？主要是太危险吧,2025-06-17 04:26:00,0,0
BV1A9MvzkE7u,2025-06-16 02:53:00,-1489856335,-1484964943,1843298578,账号已注销,39,回复 @是什么你说呢上课 :危险也分档啊，加沙是一档，以色列是二档,2025-06-17 05:17:00,0,0
BV1A9MvzkE7u,2025-06-16 02:53:00,-1490119823,-1489141535,427018186,重元素聚变,1057,回复 @三观要正 :加沙地区是处于长期被封锁的状态，记者根本进不去，有许多联合国工作者和记者在加沙地区都被以色列枪杀了，他们在加沙地区是真的敢在摄像机前面杀记者。,2025-06-17 04:32:00,0,12
BV1A9MvzkE7u,2025-06-16 02:53:00,-1489141535,-1485015647,1843298578,账号已注销,39,回复 @重元素聚变 :。。这才是真战地记者,2025-06-17 05:17:00,0,0
BV1A9MvzkE7u,2025-06-16 02:53:00,-1485015647,-421829088,1832900915,库之巴,1,回复 @三观要正 :有命才能报到，你知道那边会杀你跑过去送死吗？还是说觉得非要死了才算战地记者？,2025-06-17 06:32:00,0,5
BV1A9MvzkE7u,2025-06-16 02:53:00,-1490119823,-415443936,62037419,暂时想不起名字啊啊啊,0,回复 @三观要正 :你可以去,2025-06-17 08:04:00,0,1
BV1A9MvzkE7u,2025-06-16 02:53:00,-1501743279,-421403296,1832900915,库之巴,1,你是觉得非得趴到战壕里才算战地记者？等真要死了，家里的人没人养就老实了。,2025-06-17 06:36:00,0,0
