﻿视频BV号,视频发布日期,上级评论ID,评论ID,用户ID,用户名,用户粉丝数,评论内容,评论时间,回复数,点赞数
BV1AfKwzVEga,2025-06-20 09:48:00,0,-1118016495,33299096,滚蛋吧Ms君,18,普天同庆,2025-06-21 03:35:00,7,20
BV1AfKwzVEga,2025-06-20 09:48:00,-1118016495,-24719904,1968725249,沃阳油,12,赞同++,2025-06-21 08:57:00,0,3
BV1AfKwzVEga,2025-06-20 09:48:00,-1118016495,35287920,11384434,風有些喧嚣,330,双方都有平民百姓和儿童受伤害吧,2025-06-21 23:30:00,0,0
BV1AfKwzVEga,2025-06-20 09:48:00,35287920,-994907455,169815286,我永远喜欢葛温德林,1,回复 @風有些喧嚣 :双方也好过单方。一条狗在村里乱咬人一个人上去给他一脚被咬一口我也说好。不是说人被咬好。而是让??长记性,2025-06-22 07:02:00,0,2
BV1AfKwzVEga,2025-06-20 09:48:00,-994907455,-935345631,171683368,龙王狱友妹多拉,137,回复 @我永远喜欢葛温德林 :他们都不考虑这个问题开战你个边缘人考虑什么[吃瓜],2025-06-22 18:43:00,0,0
BV1AfKwzVEga,2025-06-20 09:48:00,35287920,95702448,1728017,陈兄,78,回复 @風有些喧嚣 :以色列全民皆兵，它们自己说的,2025-06-22 11:24:00,0,2
BV1AfKwzVEga,2025-06-20 09:48:00,95702448,120044384,11384434,風有些喧嚣,330,回复 @陈兄 :伊斯兰也是 成人礼发枪,2025-06-22 15:27:00,0,0
BV1AfKwzVEga,2025-06-20 09:48:00,95702448,120050816,11384434,風有些喧嚣,330,回复 @陈兄 :穆斯林,2025-06-22 15:27:00,0,0
