﻿视频BV号,视频发布日期,上级评论ID,评论ID,用户ID,用户名,用户粉丝数,评论内容,评论时间,回复数,点赞数
BV1AfKwzVEga,2025-06-20 09:48:00,0,-34217344,495209512,有智慧才快乐,13,支持伊朗,2025-06-21 07:03:00,9,21
BV1AfKwzVEga,2025-06-20 09:48:00,-34217344,-1092802623,13410771,牧洋星人,146,别支持了，伊朗左右摇摆[doge]小心等下石油制裁中国[doge],2025-06-21 08:22:00,0,4
BV1AfKwzVEga,2025-06-20 09:48:00,-1092802623,-26960048,495209512,有智慧才快乐,13,回复 @牧洋星人 :没发生的事儿先不要提。,2025-06-21 08:31:00,0,1
BV1AfKwzVEga,2025-06-20 09:48:00,-26960048,136920176,207738008,小浪啊浪啊浪的,41,回复 @有智慧才快乐 :这叫没发生啊？一带一路都卡我们铁路别说别的合作那些了。,2025-06-22 22:18:00,0,1
BV1AfKwzVEga,2025-06-20 09:48:00,136920176,139516288,495209512,有智慧才快乐,13,回复 @小浪啊浪啊浪的 :有官方报道？给个链接。,2025-06-22 23:47:00,0,0
BV1AfKwzVEga,2025-06-20 09:48:00,-34217344,-25423648,516795620,下雨天爱爱爱,3,都不支持，继续,2025-06-21 08:50:00,0,5
BV1AfKwzVEga,2025-06-20 09:48:00,-34217344,-20554704,391166344,木左806,3,你支持了，伊朗就有底气和美国求和了,2025-06-21 09:43:00,0,3
BV1AfKwzVEga,2025-06-20 09:48:00,-20554704,-12985248,495209512,有智慧才快乐,13,回复 @木左806 :那就不说话,2025-06-21 10:59:00,0,0
BV1AfKwzVEga,2025-06-20 09:48:00,-34217344,117172336,313529922,芭蕉夜雨西窗竹,16,伊朗这次挨打是因为他想跪美国，想不到吧，想投降结果被打的更狠了[doge],2025-06-22 14:58:00,0,1
BV1AfKwzVEga,2025-06-20 09:48:00,-34217344,124883472,12438840,Q都能Q中的逆风局局长,36,幽默支持哥,2025-06-22 16:22:00,0,0
