﻿视频BV号,视频发布日期,上级评论ID,评论ID,用户ID,用户名,用户粉丝数,评论内容,评论时间,回复数,点赞数
BV1ApNazxEQE,2025-06-16 23:24:00,0,-1365023247,354133080,几萧尽,55,不是很懂国际局势这一块 向各位请教一下：印象里伊朗还是挺厉害的呀 为啥连以色列都干不过 被逼到如此境地？（期待大佬详细解答 谢谢）[脸红][给心心],2025-06-18 10:49:00,6,1
BV1ApNazxEQE,2025-06-16 23:24:00,-1365023247,-301035744,1185421821,漫无目的的神明,9,现在没有全面冲突打得不激烈，还要考虑国际观瞻，而且伊朗虽然看起来还行，但底子(包括军事、工业、经济)没以色列厚，国际压力也比以色列大，并且伊朗内部不团结,2025-06-18 11:43:00,0,7
BV1ApNazxEQE,2025-06-16 23:24:00,-1365023247,-1347512927,66726295,到底该叫什么啊可恶,8,伊朗被美西方制裁了十年,2025-06-18 13:58:00,0,2
BV1ApNazxEQE,2025-06-16 23:24:00,-1365023247,-1303626047,485220088,苏玛kyydsa,12,哪里干不过了，我寻思他也没解体啊[笑哭]，而且伊朗不是反击打下来f35了吗，这不是有来有回的，而且美国一直都在支援以色列，没到最后终局还不能说谁输谁赢吧，至少最后要有个协议出来，有个定论，那个时候再算总账谁输谁赢，现在这样是正常战争的过程。就像当年我们跟对面持久战一样，来来回回小波动都是过程，只有最后出结果了再分说输赢。,2025-06-19 04:18:00,0,0
BV1ApNazxEQE,2025-06-16 23:24:00,-1365023247,-163628768,1677004,小土豆豆飞1-0,30760,伊朗不是打不过以色列，是忌惮以色列后面的美国。要是美国不管不顾完全支持以，那伊朗就算把美国拖死了也会遭重创，所以之前一直在拉扯。只不过没想到以这么疯，真的大规模刺杀了伊朗高层，在完全没准备的情况下，加上以色列的舆论战，看起来就落了下风。不过时间拖的越久，以色列就越没胜算，毕竟伊朗那么大个地方，还有自己的工业产业链，以色列面基连人家零头都没有，产能也有限，大弱国跟小强国对战，剧本有哪些咱们应该都知道,2025-06-20 01:43:00,0,5
BV1ApNazxEQE,2025-06-16 23:24:00,-1365023247,-68721904,4197538,七宝是喵呀,35,伊朗国内的亲美派还是不少的,2025-06-21 00:11:00,0,0
BV1ApNazxEQE,2025-06-16 23:24:00,-1365023247,71784528,389346305,Artemis绕指柔,168,国内就不团结,2025-06-22 07:00:00,0,0
