﻿视频BV号,视频发布日期,上级评论ID,评论ID,用户ID,用户名,用户粉丝数,评论内容,评论时间,回复数,点赞数
BV1ahNvzmEoz,2025-06-17 10:00:00,0,-385345616,622069422,自在极意的过,37,还是你比较中立，这次连紫薯和三儿都是痛骂朗子[doge],2025-06-17 13:37:00,16,76
BV1ahNvzmEoz,2025-06-17 10:00:00,-385345616,-380618336,1414306614,菌菌jun,4,感觉现在的消息很奇怪 都在说 伊朗在做样子 好像没打中以色列什么  但是又有媒体说 以色列封闭消息 就很离奇,2025-06-17 14:24:00,0,52
BV1ahNvzmEoz,2025-06-17 10:00:00,-380618336,-1438955391,12955963,寂静黎明行动official,54,回复 @菌菌jun :信息战,2025-06-17 14:27:00,0,25
BV1ahNvzmEoz,2025-06-17 10:00:00,-380618336,-1438043823,16614290,Amor丶桐,5,回复 @菌菌jun :舆论战[吃瓜]现在网上乱成一锅粥,2025-06-17 14:35:00,0,40
BV1ahNvzmEoz,2025-06-17 10:00:00,-380618336,-379249808,511220630,今屿为心,8,回复 @菌菌jun :宣传战，不仅要向自己人民宣传以稳民心，还要向外宣传以稳固国际地位。只要是打仗无论是那个国家都会这样做,2025-06-17 14:36:00,0,49
BV1ahNvzmEoz,2025-06-17 10:00:00,-380618336,-1402548495,624139794,宫园薰的友人A-,10,回复 @菌菌jun :认知战，可以看看在以色列的人拍的视频双方损失都很惨，不存在只有一方挨打的情况,2025-06-18 03:07:00,0,11
BV1ahNvzmEoz,2025-06-17 10:00:00,-380618336,-1388541055,479217482,拿铁加酱油加辣,2,回复 @菌菌jun : 起码目前看来以色列和伊朗两败俱伤，特拉维夫都快变加沙了。,2025-06-18 05:47:00,0,0
BV1ahNvzmEoz,2025-06-17 10:00:00,-385345616,-1421432223,12383064,不靠谱的吐司神使,65,这俩是气氛组，把消息收集一下讲段子的，什么舆情火讲什么。听一乐就得了没啥东西。更别提麻薯前一阵还接了波兰官方商单在那吹波兰…,2025-06-17 18:44:00,0,45
BV1ahNvzmEoz,2025-06-17 10:00:00,-1421432223,-359515424,9642220,铃木的春日生活,81,回复 @不靠谱的吐司神使 :麻薯的视频完全听不下去,2025-06-17 20:50:00,0,15
BV1ahNvzmEoz,2025-06-17 10:00:00,-359515424,-1281899567,16614290,Amor丶桐,5,回复 @铃木的春日生活 :[笑哭]去年的视频感觉挺好的，最近听不下去了,2025-06-19 09:17:00,0,0
BV1ahNvzmEoz,2025-06-17 10:00:00,-385345616,-359603040,373933028,八神鉴,1,但是朗子确实怂[笑哭][笑哭][笑哭],2025-06-17 20:41:00,0,3
BV1ahNvzmEoz,2025-06-17 10:00:00,-359603040,-296816448,3546910021388449,星弧s,1,回复 @八神鉴 :怂就怂咯，好歹天天飞导弹过去,2025-06-18 12:29:00,0,0
BV1ahNvzmEoz,2025-06-17 10:00:00,-385345616,-358602400,30493034,菜菜的小黑喵,11,有啥好骂的,2025-06-17 21:49:00,0,2
BV1ahNvzmEoz,2025-06-17 10:00:00,-385345616,-1400908191,3546911999002798,zt1我吃软不吃硬,0,结合伊朗之前的事确实难评,2025-06-18 03:27:00,0,2
BV1ahNvzmEoz,2025-06-17 10:00:00,-385345616,-279962016,144249,卡洛,24,怒其不争,2025-06-18 15:27:00,0,0
BV1ahNvzmEoz,2025-06-17 10:00:00,-385345616,-1266388575,274976197,尼基劳达_hf,8,前几天感觉伊朗没怎发力要怂了，谁知道打了这么些天，好多预判错了他是基于当时伊朗的反应强度来判断的和之前的强度没多大区别,2025-06-19 12:08:00,0,0
