﻿视频BV号,视频发布日期,上级评论ID,评论ID,用户ID,用户名,用户粉丝数,评论内容,评论时间,回复数,点赞数
BV1aaMvzoEDN,2025-06-16 03:34:00,0,-1483380495,3546875745536380,天上掉下来的馅儿饼,13,导弹的伤害范围这么小的啊,2025-06-17 05:36:00,30,33
BV1aaMvzoEDN,2025-06-16 03:34:00,-1483380495,-420120992,181855742,白眉老仙,26,太远了，大部分用来维持航程了，装药量就得降低,2025-06-17 06:55:00,0,32
BV1aaMvzoEDN,2025-06-16 03:34:00,-1483380495,-1475970879,3546656635095161,小悟空De大东风,3,你也要看是什么导弹呀,2025-06-17 07:24:00,0,0
BV1aaMvzoEDN,2025-06-16 03:34:00,-1483380495,-1475533471,416313095,精选A玩家,7,本来杀伤力就不大，不如航空炸弹，所以以色列都是用空袭,2025-06-17 07:32:00,0,5
BV1aaMvzoEDN,2025-06-16 03:34:00,-1483380495,-412183504,28963117,-_苦力波_-,23,不如飞机上扔的厉害就是打的远,2025-06-17 08:48:00,0,1
BV1aaMvzoEDN,2025-06-16 03:34:00,-1483380495,-412224752,28963117,-_苦力波_-,23,核弹其实威力都没有想象中那么大,2025-06-17 08:49:00,0,0
BV1aaMvzoEDN,2025-06-16 03:34:00,-412224752,-1468125087,346428254,haodeneddd,16,回复 @-_苦力波_- :这个导弹才几百公斤tnt当量。中等城市只要一颗百万当量，城市就全毁。,2025-06-17 09:15:00,0,1
BV1aaMvzoEDN,2025-06-16 03:34:00,-1468125087,-360364832,110755817,一只胖胖滴畅畅,41,回复 @haodeneddd :远远不够的...低估现代建筑强度了,2025-06-17 19:52:00,0,0
BV1aaMvzoEDN,2025-06-16 03:34:00,-412224752,-1462334495,513340972,画质感人黄金触,32,回复 @-_苦力波_- :这是核弹吗你这么说,2025-06-17 10:21:00,0,1
BV1aaMvzoEDN,2025-06-16 03:34:00,-1462334495,-1460247071,9587753,最爱菜猪油馅,13,回复 @画质感人黄金触 :他也没说错，现在钢筋混凝土世界，核弹威力也有限了,2025-06-17 10:43:00,0,1
BV1aaMvzoEDN,2025-06-16 03:34:00,-1460247071,-395306208,364827408,摩羯毒药的滋味,12,"回复 @最爱菜猪油馅 :
。。。你要不要听听自己在说什么。。。。",2025-06-17 11:51:00,0,0
BV1aaMvzoEDN,2025-06-16 03:34:00,-395306208,-1451658399,9587753,最爱菜猪油馅,13,回复 @摩羯毒药的滋味 : 没说错，核弹威力现在在大城市作用很小，钢筋混凝土对核爆的抵抗能力太强了,2025-06-17 12:15:00,0,0
BV1aaMvzoEDN,2025-06-16 03:34:00,-1451658399,-391080992,91241430,夏日の海边,15,回复 @最爱菜猪油馅 :你这…你是只考虑核火球范围，冲击波跟核辐射完全不惧是吧[吃瓜],2025-06-17 12:36:00,0,0
BV1aaMvzoEDN,2025-06-16 03:34:00,-1451658399,-390605696,91241430,夏日の海边,15,回复 @最爱菜猪油馅 :光烧伤都够喝一壶了，钢筋混凝土能抗不代表你能抗…地震火山喷发甚至小陨石对地球伤害也很低[吃瓜],2025-06-17 12:40:00,0,0
BV1aaMvzoEDN,2025-06-16 03:34:00,-1460247071,-1421379327,3546689342277661,黑神话不救四妹不改名,3,回复 @最爱菜猪油馅 :[笑哭]核弹最猛的应该是遗留下来的辐射吧,2025-06-17 18:39:00,0,0
BV1aaMvzoEDN,2025-06-16 03:34:00,-1421379327,-1404992031,9587753,最爱菜猪油馅,13,回复 @黑神话不救四妹不改名 :核弹留下辐射多那说明你这核弹威力低，核反应不够充足，爆炸后辐射越低的核弹威力越大，你说的那种辐射多的应该是脏弹那种已辐射为目标的核武器,2025-06-18 02:33:00,0,0
BV1aaMvzoEDN,2025-06-16 03:34:00,-412224752,-1459190287,669104753,CNdota_jiayou,2,回复 @-_苦力波_- :不是哥们，如果是核弹那就完全不一样了，核弹小当量都有1.5万吨tnt左右，那也很猛了，况且发生核弹的情况下，应该是想换家了，所以只会猛不会小，而且没考虑到辐射危害,2025-06-17 10:55:00,0,0
BV1aaMvzoEDN,2025-06-16 03:34:00,-1459190287,-395993280,235152707,孤独老人邦桑迪,21,回复 @CNdota_jiayou :现在最小的核弹都比小胖孩大很多倍很多很多[滑稽],2025-06-17 11:45:00,0,0
BV1aaMvzoEDN,2025-06-16 03:34:00,-412224752,-398369120,375949912,忘掉你的温柔,6,回复 @-_苦力波_- :给我来一颗 点个烟,2025-06-17 11:20:00,0,0
BV1aaMvzoEDN,2025-06-16 03:34:00,-412224752,-391602816,1418295407,笼中鸟与花上蝶,53,回复 @-_苦力波_- :你见过核弹炸吗,2025-06-17 12:31:00,0,0
BV1aaMvzoEDN,2025-06-16 03:34:00,-1483380495,-410633200,8591334,你还未认识的张不途,20338,你当是看热血漫呢，一拳炸开一座山,2025-06-17 09:08:00,0,4
BV1aaMvzoEDN,2025-06-16 03:34:00,-1483380495,-404258304,609032710,苏州晓军,5,2000公里呢要飞,2025-06-17 10:21:00,0,1
BV1aaMvzoEDN,2025-06-16 03:34:00,-1483380495,-1459365551,3546896916285784,就得让人拿枪指着,0,战斗部小，百八十公斤的，跟火箭弹差不多。,2025-06-17 10:53:00,0,0
BV1aaMvzoEDN,2025-06-16 03:34:00,-1483380495,-400793008,181046735,咩咩哥布林,50,先设几发便宜的看看以色列防空能不能防住，防不住就用小的防住了就用大的，总有一款适合它的,2025-06-17 10:56:00,0,0
BV1aaMvzoEDN,2025-06-16 03:34:00,-1483380495,-1456015263,477149098,惟愿我们皆能永生不死,20,以色列可以空袭，伊朗只能用导弹,2025-06-17 11:27:00,0,0
BV1aaMvzoEDN,2025-06-16 03:34:00,-1483380495,-1456005551,477149098,惟愿我们皆能永生不死,20,他们空军还是差太远了,2025-06-17 11:27:00,0,0
BV1aaMvzoEDN,2025-06-16 03:34:00,-1483380495,-396671856,1116241043,玉般若,7,核弹可怕的是辐射，那片土地在起码一代人的记忆里算毁了,2025-06-17 11:37:00,0,0
BV1aaMvzoEDN,2025-06-16 03:34:00,-1483380495,-396229344,282673310,__--花花--,6,其实导弹威力没想象力那么大,2025-06-17 11:43:00,0,0
BV1aaMvzoEDN,2025-06-16 03:34:00,-1483380495,-1450633071,30163089,润泽M东方,137,远程导弹是这样的，得航弹飞机挂载，战斗部可以达到2吨。,2025-06-17 12:25:00,0,0
BV1aaMvzoEDN,2025-06-16 03:34:00,-1483380495,-368401328,334565209,香蕉小帅哥,4,为什么航弹伤害高，就是不用花费大量载重在燃料上,2025-06-17 16:39:00,0,0
BV1aaMvzoEDN,2025-06-16 03:34:00,-1483380495,-1423412031,390442494,robplus,23,一公里多的波及范围，不小了。,2025-06-17 17:45:00,0,0
