﻿视频BV号,视频发布日期,上级评论ID,评论ID,用户ID,用户名,用户粉丝数,评论内容,评论时间,回复数,点赞数
BV1aANRzqE5d,2025-06-22 10:19:00,0,-919997695,686455094,骊山骊山,12,美国会不会发动一次伊朗战争？,2025-06-23 02:28:00,10,5
BV1aANRzqE5d,2025-06-22 10:19:00,-919997695,-918133327,160054,Augustノ凛,44,在次陷入中东泥潭吗？[吃瓜],2025-06-23 02:56:00,0,3
BV1aANRzqE5d,2025-06-22 10:19:00,-919997695,-915862335,8869771,十三今天吃什么,887,"那美国是真想分裂了
今天敢开战，明天加州，佛州，新泽西，肯塔基就一呼百应宣布独立[doge_金箍]",2025-06-23 03:25:00,0,5
BV1aANRzqE5d,2025-06-22 10:19:00,-919997695,-915361407,3059877,叫我冬阳就好了,328,美国内部都乱成一团了，美债到期，民主党州大规模反对懂王游行，懂王关税被刺老盟友多重buff叠加可谓是勃勃生机，没有这种千年难得一遇的情况伊朗怎么敢这样打小以[傲娇],2025-06-23 03:32:00,0,6
BV1aANRzqE5d,2025-06-22 10:19:00,-919997695,-914754911,36852467,帝肝圆舞曲,15,之前国内一直在宣传，百年未有之大变局。我当时能看到的只有老美内部问题，感觉虽然无法解决但是拖下去应该问题不大。结果最近就搞这么一出戏。大佬们是咋看出来的？,2025-06-23 03:39:00,0,0
BV1aANRzqE5d,2025-06-22 10:19:00,-914754911,-906249807,5022187,虚渊子,23,回复 @帝肝圆舞曲 :因为这是两个事件合成一个，即中国登顶第一，美国滑落第二，而如今的美国的世界霸权体系尚在，想要冲击成功，首先美国需要衰弱，然后声望受损，接着生一场大病，我们则是需要变强，提高声望，等美国的大病到来。,2025-06-23 05:07:00,0,0
BV1aANRzqE5d,2025-06-22 10:19:00,-914754911,164755008,16159231,Meacl,7,回复 @帝肝圆舞曲 :变局是有，但不是这次伊朗战争，这次战争是以色列对美国进行军事捆绑的结果，美国也只是做做样子，不可能真的下场。真正的变局是美国实力下滑，特朗普政府为了自己的政治利益，准备放弃经营了几十年的全球霸权战略，开始搞战略收缩，目标是收割欧洲，掌控南美，做一个地域性列强,2025-06-23 05:33:00,0,3
BV1aANRzqE5d,2025-06-22 10:19:00,164755008,-903715471,36852467,帝肝圆舞曲,15,回复 @Meacl :谢谢，受教了！不过还是要问问，南美战略怕是也不好弄哦。那边也是个破摊子，不知道有啥解释，毕竟南美关注得很少，的确不太懂。,2025-06-23 05:37:00,0,0
BV1aANRzqE5d,2025-06-22 10:19:00,-919997695,166356896,477978340,柑橘味柚子酱,38,美国已经禁不起打仗了吧,2025-06-23 05:56:00,0,0
BV1aANRzqE5d,2025-06-22 10:19:00,-919997695,-896214911,328122051,能白嫖决不投B,39,伊那边没多少油水，纯赔本买卖，接不了美债，又不用他的石油给他美元作背书,2025-06-23 07:29:00,0,0
BV1aANRzqE5d,2025-06-22 10:19:00,-919997695,203930480,359965829,我只是一个路过的嘤雄,11,还以为能像30年前那么威风啊？时代变了[大笑],2025-06-23 13:15:00,0,0
