﻿视频BV号,视频发布日期,上级评论ID,评论ID,用户ID,用户名,用户粉丝数,评论内容,评论时间,回复数,点赞数
BV1a7MSzYE8h,2025-06-14 14:49:00,0,-1694689407,288762361,守护最好的阿B,47,为什么东大不直接配合以色列和美国一起打伊朗，反正伊朗喜欢亲美，他本来也不可能向东大出让利益。[思考],2025-06-15 00:45:00,11,1
BV1a7MSzYE8h,2025-06-14 14:49:00,-1694689407,-1692935423,1533739062,神灯没油,2,东大不能直接下场，不然会顺了老美的意被拖入战争泥潭,2025-06-15 01:15:00,0,1
BV1a7MSzYE8h,2025-06-14 14:49:00,-1694689407,-1692690159,473204871,败者食尘n,36,师出无名,2025-06-15 01:18:00,0,4
BV1a7MSzYE8h,2025-06-14 14:49:00,-1694689407,-641076736,86620644,傲视的太阳QAQ,13,可伊朗也没太招惹咱啊 没必要动手干他啊，伊朗研究核有以色列出面干咱在后面偷着乐多好[笑哭],2025-06-15 01:19:00,0,2
BV1a7MSzYE8h,2025-06-14 14:49:00,-1694689407,-1690117759,44390563,cellsuper,2,下场就要触发S3新赛季了啊[笑哭]何况没理由下,2025-06-15 01:55:00,0,0
BV1a7MSzYE8h,2025-06-14 14:49:00,-1694689407,-1685368607,24750969,时也VS命也,72,神的你…东方不可能做这种事的！都不明白自己家是什么思路么？[吃瓜],2025-06-15 02:54:00,0,1
BV1a7MSzYE8h,2025-06-14 14:49:00,-1694689407,-1673796623,109314167,情景小推手,7,人家跟咱家一隔三千里，碍不着咱家啊[笑哭],2025-06-15 04:54:00,0,1
BV1a7MSzYE8h,2025-06-14 14:49:00,-1694689407,-1673576655,3546894758316560,晚风明信片,0,关我们啥事，又不干涉别内政。,2025-06-15 04:57:00,0,2
BV1a7MSzYE8h,2025-06-14 14:49:00,-1694689407,-619357008,42429128,附近反,5,你这是没事找事，你看不顺眼的人，就尊重他人命运好了，你看得顺眼的人，肯定要拉一把，这是命运共同体。,2025-06-15 05:18:00,0,1
BV1a7MSzYE8h,2025-06-14 14:49:00,-1694689407,-1662338799,3546786450901879,沃尔玛展示柜,29,一枚炮弹就是一辆宝马7，这钱谁出？[doge][doge],2025-06-15 07:05:00,0,0
BV1a7MSzYE8h,2025-06-14 14:49:00,-1694689407,-1594186479,406275485,笙歌予伊人,61,还得是蛙会意淫呐,2025-06-16 01:24:00,0,0
BV1a7MSzYE8h,2025-06-14 14:49:00,-1694689407,-1421732207,138990770,绫心依旧,38,打他有什么好处吗,2025-06-17 18:26:00,0,0
