﻿视频BV号,视频发布日期,上级评论ID,评论ID,用户ID,用户名,用户粉丝数,评论内容,评论时间,回复数,点赞数
BV1a7MSzYE8h,2025-06-14 14:49:00,0,-670456384,489007432,玉虚龙宇君的小号,24820,这就得说牢美的对外战略了，为何牢美都扶持离自己远的地方，离他近的是能削弱就削弱啊？因为离得近的要是扶持起来了，威胁就在眼前啊，万一之后不听话了呢？所以扶持远的地方，就算不听话也是先祸害周边邻居，伤不到他本土~所以以后我们也不能对离自己太近的太好！[OK],2025-06-14 14:51:00,20,56
BV1a7MSzYE8h,2025-06-14 14:49:00,-670456384,-1720595151,242699,钝角设计师,25,买中械就行了，有异心就锁机。,2025-06-14 14:58:00,0,2
BV1a7MSzYE8h,2025-06-14 14:49:00,-670456384,-1720117855,314124668,槽子糕1,2,还是得扶持身边，要不产业链往哪转移？也跟老美学往远处转移然后自己空心化？,2025-06-14 15:02:00,0,10
BV1a7MSzYE8h,2025-06-14 14:49:00,-670456384,-668634608,400556607,昵称取不了了吗,1,恰恰是它这么搞，弄得太安逸，结果才导致现在的局面，不能只看眼前，生于忧患死于安乐啊[笑哭],2025-06-14 15:08:00,0,12
BV1a7MSzYE8h,2025-06-14 14:49:00,-668634608,-664835648,489007432,玉虚龙宇君的小号,24820,回复 @昵称取不了了吗 :你打算故意给自己找罪受啊？越战的教训还不够吗？,2025-06-14 15:46:00,0,0
BV1a7MSzYE8h,2025-06-14 14:49:00,-664835648,-391498096,400556607,昵称取不了了吗,1,回复 @玉虚龙宇君的小号 :你连那个教训是怎么回事都不知道吗？首先那是前苏联捅咕的，再者当时我们没有压倒前苏联的实力，现在能一样吗？,2025-06-17 12:33:00,0,0
BV1a7MSzYE8h,2025-06-14 14:49:00,-670456384,-1719165823,14240795,痛苦的大地,0,不要用美国思路来考虑中国！美国是不管不顾墨西哥，墨西哥现在给美国带来了多少问题？走私，贩毒，非法移民，咱们不是帝国主义，咱们要不光要周边安定，更要全世界安定，大家都好好生活，多买中国产品,2025-06-14 15:12:00,0,25
BV1a7MSzYE8h,2025-06-14 14:49:00,-1719165823,-664825040,489007432,玉虚龙宇君的小号,24820,回复 @痛苦的大地 :东大当年倒是扶持了越南，结果咋样了？,2025-06-14 15:46:00,0,0
BV1a7MSzYE8h,2025-06-14 14:49:00,-664825040,-1650301519,14240795,痛苦的大地,0,回复 @玉虚龙宇君的小号 :我说的跟你说的完全不搭边啊，让周边安定，只有经济帮扶一条路？越南反骨中国没有动手吗？政治没有非黑即白的，中国的本质目标就是谋求和平稳定的发展环境，第一要求就是国内稳定，第二周边稳定，第三是世界整体稳定，在中国没军事实力的时候，经济帮扶或者经济合作是一种明知可能有反噬但也不得不做的办法，现在中国有军事实力了，经济帮扶会更顺利，现在东南亚还有在台面上跟中国叫板的吗？把中国周边搞的落后就好控制了？欧洲跟美国把中东搅乱，结果欧洲被难民恶心成什么样子？按你说的美国严格控制自己周边的国家，结果呢？混乱的墨西哥，同美国高度对立的古巴和委内瑞拉，现在面和心不和的阿根廷。你不对你周边好，美国就会对周边好，他们就会倒向美国,2025-06-15 09:33:00,0,1
BV1a7MSzYE8h,2025-06-14 14:49:00,-664825040,-1649455471,14240795,痛苦的大地,0,回复 @玉虚龙宇君的小号 :对待周边国家，中国一直以来都是对等处理，你口嗨我就口头警告，你动手我绝对不动刀，你不动枪我也不动枪，你开了第一枪我就往死打你。在这方面中国一向是公平公正,2025-06-15 09:42:00,0,1
BV1a7MSzYE8h,2025-06-14 14:49:00,-670456384,-668180192,22124224,宗如千,31,反了，近的好控制，要步步为营。工业转移到墨西哥，加拿大，而不是中国，印度，日韩，现在美国屁事没有,2025-06-14 15:12:00,0,5
BV1a7MSzYE8h,2025-06-14 14:49:00,-668180192,-665134800,489007432,玉虚龙宇君的小号,24820,回复 @宗如千 :那是因为牢美现在没能力转移到更远的地方了，你看看他全盛时期扶持的日韩~,2025-06-14 15:44:00,0,0
BV1a7MSzYE8h,2025-06-14 14:49:00,-665134800,-1649974671,14240795,痛苦的大地,0,回复 @玉虚龙宇君的小号 :美国有他成功的的一面，但就目前美国这个混乱衰败的趋势来看，他并没有逃脱掉历史周期率。中国走的是前无古人后无来者的和平发展道路，看一下天安门城楼上面的“世界人民大团结”吧。,2025-06-15 09:37:00,0,1
BV1a7MSzYE8h,2025-06-14 14:49:00,-668180192,-1694380111,242699,钝角设计师,25,回复 @宗如千 :今时不同往日，现在的设施都是联网的，可以远程锁机，所以不怕有小心思。,2025-06-15 00:54:00,0,0
BV1a7MSzYE8h,2025-06-14 14:49:00,-670456384,-667860032,3546637341297612,88涛仔,0,“远交近攻”老祖宗早就说了[doge],2025-06-14 15:17:00,0,2
BV1a7MSzYE8h,2025-06-14 14:49:00,-670456384,-667576720,261532723,一懂就结束,51,你也要看周围都是什么邻居，扶持一些我们的敌对势力的敌人才行，朝鲜对付韩国美军基地和日本，巴基斯坦对付阿三，就这样我们省了多少事，多了很多筹码，周围美军基地，阿三和日本彻底垮了，我们只做生意就行，要武器怕是不知道怎么死的,2025-06-14 15:20:00,0,2
BV1a7MSzYE8h,2025-06-14 14:49:00,-670456384,-667406896,3546707895781617,bili_3546707895781617,3,美国的产业转移基本是往有自己驻军的地方转移！要不是日韩产业升级…工人福利大涨！要不是中国改开对外资税收…土地…水电…各种超国民待遇！他们会不会选择中国还二说！,2025-06-14 15:20:00,0,1
BV1a7MSzYE8h,2025-06-14 14:49:00,-670456384,-1716373231,322022066,ToTdTd,5,学过历史就知道，周边过的不好，你还想过好日子？,2025-06-14 15:42:00,0,2
BV1a7MSzYE8h,2025-06-14 14:49:00,-1716373231,-664940288,489007432,玉虚龙宇君的小号,24820,回复 @ToTdTd :然而当年东大扶持过越南，结果咋样呢？,2025-06-14 15:47:00,0,1
BV1a7MSzYE8h,2025-06-14 14:49:00,-664940288,-1715652831,322022066,ToTdTd,5,回复 @玉虚龙宇君的小号 :越南叛逆敲打即可，不听话的孩子给他找个对手安排一下不就好了，干嘛自己动手,2025-06-14 15:50:00,0,0
BV1a7MSzYE8h,2025-06-14 14:49:00,-670456384,-1686694639,355060751,神探佩佩,21,當第二個老美？老美那套霸權主義只會加速衰敗。,2025-06-15 02:39:00,0,0
