﻿视频BV号,视频发布日期,上级评论ID,评论ID,用户ID,用户名,用户粉丝数,评论内容,评论时间,回复数,点赞数
BV1AMNxzrEbo,2025-06-19 06:37:00,0,-1266117887,2416964,天然晓舞,121,冷知识:波斯留米学生数量惊人[吃瓜],2025-06-19 12:10:00,6,68
BV1AMNxzrEbo,2025-06-19 06:37:00,-1266117887,-173201184,844003,天上的游云,88,这应该是烫知识了,2025-06-19 21:40:00,0,4
BV1AMNxzrEbo,2025-06-19 06:37:00,-1266117887,-1232748303,3546886294210673,大号禁言ing,0,有多少归国的？,2025-06-19 22:56:00,0,2
BV1AMNxzrEbo,2025-06-19 06:37:00,-1266117887,-1229573423,1136318283,bili-2423,42,这是热知识。。,2025-06-20 00:23:00,0,1
BV1AMNxzrEbo,2025-06-19 06:37:00,-1266117887,-1222588415,1448549252,按时豆腐,7,"1.西方舆论优势自然能带动伊朗不少精英过去学习；
2.伊朗派人过去学习再回去建设自国也不奇怪，我方也走过这样的路
3.它要是闭关锁国，你又会用另一种方式嘲讽它",2025-06-20 02:18:00,0,3
BV1AMNxzrEbo,2025-06-19 06:37:00,-1266117887,-1107032143,1689938471,浅夏微凉艾,22,我们的呢？,2025-06-21 05:27:00,0,1
