﻿视频BV号,视频发布日期,上级评论ID,评论ID,用户ID,用户名,用户粉丝数,评论内容,评论时间,回复数,点赞数
BV1ANKTzRESn,2025-06-20 16:32:00,0,-1124570095,3515296,晓风秋月林,28,[doge]以色列的劣势就是地方小全是大城市人员密集，要是伊朗能长时间天天白天炸晚上炸哪怕是被拦截也能大大扰乱以色列的社会生产，睡不能睡好，上班没几下躲防空洞撑得了几天，所以历次中东战争都没有持久打下去都是靠速战速决,2025-06-21 02:16:00,10,35
BV1ANKTzRESn,2025-06-20 16:32:00,-1124570095,-1122164335,2666468,正版云飞扬,42,以色列战略纵深太小了，但是美国援助力量大，所有物资弹药都靠战略运输机空运（参考冷战时期西柏林）应该能撑很久。,2025-06-21 02:47:00,0,0
BV1ANKTzRESn,2025-06-20 16:32:00,-1122164335,-57213376,181719024,111quy,9,回复 @正版云飞扬 :经济和民生会崩溃的，而且拦截弹极其有限，美国标准6就1000枚，伊朗光弹道导弹就有至少2w+，即使按所谓的能够着以色列的只有1/3，也有7000+,2025-06-21 02:55:00,0,7
BV1ANKTzRESn,2025-06-20 16:32:00,-57213376,-1121066047,2666468,正版云飞扬,42,回复 @111quy : 所以要看美国和欧洲是不是有觉悟倾举国之力援助以色列，美国直接下场如果是浅尝辄止那是没戏，要是有当年打日本时候的决心伊朗撑不住的，当然美国占领伊朗也不可能,2025-06-21 02:59:00,0,1
BV1ANKTzRESn,2025-06-20 16:32:00,-1121066047,-1119665983,26698,NanamiSeven,30,回复 @正版云飞扬 : 知乎上大V龙牙分析过，奶龙这次急急忙忙回国的原因就是民主党和军头趁他不在绕过他直接去往中东部署军队，但是奶龙不想打，所以紧急回国压制,2025-06-21 03:16:00,0,1
BV1ANKTzRESn,2025-06-20 16:32:00,-1119665983,-54663920,29267416,IOI猎手Artemis,29,回复 @NanamiSeven :好家伙，这家伙口头支持比谁都坚决,2025-06-21 03:24:00,0,0
BV1ANKTzRESn,2025-06-20 16:32:00,-54663920,-1118465327,26698,NanamiSeven,30,回复 @IOI猎手Artemis : 奶龙每次都是口号喊得震天响的，但是他是真不想打，因为一旦美军介入，民主党就有理由间接架空他,2025-06-21 03:30:00,0,0
BV1ANKTzRESn,2025-06-20 16:32:00,-1124570095,-56650816,3493283888106014,一手菜,5,刚把排骨下锅，结果要钻防空洞。和面了刚要蒸馒头，结果又要钻防空洞，久了真受不了，饭都吃不上，哈哈,2025-06-21 03:02:00,0,2
BV1ANKTzRESn,2025-06-20 16:32:00,-56650816,-1120585871,163551782,追风流火,0,回复 @舟不记 :直接住在防空洞里不就行了[doge],2025-06-21 03:05:00,0,0
BV1ANKTzRESn,2025-06-20 16:32:00,-1124570095,-56295520,29401139,艰难时刻,50,伊朗得和以色列打持久战   给以色列财政拖垮掉,2025-06-21 03:07:00,0,1
BV1ANKTzRESn,2025-06-20 16:32:00,-56295520,-1119326591,388577176,刀削鸡肉面,8,回复 @艰难时刻 :以色列财政有韧性，海外的犹太人更有韧性。何况目前没有其他国家对抗他，自身伤亡不严重，跟乌克兰伤亡比，就是天壤之别。百十枚导弹命中，不算啥，也就相当于这边的多批示多指示的几十倍而已。,2025-06-21 03:19:00,0,0
