﻿视频BV号,视频发布日期,上级评论ID,评论ID,用户ID,用户名,用户粉丝数,评论内容,评论时间,回复数,点赞数
BV1AfKwzVEga,2025-06-20 09:48:00,0,-1136091103,403610584,夏日风花雪月,17,建议看一下电影，横空出世，学习下，怎样研究宝贝，怎么才能保护科研人员[doge]。革命不是上班打卡。,2025-06-20 22:27:00,8,129
BV1AfKwzVEga,2025-06-20 09:48:00,-1136091103,-1132715823,115432484,贾麒麟家的宋明峰,6,就他们那个战略纵深，他也得藏的住。。。,2025-06-21 00:08:00,0,7
BV1AfKwzVEga,2025-06-20 09:48:00,-1136091103,-64016768,35265700,紫月之魂,20,横空出世里的部队都是在朝鲜战场上下来的，伊朗有那样的军队，还怕以色列[笑哭],2025-06-21 01:27:00,0,8
BV1AfKwzVEga,2025-06-20 09:48:00,-1136091103,-1125669711,98951199,云在丨指尖,105,看了几部电影就要教打仗的人怎么打仗[滑稽],2025-06-21 02:01:00,0,7
BV1AfKwzVEga,2025-06-20 09:48:00,-1125669711,-880217727,448779780,YURl再也不相信你了,3161,回复 @云在丨指尖 :典 你见过哪个国家重要技术人员天天上电视住豪宅出现在公开场合？,2025-06-23 10:45:00,0,0
BV1AfKwzVEga,2025-06-20 09:48:00,-1136091103,-58426128,60021,驭巡,44,研究就研究，整个设施包括科研人员都需要全保密，伊朗真得看不懂，没成功就大肆报道，生怕敌人找不到目标！,2025-06-21 02:40:00,0,1
BV1AfKwzVEga,2025-06-20 09:48:00,-1136091103,-901698335,247974677,万能吃瓜群众,16,研究一次怎么保护自己的科学家,2025-06-23 06:06:00,0,0
BV1AfKwzVEga,2025-06-20 09:48:00,-1136091103,175466224,425745646,博学多识小麟正,177,现在不行了 伊朗内部也是千疮百孔,2025-06-23 08:08:00,0,0
BV1AfKwzVEga,2025-06-20 09:48:00,-1136091103,-877320191,667422784,hello啊饭已OK了,4,还有，，，停战以后，认清美国本质，还有电影，，，巴勒斯坦恶狼谷，了解下为什么加沙要攻击以色列,2025-06-23 11:13:00,0,0
