﻿视频BV号,视频发布日期,上级评论ID,评论ID,用户ID,用户名,用户粉丝数,评论内容,评论时间,回复数,点赞数
BV1ahNvzmEoz,2025-06-17 10:00:00,0,-358539280,1676934142,ZhuZhu777ABC,24,伊朗已经求饶来[吃瓜],2025-06-17 22:00:00,7,3
BV1ahNvzmEoz,2025-06-17 10:00:00,-358539280,-1417557711,549366091,丛苼,103,动动脑子,2025-06-17 22:02:00,0,3
BV1ahNvzmEoz,2025-06-17 10:00:00,-358539280,-1412816495,27307654,被人举办没名字了,37,那是给美国说的，不是给以色列,2025-06-18 00:28:00,0,1
BV1ahNvzmEoz,2025-06-17 10:00:00,-1412816495,-1410316111,300642565,小弟黄辉冯,8,回复 @被人举办没名字了 :朗子内部的亲美派入了死局还在想投降,2025-06-18 01:15:00,0,2
BV1ahNvzmEoz,2025-06-17 10:00:00,-1412816495,-343821104,440709229,黑头股沟,66,回复 @被人举办没名字了 :说给美国听跟说给以色列听有啥区别。,2025-06-18 03:00:00,0,0
BV1ahNvzmEoz,2025-06-17 10:00:00,-343821104,-1394236063,25156054,kalikia,19,回复 @黑头股沟 :有啊，说给美国听是可进可退的,2025-06-18 04:42:00,0,0
BV1ahNvzmEoz,2025-06-17 10:00:00,-343821104,-332403616,27307654,被人举办没名字了,37,回复 @黑头股沟 :因为没有美国援助以色列很难维持目前的战争状态，而特朗普早就督促以色列和乌克兰结束冲突，但是以色列选择留住美国而扩大战争，伊朗是在和美国谈和,2025-06-18 05:08:00,0,0
BV1ahNvzmEoz,2025-06-17 10:00:00,-358539280,-348494192,690754421,国泰民安信党跟党,4,伊朗有石油，要导弹可以直接找中，俄买，这份钱谁不想挣？伊朗真想打，导弹无限的[嗑瓜子],2025-06-18 01:53:00,0,2
