﻿视频BV号,视频发布日期,上级评论ID,评论ID,用户ID,用户名,用户粉丝数,评论内容,评论时间,回复数,点赞数
BV1AMNxzrEbo,2025-06-19 06:37:00,0,-1258856687,88432560,进无止尽123,0,哎，，这些年德国的总理一个比一个差，默克尔之后再无能人[笑哭],2025-06-19 13:32:00,7,73
BV1AMNxzrEbo,2025-06-19 06:37:00,-1258856687,-1235265567,642641479,觀察歷史進程,196,所以豬腳工業大規模裁員剛剛好[热词系列_优雅],2025-06-19 20:31:00,0,4
BV1AMNxzrEbo,2025-06-19 06:37:00,-1258856687,-171437664,389584920,酒缸1970,16,搞政治的只有立场没有好人,2025-06-19 23:02:00,0,11
BV1AMNxzrEbo,2025-06-19 06:37:00,-1258856687,-142307088,39121328,SK-AK47,25,德国不是独立国家，跟日本韩国一样，受美国直接控制，只是个殖民地而已,2025-06-20 06:09:00,0,5
BV1AMNxzrEbo,2025-06-19 06:37:00,-142307088,-1170058271,158640597,不动游螃蟹蟹,5,回复 @SK-AK47 :经典自己意淫,2025-06-20 12:49:00,0,1
BV1AMNxzrEbo,2025-06-19 06:37:00,-1170058271,-91664208,39121328,SK-AK47,25,回复 @不动游螃蟹蟹 :说实话等于意淫是吧，那你的意思美国没有大几万的部队驻扎在德国？ 美国在世界各国的驻军，数德国境内最多,2025-06-20 15:15:00,0,3
BV1AMNxzrEbo,2025-06-19 06:37:00,-1170058271,150175152,1429136740,会方,40,回复 @不动游螃蟹蟹 :难道不是？德国比日韩稍好点就是经济上没被美国打压的太厉害,2025-06-23 02:53:00,0,0
BV1AMNxzrEbo,2025-06-19 06:37:00,-1258856687,-1194066111,6378062,Hannah咩哈哈,74,帝国末日[吃瓜],2025-06-20 08:37:00,0,0
