﻿视频BV号,视频发布日期,上级评论ID,评论ID,用户ID,用户名,用户粉丝数,评论内容,评论时间,回复数,点赞数
BV1aANRzqE5d,2025-06-22 10:19:00,0,98127440,349289700,天定胜人_人定亦胜天,39,伊朗被打了，我要捐钱给伊朗伊朗灾区人民，有没有通道[吃瓜],2025-06-22 11:47:00,22,3
BV1aANRzqE5d,2025-06-22 10:19:00,98127440,-968457199,545289883,攻击性太高导致的,1,都多余 先去救救自己人吧,2025-06-22 11:56:00,0,0
BV1aANRzqE5d,2025-06-22 10:19:00,-968457199,-967762479,3546666409921351,黑切橘,0,回复 @攻击性太高导致的 :干嘛救你?你都拿了一份钱了,2025-06-22 12:03:00,0,0
BV1aANRzqE5d,2025-06-22 10:19:00,-967762479,-963718351,545289883,攻击性太高导致的,1,回复 @黑切橘 :莫名其妙 我花你家钱了？,2025-06-22 12:44:00,0,0
BV1aANRzqE5d,2025-06-22 10:19:00,-968457199,-967334127,49832892,芙萝卜斯卡雷特,51,回复 @攻击性太高导致的 :都玩米了没必要救了吧[tv_doge],2025-06-22 12:08:00,0,0
BV1aANRzqE5d,2025-06-22 10:19:00,-967334127,-963803391,545289883,攻击性太高导致的,1,回复 @芙萝卜斯卡雷特 :[思考]我说错话了？,2025-06-22 12:44:00,0,0
BV1aANRzqE5d,2025-06-22 10:19:00,-967334127,-963744911,545289883,攻击性太高导致的,1,回复 @芙萝卜斯卡雷特 :我让他捐给我了吗？,2025-06-22 12:45:00,0,0
BV1aANRzqE5d,2025-06-22 10:19:00,-968457199,100147408,43446007,你是真滴很搞笑,3,回复 @攻击性太高导致的 :让你老乡给你啊，你老乡天天在纽约法拉盛混日子呢，你老乡在美要饭也要拿绿卡呢,2025-06-22 12:09:00,0,0
BV1aANRzqE5d,2025-06-22 10:19:00,98127440,99428480,3546604166449512,用键盘争口气64,6,有啊，你买点伊朗的东西，他们赚的钱都会打像以色列，然后他们用人民币再来买我们的武器，你得了东西，他们得了武器，国家卖了武器[doge_金箍],2025-06-22 12:01:00,0,2
BV1aANRzqE5d,2025-06-22 10:19:00,99428480,99532416,349289700,天定胜人_人定亦胜天,39,回复 @用键盘争口气64 :上面那人是你家小孩吗[吃瓜],2025-06-22 12:02:00,0,0
BV1aANRzqE5d,2025-06-22 10:19:00,98127440,100401920,38617415,雨奕辰,15,v我50，我有通道[吃瓜][吃瓜][吃瓜],2025-06-22 12:11:00,0,0
BV1aANRzqE5d,2025-06-22 10:19:00,100401920,100926560,349289700,天定胜人_人定亦胜天,39,回复 @雨奕辰 :50的通道太小了，有没有500哪种比较大的通道，最好是双向250的哪种[吃瓜][吃瓜],2025-06-22 12:15:00,0,0
BV1aANRzqE5d,2025-06-22 10:19:00,98127440,100667792,51729044,若尘_chen,15,有钱不如捐给韩红，至少会到需要救助的人手里,2025-06-22 12:12:00,0,0
BV1aANRzqE5d,2025-06-22 10:19:00,100667792,-966486143,281788088,思科菲儿烈,16,回复 @若尘_chen :韩红也不是伊朗人啊,2025-06-22 12:15:00,0,0
BV1aANRzqE5d,2025-06-22 10:19:00,-966486143,166197184,51729044,若尘_chen,15,回复 @思科菲儿烈 :但她是真的做慈善,2025-06-23 05:53:00,0,0
BV1aANRzqE5d,2025-06-22 10:19:00,166197184,-891951007,281788088,思科菲儿烈,16,回复 @若尘_chen :但我想给伊朗刷火箭弹,2025-06-23 08:27:00,0,0
BV1aANRzqE5d,2025-06-22 10:19:00,100667792,112699280,434155342,唯你不辜负,8,回复 @若尘_chen :以前捐过百十块钱，后来没多少钱了就不捐了,2025-06-22 14:15:00,0,0
BV1aANRzqE5d,2025-06-22 10:19:00,98127440,101256576,287091819,不眠长安b,10,你以为伊朗跟我们是自己人吗？[笑哭],2025-06-22 12:20:00,0,0
BV1aANRzqE5d,2025-06-22 10:19:00,101256576,112495168,434155342,唯你不辜负,8,回复 @不眠长安b :我就乐意看到美国以色列不爽，作为看客打赏个块把两毛怎么了？,2025-06-22 14:13:00,0,0
BV1aANRzqE5d,2025-06-22 10:19:00,112495168,122680800,287091819,不眠长安b,10,回复 @唯你不辜负 :问题是你打赏的伊朗跟我们关系算不上好[笑哭]你要是知道了，还这样说那我也没话讲,2025-06-22 15:55:00,0,0
BV1aANRzqE5d,2025-06-22 10:19:00,122680800,142069872,434155342,唯你不辜负,8,回复 @不眠长安b :无所谓，只要他能让美以不爽就行了，赏他一块钱我还是能承受的,2025-06-23 00:44:00,0,0
BV1aANRzqE5d,2025-06-22 10:19:00,98127440,107497312,251655532,LiXia_李夏,35,你算是找对人了，我朋友在伊朗军队里当将军，你把钱给我我给转过去就行，这事你别给其他人说哈[doge],2025-06-22 13:22:00,0,1
BV1aANRzqE5d,2025-06-22 10:19:00,107497312,107623280,349289700,天定胜人_人定亦胜天,39,回复 @LiXia_李夏 :好，下次发导弹的时候录个视频我看看行不行[吃瓜][吃瓜],2025-06-22 13:25:00,0,0
