﻿视频BV号,视频发布日期,上级评论ID,评论ID,用户ID,用户名,用户粉丝数,评论内容,评论时间,回复数,点赞数
BV1ANKTzRESn,2025-06-20 16:32:00,0,-1138913679,175941286,苍狗有白云,27,伊朗没有更大当量的导弹了么[doge],2025-06-20 19:52:00,23,113
BV1ANKTzRESn,2025-06-20 16:32:00,-1138913679,-73288064,23983104,静静的装死,13,导弹有三分之二体积是用来赶路的，伤害有上限除非装核弹头，大弹量要用航弹，航弹要用飞机丢，伊朗现在没有投送航弹的能力。,2025-06-20 21:35:00,0,49
BV1ANKTzRESn,2025-06-20 16:32:00,-73288064,-1120057519,14609873,智齿_zyc,3,回复 @静静的装死 : 单纯是伊朗推进剂的水平太差，换成中国的能多带一倍多战斗部,2025-06-21 03:12:00,0,0
BV1ANKTzRESn,2025-06-20 16:32:00,-1138913679,-72893408,62097782,霜落x,58,挺远的，能打到以色列还能突防已经很牛了,2025-06-20 21:57:00,0,68
BV1ANKTzRESn,2025-06-20 16:32:00,-1138913679,-1136713215,22837665,任天掌机迷,29,海法你不懂爱[捂眼],2025-06-20 21:59:00,0,10
BV1ANKTzRESn,2025-06-20 16:32:00,-1138913679,-71698016,11812515,泥頭車,39,真扔了你又不乐意[doge_金箍],2025-06-20 22:57:00,0,15
BV1ANKTzRESn,2025-06-20 16:32:00,-1138913679,-1135377823,13024774,G_L_A,25,一个足球场那么大的地方被炸平的威力怎么样啊？我想看看这样威力的导弹爆炸是什么样，伊朗能不能给我看看,2025-06-20 22:59:00,0,7
BV1ANKTzRESn,2025-06-20 16:32:00,-1135377823,-59949808,2008627,水左边的鱼,21,回复 @G_L_A :想多了，没这种常规导弹，有这威力的都是吨起步的航蛋了,2025-06-21 02:21:00,0,1
BV1ANKTzRESn,2025-06-20 16:32:00,-1138913679,-71394448,3494371791997834,巨石庄园,8,大当量射程不够，常规弹头是有极限的。除非上钻地弹头，但那也只是做到打到楼的时候可以在底层炸开。,2025-06-20 23:02:00,0,20
BV1ANKTzRESn,2025-06-20 16:32:00,-1138913679,-70999424,20460211,做菜是要放糖的,24,伊朗：当量不大，但是有辐射的玩意我还是整得出来的。[doge],2025-06-20 23:14:00,0,8
BV1ANKTzRESn,2025-06-20 16:32:00,-1138913679,-70606896,523433333,核动展星光,11,除了核弹。导弹的当量很难提升的。,2025-06-20 23:26:00,0,7
BV1ANKTzRESn,2025-06-20 16:32:00,-70606896,-1132951983,403888,神的松花蛋,1,回复 @核动展星光 : 可以提升，但需要独特的火药技术,2025-06-21 00:02:00,0,1
BV1ANKTzRESn,2025-06-20 16:32:00,-1138913679,-1132903935,320623675,秃头的涛哥很迷人,0,伊朗还有脏弹，虽然不可能发射,2025-06-21 00:04:00,0,0
BV1ANKTzRESn,2025-06-20 16:32:00,-1132903935,-42818992,483461237,苗人缝大战陆小缝,31,回复 @秃头的涛哥很迷人 :为什么不能打脏弹？又不是核武器为什么不能用？,2025-06-21 05:22:00,0,1
BV1ANKTzRESn,2025-06-20 16:32:00,-42818992,-1022941663,320623675,秃头的涛哥很迷人,0,回复 @苗人缝大战陆小缝 :自己搜下脏弹是什么就知道了,2025-06-22 01:57:00,0,0
BV1ANKTzRESn,2025-06-20 16:32:00,-1138913679,-67936784,123774600,胖头坨拉米尔,58,太远了，要飞近两千公里才到以色列呢,2025-06-21 00:25:00,0,1
BV1ANKTzRESn,2025-06-20 16:32:00,-1138913679,-67683120,176812024,北山合通,69,除非在现阶段直接装核弹，先不说他这几天能不能搞出来这玩意儿，就算在地下掩体里把这玩意儿造出来了，装上去他们多半也不敢用。,2025-06-21 00:29:00,0,1
BV1ANKTzRESn,2025-06-20 16:32:00,-1138913679,-1126994143,350590,山水忆北国,36,太远不好打，等好大儿介入没准就能看到巴林的第五舰队总部上天[tv_微笑],2025-06-21 01:41:00,0,0
BV1ANKTzRESn,2025-06-20 16:32:00,-1138913679,-1125478335,1200704072,18师黎明岛,29,目前来看确实没有，伊朗人导弹做的都偏细长，这是为了射程、速度的妥协，当量相对就小了,2025-06-21 02:02:00,0,1
BV1ANKTzRESn,2025-06-20 16:32:00,-1138913679,-53027600,341428125,L_O-S_E-R,3,伊朗导弹不行，射程和战斗部不能兼顾,2025-06-21 03:42:00,0,0
BV1ANKTzRESn,2025-06-20 16:32:00,-1138913679,-51005088,157512410,沧岚无锋,167,技术达不到,2025-06-21 04:02:00,0,0
BV1ANKTzRESn,2025-06-20 16:32:00,-1138913679,-1115072399,10116095,爓官喵,183,要上轰炸机,2025-06-21 04:05:00,0,0
BV1ANKTzRESn,2025-06-20 16:32:00,-1138913679,-1095688879,326778894,哈嘎哈哈哩,2,如果换成我们国家的导弹，以色列估计已经被扬了,2025-06-21 07:46:00,0,0
BV1ANKTzRESn,2025-06-20 16:32:00,-1138913679,-7089600,455811930,T_X_Z,3328,据说已经用上集束炸弹了,2025-06-21 11:56:00,0,0
