﻿视频BV号,视频发布日期,上级评论ID,评论ID,用户ID,用户名,用户粉丝数,评论内容,评论时间,回复数,点赞数
BV1ALNtzyEM8,2025-06-19 08:14:00,0,-129085520,3546738086382237,佚名小破球球,149,艾公在世的时候正是公知最猖獗的时期，艾公承受的压力可想而知,2025-06-20 09:10:00,11,879
BV1ALNtzyEM8,2025-06-19 08:14:00,-129085520,-1149504367,184950483,我永远喜欢远坂凛x,40,张维为在一几年的时候就说中国人你要自信，也差不多是被群起而攻之,2025-06-20 16:15:00,0,173
BV1ALNtzyEM8,2025-06-19 08:14:00,-1149504367,-1126769343,332721569,守口如瓶-防意如城,15,回复 @我永远喜欢远坂凛x : 别说那时候了，香港占中和疫情期间，提爱国就是被网上群攻，真的很难。疫情时期大论战才慢慢扭转，现在发生更多事，才算是站稳了点，虽然牛鬼蛇神还是多，但是明智的人也越来越多了。如果繁体字没那么多失智的，舆论环境就可以说是稳了。还得发展，唯一靠谱的就是实力，毕竟任性是欺软怕硬，西方推崇的是丛林社会，人前一套，背后一套。,2025-06-21 01:44:00,0,30
BV1ALNtzyEM8,2025-06-19 08:14:00,-1149504367,548123536,39642510,迷路的狗剩,24,回复 @我永远喜欢远坂凛x :不攻击张维为也不算是正常人了吧,2025-06-27 05:10:00,0,0
BV1ALNtzyEM8,2025-06-19 08:14:00,-129085520,-1148607631,323034962,姚祎祎,140,后面是国家严厉打击国外势力,2025-06-20 16:25:00,0,8
BV1ALNtzyEM8,2025-06-19 08:14:00,-129085520,-42530000,275643933,给过吧,31,我记得15年阅兵的时候网上一堆人说95式不如西方的圣诞树（ar系列）连瞄准镜也没，基线高，精度差，做工次。我当时争论了好久，给95的谣言辟谣，最后甩了句，95式再差也是保护你的枪，圣诞树再好看也是发射伤害你的子弹。就这一句话被一堆人围着骂，给我都干懵了。我当时都怀疑我是不是说话出问题了，怎么这么多汉奸[辣眼睛],2025-06-21 05:24:00,0,16
BV1ALNtzyEM8,2025-06-19 08:14:00,-42530000,-1095474783,100482573,哩芭芭里,90,回复 @给过吧 :那个时候网上都在给日本洗白，我看那言论我都感觉这以后可怎么办呀，还好自从一几年开始，舆论的风向就不在往那边倒了,2025-06-21 07:47:00,0,9
BV1ALNtzyEM8,2025-06-19 08:14:00,-1095474783,57812304,3546848564349020,上桌我先动筷,6,回复 @哩芭芭里 :日本????汉奸太多,2025-06-22 04:31:00,0,1
BV1ALNtzyEM8,2025-06-19 08:14:00,-42530000,57807248,3546848564349020,上桌我先动筷,6,回复 @给过吧 :支持?,2025-06-22 04:31:00,0,0
BV1ALNtzyEM8,2025-06-19 08:14:00,-129085520,493894992,3494376116324730,超级帝王暴龙神,6,艾公都来了，别听风就是雨还觉得他遭老罪了,2025-06-26 13:41:00,0,1
BV1ALNtzyEM8,2025-06-19 08:14:00,-129085520,-528193823,3546639513946657,我收藏夹有好康的哦,44,是啊，真的是个勇敢伟大的人，那个时候夸一句自己国家好都会被群起攻之，公知汉奸遍地走,2025-06-27 05:38:00,0,0
BV1ALNtzyEM8,2025-06-19 08:14:00,-129085520,-456138671,319552969,西泽里,10,确实，他的病多半是气的，忧思成疾。唉:-(可惜,2025-06-27 22:45:00,0,0
