﻿视频BV号,视频发布日期,上级评论ID,评论ID,用户ID,用户名,用户粉丝数,评论内容,评论时间,回复数,点赞数
BV1aaMvzoEDN,2025-06-16 03:34:00,0,-438500736,3493120845023716,图南dy,5,应该反对任何对无辜百姓的暴行，当然，如果百姓真的是无辜的话[微笑],2025-06-17 03:17:00,9,30
BV1aaMvzoEDN,2025-06-16 03:34:00,-438500736,-1495440175,274214299,册子村间的噶早窝,3,人家全民皆兵，咋能称其为普通老百姓呢[doge],2025-06-17 03:22:00,0,42
BV1aaMvzoEDN,2025-06-16 03:34:00,-438500736,-437908864,415977237,73811314288_bili,7,我记得以色列是不分男女全员兵役，也就是说以色列的百姓除了那些身体不行和年龄不够的剩下的全是退伍军人，不能当做普通百姓来看，战争到一定地步直接拉到前线就是合格士兵,2025-06-17 03:26:00,0,21
BV1aaMvzoEDN,2025-06-16 03:34:00,-438500736,-433928960,64139009,默然的笑,9,他们自己说的全民皆兵，所以没有平民[星星眼],2025-06-17 04:12:00,0,17
BV1aaMvzoEDN,2025-06-16 03:34:00,-438500736,-430586400,2251624,带带带黑猫锅锅,199,全民皆兵所以是军营,2025-06-17 04:44:00,0,4
BV1aaMvzoEDN,2025-06-16 03:34:00,-438500736,-1487820287,585596,虚幻缥缈,15,[doge]以前可是他们特意宣传全民皆兵 哪里来的平民,2025-06-17 04:46:00,0,8
BV1aaMvzoEDN,2025-06-16 03:34:00,-438500736,-430050784,418456721,三天之内鲨掉你-9502,8,“纳粹带着一种天真的幻想进入了战争：只有他们能炸别人，而别人不能炸他们。”——英国皇家空军轰炸机司令亚瑟·哈里斯爵士写作的回忆录《轰炸攻势》,2025-06-17 04:48:00,0,7
BV1aaMvzoEDN,2025-06-16 03:34:00,-438500736,-428641648,41058528,月月雪雪英英妍妍,54,[doge]以涩裂号称全民皆兵，哪来平民？！,2025-06-17 05:03:00,0,5
BV1aaMvzoEDN,2025-06-16 03:34:00,-438500736,-1484904975,396338763,总shi后知后觉,5,前提你能打赢,2025-06-17 05:16:00,0,1
BV1aaMvzoEDN,2025-06-16 03:34:00,-438500736,-1483881759,402120097,消逝于无尽,35,打的都是富人区,2025-06-17 05:29:00,0,1
