﻿视频BV号,视频发布日期,上级评论ID,评论ID,用户ID,用户名,用户粉丝数,评论内容,评论时间,回复数,点赞数
BV1ahNvzmEoz,2025-06-17 10:00:00,0,-1460796895,1699141650,谢家老二house,8,真别说，up的分析才是比较合理的分析，不是那种全讽刺或者全夸的。,2025-06-17 10:38:00,24,348
BV1ahNvzmEoz,2025-06-17 10:00:00,-1460796895,-1444547743,129759484,鹤丸不是鹤,4,个人认为俄乌冲突最好up主,2025-06-17 13:31:00,0,4
BV1ahNvzmEoz,2025-06-17 10:00:00,-1444547743,-1444267423,1699141650,谢家老二house,8,回复 @鹤丸不是鹤 :我觉得  军情D7处，也很好的,2025-06-17 13:33:00,0,13
BV1ahNvzmEoz,2025-06-17 10:00:00,-1460796895,-1443300575,129759484,鹤丸不是鹤,4,军情D处只有时讯战报，没有分析[吃瓜],2025-06-17 13:43:00,0,38
BV1ahNvzmEoz,2025-06-17 10:00:00,-1443300575,-373025472,318217208,25岁没尝过鲍鱼,92,回复 @鹤丸不是鹤 :消息时效性要重要的多，形式变化那么快，今天中国都开始撤侨了，还搁这讲6月14日的事,2025-06-17 15:42:00,0,2
BV1ahNvzmEoz,2025-06-17 10:00:00,-373025472,-370284832,395998506,id太长不让用,86,回复 @25岁没尝过鲍鱼 :塞到不一样，一个做新闻的一个做分析的，只做新闻的包快的啊又不用分析具体内容,2025-06-17 16:12:00,0,3
BV1ahNvzmEoz,2025-06-17 10:00:00,-1443300575,-1431226079,23515773,龙神初星,22,回复 @鹤丸不是鹤 :给各位司令提供情报，各位司令自己分析,2025-06-17 15:48:00,0,3
BV1ahNvzmEoz,2025-06-17 10:00:00,-1443300575,-1422964111,20083150,Audenless,25,回复 @鹤丸不是鹤 :全是技巧，没有感情[doge_金箍],2025-06-17 17:57:00,0,0
BV1ahNvzmEoz,2025-06-17 10:00:00,-1460796895,-1439549231,53485477,银幕外的伤心人,18,看看了军工组直播，伊朗的损失比这个UP说的还要严重的多，2000枚导弹骑射，纯属娱乐,2025-06-17 14:20:00,0,15
BV1ahNvzmEoz,2025-06-17 10:00:00,-1439549231,-1433715887,1441779,脖子右拧好兄弟,18,"回复 @银幕外的伤心人 :伊朗上午说完要搞波大的，下午咱这边就说撤侨了，不要走海路和空路，通过陆路离境。
美国也撤了，但是说撤归撤，美国政府没能力帮你们撤[doge]",2025-06-17 15:19:00,0,11
BV1ahNvzmEoz,2025-06-17 10:00:00,-1460796895,-1436450111,1659227382,别加我没这人,9,翻看了评论区，评论区里也可以，没有一堆魔怔人，不像那个探马评论区里群魔乱舞。关注up了。,2025-06-17 14:51:00,0,14
BV1ahNvzmEoz,2025-06-17 10:00:00,-1436450111,-374077936,277838,泡发了的日青,62,"回复 @别加我没这人 :探马是很标准的收了欧美钱的
不但意识形态明确
还有超级标准的休息日和法定假日[喜极而泣]",2025-06-17 15:30:00,0,20
BV1ahNvzmEoz,2025-06-17 10:00:00,-374077936,-1360361359,1659227382,别加我没这人,9,回复 @泡发了的日青 :不清楚探马背景，只是看他视频评论区大部分都是阴阳怪气的评论，没几个正常人，不喜欢这些魔怔人。或许你说的对，那些人是欧美水军团建。,2025-06-18 11:37:00,0,0
BV1ahNvzmEoz,2025-06-17 10:00:00,-1436450111,-365101648,472603547,雨过_天青,47,回复 @别加我没这人 :哈哈，你等几天看笑话吧。,2025-06-17 17:32:00,0,1
BV1ahNvzmEoz,2025-06-17 10:00:00,-1460796895,-372510352,28790025,小鸟游★琦冰☆,408,还有圆脸的,2025-06-17 15:45:00,0,0
BV1ahNvzmEoz,2025-06-17 10:00:00,-1460796895,-364432016,332617927,灼眼の狐狸,139,这位up是通讯员，不是评论员,2025-06-17 17:45:00,0,0
BV1ahNvzmEoz,2025-06-17 10:00:00,-1460796895,-1419973583,351288060,星徽骑士o,9,不是啊 关注这么久了这么能这么站单边啊？伊朗这种战力怎么打啊？防空是没有的 高管是在家里等炸的 情报没有 更不用说美军舰艇已经过去了。这么说吧  伊朗输就是时间的问题,2025-06-17 19:48:00,0,0
BV1ahNvzmEoz,2025-06-17 10:00:00,-1419973583,-1419645439,150639861,虎牙XLX-清姬,58,回复 @星徽骑士o :有我们中国帮忙伊朗打以色列，伊朗不会输,2025-06-17 19:51:00,0,0
BV1ahNvzmEoz,2025-06-17 10:00:00,-1419645439,-1419396047,351288060,星徽骑士o,9,回复 @虎牙XLX-清姬 :zg肯定是支持的 不然伊朗撑不住 问题是美军下场之后怎么说,2025-06-17 20:00:00,0,0
BV1ahNvzmEoz,2025-06-17 10:00:00,-1419396047,-1419195695,150639861,虎牙XLX-清姬,58,回复 @星徽骑士o :然后我们宣布进入战争状态，所有工厂转型军工厂。我不信我国军工复合体比美国落后,2025-06-17 20:23:00,0,0
BV1ahNvzmEoz,2025-06-17 10:00:00,-1419195695,-1399349551,351288060,星徽骑士o,9,回复 @虎牙XLX-清姬 :不太会吧 最多是资源支持 进入战争状态不太现实的,2025-06-18 03:47:00,0,0
BV1ahNvzmEoz,2025-06-17 10:00:00,-1399349551,-1384368607,150639861,虎牙XLX-清姬,58,回复 @星徽骑士o :美国下场了，那我们的机会来了？,2025-06-18 06:42:00,0,0
BV1ahNvzmEoz,2025-06-17 10:00:00,-1419396047,-357254880,1682534013,戒子说,1,回复 @星徽骑士o :大家都在等他下场,2025-06-17 22:55:00,0,0
BV1ahNvzmEoz,2025-06-17 10:00:00,-1460796895,-1419399743,27052464,1oBoTer,27,还真是 完全中立立场一下就能听出来,2025-06-17 20:00:00,0,0
BV1ahNvzmEoz,2025-06-17 10:00:00,-1460796895,-340616352,21670216,炫佑-加州叔叔,9,分析来分析去up也不是情报人员，只能是根据放出的消息去猜测，视频看看就好，静观其变才是真的，记住这里只是一个视频媒体平台，不是情报分析所。有的人看着看着就真把很多人up的言论当真了，不知道还以为全世界的情报人员把B站当家了，全来这里开号讲课。,2025-06-18 03:43:00,0,0
