﻿视频BV号,视频发布日期,上级评论ID,评论ID,用户ID,用户名,用户粉丝数,评论内容,评论时间,回复数,点赞数
BV1ajMmz4Egg,2025-06-14 09:54:00,0,-681382352,414136313,浮生若梦似水无痕,105,好好的国际局势，玩成狼人杀，都快结束了狼人活得好好的[蹲蹲],2025-06-14 13:07:00,17,390
BV1ajMmz4Egg,2025-06-14 09:54:00,-681382352,-648854320,360624738,hfy1235,0,只能说中东太抽象，如果把将军的国家放到伊朗土地上夜壶敢这么搞，小以全国都能感受到将军的恩情[嗑瓜子],2025-06-14 22:16:00,0,182
BV1ajMmz4Egg,2025-06-14 09:54:00,-648854320,-1698642175,396599272,追赶时间Star,108,回复 @hfy1235 :将军再不济也是有完整中央集权基层治理的，中东太拉了,2025-06-14 23:18:00,0,138
BV1ajMmz4Egg,2025-06-14 09:54:00,-1698642175,-1693544079,179686898,bili_179686898,166,回复 @追赶时间Star :将军的底层系统代码那么先进，即便是后期夏姬八更新但是也比伊朗那个远古系统强的多[doge],2025-06-15 01:05:00,0,95
BV1ajMmz4Egg,2025-06-14 09:54:00,-1693544079,-1645697055,55018150,菜菜菜采,237,回复 @bili_179686898 :哈哈哈还真是看见你这句笑死我了[喜极而泣],2025-06-15 10:23:00,0,2
BV1ajMmz4Egg,2025-06-14 09:54:00,-648854320,-1589130591,55361083,垣飞日月,2,回复 @hfy1235 :东亚怪物房并不是浪得虚名,2025-06-16 02:47:00,0,2
BV1ajMmz4Egg,2025-06-14 09:54:00,-648854320,-1579431247,239358088,完说名字长好卖萌,24,回复 @hfy1235 :你若三冬来,2025-06-16 04:49:00,0,4
BV1ajMmz4Egg,2025-06-14 09:54:00,-648854320,-1565571055,642969261,看微风细雨,7,回复 @hfy1235 :将军好歹论能力全球非大国也能排个前十,2025-06-16 08:06:00,0,4
BV1ajMmz4Egg,2025-06-14 09:54:00,-648854320,-499139424,394955226,塔尔塔洛斯丶索隆,15,回复 @hfy1235 :[doge]换将军在那，以色列敢打将军就敢让他体会激情澎湃,2025-06-16 10:26:00,0,4
BV1ajMmz4Egg,2025-06-14 09:54:00,-499139424,-498327200,360624738,hfy1235,0,回复 @塔尔塔洛斯丶索隆 :敢打，将军能把夜壶抓回来炮决了[吃瓜],2025-06-16 10:34:00,0,3
BV1ajMmz4Egg,2025-06-14 09:54:00,-648854320,55816896,3546390745581601,欧玛基里曼波比,1,回复 @hfy1235 : 如果把潮汕放那，根本不会和以色列发生冲突，因为这俩压根没有宗教矛盾,2025-06-22 04:11:00,0,0
BV1ajMmz4Egg,2025-06-14 09:54:00,-681382352,-626595040,36030923,QWERTYUICYZ,13,还好我们现在是猎人，手中有枪，心中不慌,2025-06-15 04:06:00,0,2
BV1ajMmz4Egg,2025-06-14 09:54:00,-681382352,-1665939519,245174069,最近很伤心,41,那么大一片地方，对于一个后来的一点办法都没有，被人按着打，也是绝了[笑哭],2025-06-15 06:20:00,0,27
BV1ajMmz4Egg,2025-06-14 09:54:00,-1665939519,-1662260591,317981887,zippo北风,5,回复 @最近很伤心 :毕竟国外存款跟坛坛罐罐太多了，真跟美帝撕破脸那后代的美好生活怎么办么[吃瓜][吃瓜][吃瓜],2025-06-15 07:06:00,0,15
BV1ajMmz4Egg,2025-06-14 09:54:00,-1665939519,-1458588495,104432658,戈与恶魔,30,回复 @最近很伤心 :毕竟这货是老美的亲爹，很多技术都不是这个地方能发展得起来的。,2025-06-17 11:00:00,0,0
BV1ajMmz4Egg,2025-06-14 09:54:00,-1665939519,-1439692831,498650476,Nickjsss,39,回复 @最近很伤心 :要是他们拿得出什么好办法，就根本不会有以色列这个后来者,2025-06-17 14:20:00,0,0
BV1ajMmz4Egg,2025-06-14 09:54:00,-681382352,-555128672,2940521,月沉梦华,13,错了！是讨董联盟，如果出了太多力气，伤了元气，以后就没机会做老大了，那太亏了，大家都有小算盘，至于洛阳被火烧，那就烧吧，所以！[滑稽],2025-06-15 17:12:00,0,5
BV1ajMmz4Egg,2025-06-14 09:54:00,-681382352,-484731376,3546857592588736,空芙第一,0,我现在真的是严重怀疑陆军以及部分空军的实际控制权在不在哈梅内伊的手上,2025-06-16 12:58:00,0,2
