﻿视频BV号,视频发布日期,上级评论ID,评论ID,用户ID,用户名,用户粉丝数,评论内容,评论时间,回复数,点赞数
BV1AfKwzVEga,2025-06-20 09:48:00,0,-125216416,270737829,活着进行中,16,朗子这次精神点别丢份,2025-06-20 09:54:00,41,445
BV1AfKwzVEga,2025-06-20 09:48:00,-125216416,-124805648,474590827,天晴爸爸爱天晴,5,小多子精神点别丢份,2025-06-20 09:58:00,0,13
BV1AfKwzVEga,2025-06-20 09:48:00,-125216416,-1184254927,454675268,真的马修,24,Tom[doge],2025-06-20 10:27:00,0,8
BV1AfKwzVEga,2025-06-20 09:48:00,-125216416,-103426896,31446904,秋殇别恋-未来,32,可惜捞美可能快介入了[笑哭],2025-06-20 13:25:00,0,8
BV1AfKwzVEga,2025-06-20 09:48:00,-103426896,-1157945263,38863681,劳德劳斯丶悍德悍斯,58,回复 @秋殇别恋-未来 :川普都说了2周以后，这说明老美就没想介入，2周内随便干,2025-06-20 14:45:00,0,4
BV1AfKwzVEga,2025-06-20 09:48:00,-1157945263,-42793920,23253139,大兵的寂寞,76,回复 @劳德劳斯丶悍德悍斯 :两周那是因为航母没到位，带音也去地中海部署了，想当年打伊拉克还不是准备了四个月，结果一开战，44天就把伊拉克干翻了,2025-06-21 05:22:00,0,0
BV1AfKwzVEga,2025-06-20 09:48:00,-42793920,-1097473695,38863681,劳德劳斯丶悍德悍斯,58,回复 @大兵的寂寞 :美国现在和伊朗发生正面冲突，那是百害而无一利，再次陷入战争泥潭，中国又可以借机快速发展，美国没有精力在压制中国，如果伊朗教派政权瓦解了，那周边国家可能就要遭殃了，刚和中东老爷们谈的大单可能就要吹了，美国自己内部问题更是多多，除非川普脑子比拜登还不好使，否则不会参战,2025-06-21 07:22:00,0,1
BV1AfKwzVEga,2025-06-20 09:48:00,-42793920,-1097433407,38863681,劳德劳斯丶悍德悍斯,58,回复 @大兵的寂寞 :重新把伊朗拉回谈判桌，才是上上策,2025-06-21 07:24:00,0,0
BV1AfKwzVEga,2025-06-20 09:48:00,-103426896,-92223552,1146695245,仲夏轻云,0,回复 @秋殇别恋-未来 :今天的最新消息，两艘815型电侦船去到了波斯湾附近的公海，老美想要干预也要掂量掂量[滑稽],2025-06-20 15:10:00,0,4
BV1AfKwzVEga,2025-06-20 09:48:00,-92223552,-64221312,35265700,紫月之魂,20,回复 @仲夏轻云 :去收集B2和F35信息去了，跟伊朗没关系,2025-06-21 01:25:00,0,1
BV1AfKwzVEga,2025-06-20 09:48:00,-92223552,-15443632,39309812,桃之杰杰,5,回复 @仲夏轻云 :虚假信息,2025-06-21 10:35:00,0,0
BV1AfKwzVEga,2025-06-20 09:48:00,-103426896,-80020896,487029061,Panthera-tigris,51,回复 @秋殇别恋-未来 :那很好了,2025-06-20 17:42:00,0,0
BV1AfKwzVEga,2025-06-20 09:48:00,-103426896,-66293040,1558800308,兔痴,17,回复 @秋殇别恋-未来 :上合组织干嘛的知道吗？,2025-06-21 00:54:00,0,0
BV1AfKwzVEga,2025-06-20 09:48:00,-103426896,-1129297471,25779969,奋斗的鱼哥,22,回复 @秋殇别恋-未来 :赶紧的介入，大打特打，我这边瓜子花生鸡爪猪耳朵啤酒都买好了，边吃喝边看热闹[doge],2025-06-21 01:08:00,0,0
BV1AfKwzVEga,2025-06-20 09:48:00,-103426896,-1126256815,151116669,uncle_tung,7,回复 @秋殇别恋-未来 :现在东大和毛子就等老美动呢，他老美只要敢动，中俄中东演习马上就开始，你看他敢动不。,2025-06-21 01:53:00,0,0
BV1AfKwzVEga,2025-06-20 09:48:00,-103426896,-1118987615,358305277,真我之名爱莉希雅,14,回复 @秋殇别恋-未来 :介入？等先摆平那帮穿拖鞋的和海盗再说吧,2025-06-21 03:23:00,0,0
BV1AfKwzVEga,2025-06-20 09:48:00,-103426896,-51139136,1683766645,非黑即白之墨,81,"回复 @秋殇别恋-未来 :他介入，现在没屌用，只会让伊朗尝有尝试试探美国的心
前脚刚和俄罗斯，握手言和，后脚还要插手这里",2025-06-21 04:01:00,0,0
BV1AfKwzVEga,2025-06-20 09:48:00,-103426896,-49671776,646053125,超级无敌软泥怪,58,回复 @秋殇别恋-未来 :老美赶紧出兵吧，什么？不会调不动吧,2025-06-21 04:15:00,0,0
BV1AfKwzVEga,2025-06-20 09:48:00,-103426896,-556304,416520225,鸡你tai美,5,回复 @秋殇别恋-未来 :介入有利于我们,2025-06-21 13:02:00,0,0
BV1AfKwzVEga,2025-06-20 09:48:00,-103426896,313168,406794300,_粼江_,17,回复 @秋殇别恋-未来 :川普刚被巴基斯坦提名诺贝尔和平奖，就看川普要爹还是要奖状了[吃瓜],2025-06-21 13:11:00,0,0
BV1AfKwzVEga,2025-06-20 09:48:00,-103426896,35033008,1080717734,啊龙775,28,回复 @秋殇别恋-未来 :老美只要敢下场，那就敢拖垮它,2025-06-21 23:24:00,0,0
BV1AfKwzVEga,2025-06-20 09:48:00,-125216416,-97900704,23253139,大兵的寂寞,76,你说的太对了，我深刻体会到还没内衣改革军队的决心，在一夜之间完成了干部队伍年轻化的改革的目的，并且在牺牲了军队最高指挥官的情况下，毫不慌张，立马又认命了新的指挥官。并且在48小时内又牺牲一名最高指挥官的情况下，又双认命了一个，可见????在军队培养干部工作上的深度和广度????[吃瓜],2025-06-20 14:17:00,0,8
BV1AfKwzVEga,2025-06-20 09:48:00,-97900704,-1158596239,22298666,怪黎叔墙先生,20,回复 @大兵的寂寞 :这就是领袖的重要性,2025-06-20 14:39:00,0,2
BV1AfKwzVEga,2025-06-20 09:48:00,-97900704,-72258672,358533437,奇奇来啦,37,回复 @大兵的寂寞 : 我去，你这反话说得，我是真的没绷住，你别欺负UP会中文，但不是中国人好伐啦[笑哭][笑哭][笑哭],2025-06-20 22:37:00,0,0
BV1AfKwzVEga,2025-06-20 09:48:00,-97900704,-1007700143,86581458,常乐大萌神,50,回复 @大兵的寂寞 :为啥以色列这么精准暗杀？怎么做到的,2025-06-22 04:44:00,0,0
BV1AfKwzVEga,2025-06-20 09:48:00,-1007700143,68652704,23253139,大兵的寂寞,76,回复 @常乐大萌神 :摩萨德可是世界第一情报组织，当年二战结束，大批纳粹军官隐姓埋名逃亡地球另一端的南美，都被一个个找到消灭,2025-06-22 06:23:00,0,0
BV1AfKwzVEga,2025-06-20 09:48:00,-125216416,-1147991343,24665850,摸鱼の三三,72,屮,2025-06-20 16:34:00,0,0
BV1AfKwzVEga,2025-06-20 09:48:00,-125216416,-1145071727,16258886,独行柳,35,以色列我一种植物妈,2025-06-20 17:17:00,0,1
BV1AfKwzVEga,2025-06-20 09:48:00,-125216416,-79967200,3493138918279626,Blackmol丶,7,他应该已经是极限了，地面过不去，又没有空中投送的能力，只能发发导弹这样子,2025-06-20 17:41:00,0,1
BV1AfKwzVEga,2025-06-20 09:48:00,-79967200,-73771408,2034407002,当梦想遇上现实,192,回复 @Blackmol丶 :不至于，就打了几百枚导弹而已，而且以色列也没炸掉伊朗弹药库和导弹工厂。,2025-06-20 21:11:00,0,1
BV1AfKwzVEga,2025-06-20 09:48:00,-73771408,-58969584,3493138918279626,Blackmol丶,7,回复 @当梦想遇上现实 :我的意思是他的报复手段也就只限于目前的方式了,2025-06-21 02:35:00,0,0
BV1AfKwzVEga,2025-06-20 09:48:00,-125216416,-71252336,387399816,umibotsu,47,这才哪到哪儿？当年两伊战争，少年兵都得背炸药包上战场啊，现在纯属开胃菜,2025-06-20 23:06:00,0,1
BV1AfKwzVEga,2025-06-20 09:48:00,-125216416,-63764288,387118202,悟空无一物,154,摆什么份儿[无限暖暖_毛线汪汪]信不信叫振涛办了你,2025-06-21 01:31:00,0,0
BV1AfKwzVEga,2025-06-20 09:48:00,-125216416,-60358304,557717114,不是熊吉做的,46,屮！,2025-06-21 02:16:00,0,0
BV1AfKwzVEga,2025-06-20 09:48:00,-125216416,-57750640,386381031,凝固的海王,1,内衣的内裤都没了,2025-06-21 02:49:00,0,0
BV1AfKwzVEga,2025-06-20 09:48:00,-125216416,-1121108111,393425174,往事如烟又随风飘扬,125,https://b23.tv/BV1Dp4y1j7TG,2025-06-21 02:59:00,0,0
BV1AfKwzVEga,2025-06-20 09:48:00,-125216416,-50610672,487177612,Shinenoah,120,[星星眼]细节：没说好样的,2025-06-21 04:05:00,0,0
BV1AfKwzVEga,2025-06-20 09:48:00,-125216416,-44430752,500619804,冰河-IceRiver,1390,伊朗只要别反复横跳，就会有很多人支持。,2025-06-21 05:06:00,0,0
BV1AfKwzVEga,2025-06-20 09:48:00,-125216416,-979045775,1683288650,马蹄草飞,3,一个烂掉的政权,2025-06-22 10:07:00,0,0
BV1AfKwzVEga,2025-06-20 09:48:00,-125216416,110383760,341849709,qq我的兄弟叫顺溜,2,如果是一位落榜的美术生他会怎么做[笑哭],2025-06-22 13:51:00,0,0
BV1AfKwzVEga,2025-06-20 09:48:00,-125216416,208671872,85277843,正在偷渡的非洲酋长,4,好样的朗子，精神点,2025-06-23 14:02:00,0,0
BV1AfKwzVEga,2025-06-20 09:48:00,-125216416,255211920,357071830,V孤心浪子,26,好样的,2025-06-24 04:33:00,0,0
