﻿视频BV号,视频发布日期,上级评论ID,评论ID,用户ID,用户名,用户粉丝数,评论内容,评论时间,回复数,点赞数
BV1ahNvzmEoz,2025-06-17 10:00:00,0,-1461495663,96669090,吴小河,3,哪个，我前几天还嘲讽伊朗来着[笑哭],2025-06-17 10:31:00,7,4
BV1ahNvzmEoz,2025-06-17 10:00:00,-1461495663,-400984336,23982101,我起码还能给你点赞,113,。。。。也没啥错,2025-06-17 10:53:00,0,4
BV1ahNvzmEoz,2025-06-17 10:00:00,-1461495663,-400566080,590833407,本ID已禁言,13,可以继续！,2025-06-17 10:58:00,0,1
BV1ahNvzmEoz,2025-06-17 10:00:00,-1461495663,-1458204367,1841759,N研究者,48,继续嘲讽，伊斯兰革命卫队刚进山就被炸，德黑兰基本上现在没人管了。锡安主义在垃圾总比神棍独裁强,2025-06-17 11:03:00,0,5
BV1ahNvzmEoz,2025-06-17 10:00:00,-1461495663,-399184272,323743736,OhMyBosonStar,227,不影响你继续嘲讽,2025-06-17 11:12:00,0,3
BV1ahNvzmEoz,2025-06-17 10:00:00,-1461495663,-397534256,356144933,_雨夜带刀_不带伞,52,继续，,2025-06-17 11:28:00,0,0
