﻿视频BV号,视频发布日期,上级评论ID,评论ID,用户ID,用户名,用户粉丝数,评论内容,评论时间,回复数,点赞数
BV1AfKwzVEga,2025-06-20 09:48:00,0,-57108624,3546787874868002,NOKIA68,5,古代波斯的先祖们会保佑你们，坚持住，放心！龙哥不会袖手旁观，也会暗中相助的[奋斗],2025-06-21 02:57:00,8,5
BV1AfKwzVEga,2025-06-20 09:48:00,-57108624,-56160592,421674632,雷吼喔系靓仔,89,6,2025-06-21 03:08:00,0,1
BV1AfKwzVEga,2025-06-20 09:48:00,-57108624,-1120167791,25728252,起个名步男啊,54,别虾扯蛋,2025-06-21 03:10:00,0,4
BV1AfKwzVEga,2025-06-20 09:48:00,-1120167791,-53675856,3546787874868002,NOKIA68,5,回复 @起个名步男啊 :扯到你的蛋蛋了？[哦呼],2025-06-21 03:34:00,0,2
BV1AfKwzVEga,2025-06-20 09:48:00,-57108624,-44256944,430605127,福冈麦霸滨崎步,148,伊朗:助你妹，我们的导弹都是种出来的，关龙哥屁事,2025-06-21 05:07:00,0,0
BV1AfKwzVEga,2025-06-20 09:48:00,-57108624,-43529536,1459312418,虎狼之言,0,龙哥是爱好和平的，伊朗自己捡的导弹关龙哥什么事,2025-06-21 05:15:00,0,1
BV1AfKwzVEga,2025-06-20 09:48:00,-43529536,-1106107199,3546903987881998,追随教员的道路,1,回复 @虎狼之言 :本来也没关系 苏式的东西 伊朗自己仿制的,2025-06-21 05:36:00,0,0
BV1AfKwzVEga,2025-06-20 09:48:00,-57108624,-1106857391,1232678491,至in情缘,10,枪炮弹药就不支持了，我觉得黑客们真可以帮搞一把，至少把他们网络弄瘫痪，卫星信号时不时中断。,2025-06-21 05:29:00,0,0
BV1AfKwzVEga,2025-06-20 09:48:00,-57108624,325818304,49638143,木亥弓单豆頁,5,波斯人只是被统治的傀儡，统治阶级是阿塞拜疆教士集团,2025-06-24 18:49:00,0,0
