﻿视频BV号,视频发布日期,上级评论ID,评论ID,用户ID,用户名,用户粉丝数,评论内容,评论时间,回复数,点赞数
BV1A9MvzkE7u,2025-06-16 02:53:00,0,-444734000,17366435,银灰先生,6,愿世界和平、平民太遭殃了,2025-06-17 01:49:00,12,14
BV1A9MvzkE7u,2025-06-16 02:53:00,-444734000,-1490435055,12785267,路边的野花在路边,11,虽然房子炸没了，但是房贷还在啊[doge_金箍],2025-06-17 04:19:00,0,5
BV1A9MvzkE7u,2025-06-16 02:53:00,-444734000,-1488343935,628708463,情系锋华,11,和平是打出来的。不是喊出来的。我们有现在的和平那是先烈拿命拼出来的。,2025-06-17 04:40:00,0,10
BV1A9MvzkE7u,2025-06-16 02:53:00,-1488343935,-413644592,17366435,银灰先生,6,回复 @情系锋华 : 噢~我是能力有限的平民~我只配在网上发表一些无伤大雅的评论~倒是你我希望你明天可以晒出你参军证明，证明你保家卫国的决心。而不是在网上口嗨,2025-06-17 08:29:00,0,0
BV1A9MvzkE7u,2025-06-16 02:53:00,-444734000,-430627648,13293702,扑街的肥肥,16,我们的和平是无数先烈用血和命换回来的。,2025-06-17 04:43:00,0,7
BV1A9MvzkE7u,2025-06-16 02:53:00,-444734000,-1487626943,382420793,云天不凡,19,世界就不可能有和平的一天，几千年来一直都是纷争不断，除非有一致的地外敌人！,2025-06-17 04:47:00,0,1
BV1A9MvzkE7u,2025-06-16 02:53:00,-444734000,-1487533839,200757183,英俊的史蒂夫,816,对以色列的任何还击都是保卫和平的一部分,2025-06-17 04:49:00,0,15
BV1A9MvzkE7u,2025-06-16 02:53:00,-444734000,-427358928,3546889161017405,小北B888,6,说的简单，抗日战争片没看过吧,2025-06-17 05:17:00,0,1
BV1A9MvzkE7u,2025-06-16 02:53:00,-427358928,-414053184,17366435,银灰先生,6,回复 @小北B888 :单纯的一个心里意愿被你解读出啥？你从哪里找来的自我优越感？你看得很透彻？政治家军事家！？,2025-06-17 08:25:00,0,0
BV1A9MvzkE7u,2025-06-16 02:53:00,-414053184,-408979024,3546889161017405,小北B888,6,回复 @银灰先生 :310不知道什么是优越感。,2025-06-17 09:29:00,0,0
BV1A9MvzkE7u,2025-06-16 02:53:00,-444734000,-425251088,2577638,honey麻麻,8,小以没有平民，他们说是全民皆兵,2025-06-17 05:42:00,0,3
BV1A9MvzkE7u,2025-06-16 02:53:00,-444734000,5371664,591482312,彧---,6,？？？,2025-06-21 13:59:00,0,0
BV1A9MvzkE7u,2025-06-16 02:53:00,-444734000,133399264,3493079965239609,星旭-,36,提醒你以色列全民皆兵没有平民,2025-06-22 19:05:00,0,2
