﻿视频BV号,视频发布日期,上级评论ID,评论ID,用户ID,用户名,用户粉丝数,评论内容,评论时间,回复数,点赞数
BV1aANRzqE5d,2025-06-22 10:19:00,0,144275280,14021428,1--黎明--1,31,也门唯一的缺点就是没统一政权，如果胡赛能统一，那话语权才大，伊朗这次确实支棱起来了，希望不会滑跪吧[笑哭],2025-06-23 01:21:00,11,163
BV1aANRzqE5d,2025-06-22 10:19:00,144275280,-919348207,358431095,夜行青灯,9,这恰恰是胡塞的好处，这样不至于全国被拖入战争，胡塞不管怎么打，也门没对美国以色列宣战，美国就不好去炸也门其他地方的重要设施！,2025-06-23 02:38:00,0,80
BV1aANRzqE5d,2025-06-22 10:19:00,-919348207,151860928,240726025,超超在忙,96,回复 @夜行青灯 :[支持],2025-06-23 03:15:00,0,3
BV1aANRzqE5d,2025-06-22 10:19:00,-919348207,157517376,14021428,1--黎明--1,31,回复 @夜行青灯 :好处是确实在的，但缺点在于体量限制，只能当朗子小弟，统一的上限更高,2025-06-23 04:19:00,0,3
BV1aANRzqE5d,2025-06-22 10:19:00,157517376,-904562591,358431095,夜行青灯,9,回复 @1--黎明--1 :他去统一干嘛，他现在存在的主要目的是打击美国以色列，也门政府很可能在背后支持。不然不会那么顺利捡那么多武器！以色列被干趴下，统一自然手到擒来！,2025-06-23 05:27:00,0,6
BV1aANRzqE5d,2025-06-22 10:19:00,144275280,154829888,23960305,姬泉,4260,胡赛目前的支出只需要专注军事一个领域就行，如果胡赛成为全国武装，那他们还得用额外注意力和经济放在大大小小各个领域，到那时候花销和人才储备可就是大问题了。,2025-06-23 03:51:00,0,19
BV1aANRzqE5d,2025-06-22 10:19:00,154829888,157873200,3546607182154516,啊坝阿吧旋风劈,4,回复 @姬泉 :也门大部分已经在胡赛手上了，而且根据地也是需要经济建设的，只是军管大概率是计划经济。 不然只能算流寇只能劫掠，胡赛明显不是流寇。,2025-06-23 04:22:00,0,17
BV1aANRzqE5d,2025-06-22 10:19:00,144275280,154962272,295233317,飘花の物语,14,胡赛其实已经实控也门了，并且收编了之前也门的政府军，可以说已经算新的政府军了，但是名义上胡赛还是也门割据势力之一，这就给胡赛很大的发挥空间，不会被国际关系束手束脚[吃瓜],2025-06-23 03:54:00,0,98
BV1aANRzqE5d,2025-06-22 10:19:00,144275280,155717952,316728542,YANHUO_烟火,7,伊朗不好说，有可能会反转[滑稽],2025-06-23 04:01:00,0,1
BV1aANRzqE5d,2025-06-22 10:19:00,144275280,-908917423,429754699,金光灿灿168,12,这也是胡赛最大的优势，陆军可以躲山里，如果是政权，反而不好处理，国家和组织是不一样的，现在中东的局势，组织无疑更好，不然像伊朗那样被投降派背刺,2025-06-23 04:40:00,0,39
BV1aANRzqE5d,2025-06-22 10:19:00,144275280,-858255695,17936659,咕哆喵ing,17,就因为胡赛没有政权 美国才动不了他 他属于民间组织跟国家无关,2025-06-23 14:32:00,0,2
BV1aANRzqE5d,2025-06-22 10:19:00,144275280,-849552703,35942852,Expwen,4,除非沙特垮了，不然也门不可能统一,2025-06-23 16:07:00,0,0
