﻿视频BV号,视频发布日期,上级评论ID,评论ID,用户ID,用户名,用户粉丝数,评论内容,评论时间,回复数,点赞数
BV1A9MvzkE7u,2025-06-16 02:53:00,0,-1587294975,3461582946306285,暴走板油,27,这就牵涉出一个问题，中国的珠三角和长三角居民楼超高层多，在发现敌对国有意攻击时，是等对方开第一枪还是先法制人？  这是一个避不开的话题,2025-06-16 03:13:00,12,2
BV1A9MvzkE7u,2025-06-16 02:53:00,-1587294975,-532140816,35066916,席_渊,11,世界上但凡哪个国家（包括美国）敢这么干，事情就变成了：谢宝庆啊谢宝庆，你去惹李云龙干什么？,2025-06-16 03:22:00,0,6
BV1A9MvzkE7u,2025-06-16 02:53:00,-1587294975,-531866784,10955106,长着腿毛的大叔,217,醒醒，周一早8在工位,2025-06-16 03:24:00,0,3
BV1A9MvzkE7u,2025-06-16 02:53:00,-1587294975,-1582079023,20991751,艾奉武,72,国防又不是空气墙,2025-06-16 04:20:00,0,0
BV1A9MvzkE7u,2025-06-16 02:53:00,-1587294975,-524183840,29084924,神尊纳垢奴隶鼠,25,[呆]轮不到你质疑，谁能打进来敢打可以试试~,2025-06-16 04:51:00,0,3
BV1A9MvzkE7u,2025-06-16 02:53:00,-1587294975,-518964096,1021203938,上夜海,6,哥们，现代战争打的第一枪是攻击并摧毁高价值的目标，比如军用机场、导弹基地、指挥中心、雷达监测基地等，高楼大厦这些属于低价值目标，不属于优先攻击目标，一般出现攻击高楼大厦这种情况，高楼大厦都不留人了，会提前疏散人员，不要小看我国的侦测能力[笑哭],2025-06-16 05:55:00,0,0
BV1A9MvzkE7u,2025-06-16 02:53:00,-1587294975,-516252048,415254532,西部无战事,3,打居民楼有害无利，第一它们是低价值目标，第二对舆论不利。伊朗打的居民建筑位于特拉维夫富人区，第一是对以不宣而战的报复，第二是借天龙人中的真天龙人施压以政府，第三破坏社会秩序，影响生产能力。而人口密集区人口会在战前，战中进行疏散。除了军事目标，反而是工业区会成为优先目标。但新三线建设已经开始了。。。,2025-06-16 06:36:00,0,1
BV1A9MvzkE7u,2025-06-16 02:53:00,-1587294975,-515410720,3493287654590502,乌龟也疯狂omg,40,[吃瓜]绝不开第一枪！这是国策。当然，别的军机是靠近领空时 我们的战机会跟上的，地面防空系统也是锁定着，会在他发射的第一时间就摧毁。,2025-06-16 06:47:00,0,0
BV1A9MvzkE7u,2025-06-16 02:53:00,-1587294975,-511736560,1069911829,无心插柳1334,5,我们防空还是很强的，而且对方一旦出手，后果极其严重。,2025-06-16 07:45:00,0,2
BV1A9MvzkE7u,2025-06-16 02:53:00,-1587294975,-1565546031,32982794,风吹奶牛,13,没有谁会先奔着平民打。,2025-06-16 08:07:00,0,1
BV1A9MvzkE7u,2025-06-16 02:53:00,-1587294975,-505406336,442204140,伯羽520,30,我对我们国防有信心。,2025-06-16 09:14:00,0,1
BV1A9MvzkE7u,2025-06-16 02:53:00,-1587294975,-1552547135,3546592005065157,赤日炎炎的寒冬,6,除非恐怖分子，一般敌国来攻，也不会先打击居民楼。还是应该把自己变得很强大，让敌国不敢来犯。目前看还没有哪一个国家会攻击我国，就算号称军事力量最强大的美国也不能,2025-06-16 10:51:00,0,2
BV1A9MvzkE7u,2025-06-16 02:53:00,-1587294975,-1474679919,410896364,一只小虚空,63,我们不会开第一枪，但是绝不会让敌人开第二枪,2025-06-17 07:44:00,0,0
