﻿视频BV号,视频发布日期,上级评论ID,评论ID,用户ID,用户名,用户粉丝数,评论内容,评论时间,回复数,点赞数
BV1ahNvzmEoz,2025-06-17 10:00:00,0,-308328448,523449909,NaGaTo_0,1,以色列的间谍在中东这一块确实太顶尖了，没有间谍以色列也不至于造成近代伊朗历史以来最严重的军事灾难。,2025-06-18 10:26:00,10,27
BV1ahNvzmEoz,2025-06-17 10:00:00,-308328448,-289418560,99271729,NIFE夜永夕,1534,是这样，情报工作还是很重要的,2025-06-18 13:50:00,0,0
BV1ahNvzmEoz,2025-06-17 10:00:00,-308328448,-286100896,330458148,逃离柯伊伯,16,嗯  也不是以间谍多厉害吧   cia这些有很大成分   现成的情报,2025-06-18 14:23:00,0,0
BV1ahNvzmEoz,2025-06-17 10:00:00,-308328448,-285328912,99271729,NIFE夜永夕,1534,也是阿拉伯国家内部一盘散沙，各派互相捅刀子的事也没少干，让谁来做情报工作都轻轻松松,2025-06-18 14:30:00,0,13
BV1ahNvzmEoz,2025-06-17 10:00:00,-308328448,-1343902463,285923290,看到我中奖了吗,10,间谍强度和科技息息相关,2025-06-18 14:35:00,0,0
BV1ahNvzmEoz,2025-06-17 10:00:00,-308328448,-1335434159,7311667,梦一帆,73,以色列有他儿子的情报共享，美国的情报渗透才厉害,2025-06-18 16:06:00,0,1
BV1ahNvzmEoz,2025-06-17 10:00:00,-308328448,-1333908815,296342775,基德说比不中,7,"看到一个段子：
以色列间谍发展下线，对伊朗人说重要情报2000美元，伊朗人说：可以，但我现在手里只有1000美元，剩下的1000美元可以分期付款么？",2025-06-18 16:26:00,0,2
BV1ahNvzmEoz,2025-06-17 10:00:00,-308328448,-1332131135,45036993,烟花般-落寞,6,毛子特工把情报给伊朗了，伊朗不信！然后就被定点清楚[笑哭],2025-06-18 16:49:00,0,0
BV1ahNvzmEoz,2025-06-17 10:00:00,-1332131135,-1329889871,44422174,烧鱼丶,1,回复 @烟花般-落寞 :伊朗这个国家是有点颠的，和阿三一样,2025-06-18 17:29:00,0,0
BV1ahNvzmEoz,2025-06-17 10:00:00,-308328448,-269055632,165870828,_小濑家的上岸鱼_,22,cia在中东的情报太全面了，哪里都有cia的线人,2025-06-18 18:17:00,0,0
BV1ahNvzmEoz,2025-06-17 10:00:00,-308328448,-262674896,32056140,day吃垮,10,不如说伊朗骑墙派太多，亲美派根深蒂固,2025-06-18 23:25:00,0,0
