﻿视频BV号,视频发布日期,上级评论ID,评论ID,用户ID,用户名,用户粉丝数,评论内容,评论时间,回复数,点赞数
BV1aANRzqE5d,2025-06-22 10:19:00,0,-975874815,485655489,真真天神下凡,388,这下美国不得不下场了，这就是幻想一击脱离后，伊朗投降的下场。以色列遭殃之后，只能继续求助美国，如果美国又再次想着炸几发导弹就走，中东会有越来越多的国家加入对以色列的战争，最终结果要么是美国彻底不管以色列，连带着所有在中东的势力全部撤走，要么陷入一个更大的泥潭，这一次泥潭是会前所未有的大，因为大家看出来你不敢把事闹大了。,2025-06-22 10:38:00,11,107
BV1aANRzqE5d,2025-06-22 10:19:00,-975874815,93105312,472110045,出走的阿瑟,16,以色列终于消耗完了全球人民对他们的怜悯[笑哭],2025-06-22 10:56:00,0,23
BV1aANRzqE5d,2025-06-22 10:19:00,-975874815,-969989695,320028861,heey5220,3,可是中东战争打了好几次了  最后不都是阿拉伯人不团结各有各的小九九被各个击破[笑哭]更何况伊朗是雅利安波斯人,2025-06-22 11:41:00,0,4
BV1aANRzqE5d,2025-06-22 10:19:00,-969989695,-969513951,489653972,七兔姬,4,回复 @heey5220 :那是因为阿美真有霸权，而现在就纸老虎。,2025-06-22 11:45:00,0,14
BV1aANRzqE5d,2025-06-22 10:19:00,-969513951,119266544,424633700,她刚穿衣服就,19,回复 @七兔姬 :boss亮血条了[doge],2025-06-22 15:20:00,0,3
BV1aANRzqE5d,2025-06-22 10:19:00,-969989695,-933802879,345783967,Sukadavsky,57,回复 @heey5220 :以前是美国有钱，耗得起，现在没钱打啊,2025-06-22 19:36:00,0,1
BV1aANRzqE5d,2025-06-22 10:19:00,-969989695,-918954975,2083393356,曲奇li,1,回复 @heey5220 :不要忽视科技进步啊，之前打中东战争时可没有这么便宜的导弹，而且之前的美国也是实打实的强，现在嘛，要打肯定也是可以碾压的，但是国内矛盾和太平洋战略可不会允许它下场了,2025-06-23 02:43:00,0,1
BV1aANRzqE5d,2025-06-22 10:19:00,-918954975,-918676175,320028861,heey5220,3,回复 @曲奇li :就怕伊朗挺不住直接炸美军在中东的基地。这样本来国内还有点矛盾  炸过之后民心统一对外了[笑哭],2025-06-23 02:46:00,0,0
BV1aANRzqE5d,2025-06-22 10:19:00,-975874815,142906736,33224,arc.02,27,"现在怎么打啊美国，能动的航母就两艘
真打了东大嘴都笑歪了，这是把最后一滴血都流干了",2025-06-23 00:57:00,0,5
BV1aANRzqE5d,2025-06-22 10:19:00,-975874815,-907800143,371548282,ling家本ling,1,埃及还没下场呢，中东最大的boss,2025-06-23 04:50:00,0,0
BV1aANRzqE5d,2025-06-22 10:19:00,-907800143,190652688,3546918456134105,起心动念意有所指,0,回复 @ling家本ling :埃及早就失去中东共主的地位了，另外我觉得他也真不一定有那个实力。更没有那个胆量。,2025-06-23 11:00:00,0,0
BV1aANRzqE5d,2025-06-22 10:19:00,190652688,-877395087,371548282,ling家本ling,1,回复 @起心动念意有所指 :埃及的军事实力还是不错的,2025-06-23 11:12:00,0,0
