﻿视频BV号,视频发布日期,上级评论ID,评论ID,用户ID,用户名,用户粉丝数,评论内容,评论时间,回复数,点赞数
BV1AfKwzVEga,2025-06-20 09:48:00,0,-32888240,28131725,点击查看琪琪,492,以色列被轰炸的时候，我正巧出了个仪玄，各位来庆祝一下吧,2025-06-21 07:19:00,17,47
BV1AfKwzVEga,2025-06-20 09:48:00,-32888240,-1069649871,323425273,别去仰望星空,53,那恭喜你了，我最近便秘好了，也值得庆祝[调皮],2025-06-21 12:27:00,0,3
BV1AfKwzVEga,2025-06-20 09:48:00,-1069649871,-1069671775,66639050,快乐的doro,238,回复 @别去仰望星空 :正在吃瓜很甜,2025-06-21 12:29:00,0,0
BV1AfKwzVEga,2025-06-20 09:48:00,-1069671775,-3808128,28131725,点击查看琪琪,492,回复 @快乐的doro :恭喜恭喜,2025-06-21 12:29:00,0,0
BV1AfKwzVEga,2025-06-20 09:48:00,-1069649871,-3795392,28131725,点击查看琪琪,492,回复 @别去仰望星空 :恭喜恭喜！[奥比岛_点赞],2025-06-21 12:29:00,0,0
BV1AfKwzVEga,2025-06-20 09:48:00,-1069649871,-1064958575,169229355,卢比扬卡疗养院院长,180,回复 @别去仰望星空 :三喜临门啊朋友们,2025-06-21 13:16:00,0,2
BV1AfKwzVEga,2025-06-20 09:48:00,-1069649871,15256880,1769215,柠檬树下你哥我,160,回复 @别去仰望星空 :我也是最近便秘好了[tv_点赞],2025-06-21 15:33:00,0,0
BV1AfKwzVEga,2025-06-20 09:48:00,-32888240,9958208,616013107,林门稻行,91,以色列被炸的时候，我笑了一下，要不再笑一下吧[墨镜],2025-06-21 14:41:00,0,1
BV1AfKwzVEga,2025-06-20 09:48:00,-32888240,10475936,70333043,志俊4444,52,[吃瓜],2025-06-21 14:47:00,0,1
BV1AfKwzVEga,2025-06-20 09:48:00,-32888240,-1053531327,3057185,无月浪漫,22,双喜临门,2025-06-21 15:05:00,0,1
BV1AfKwzVEga,2025-06-20 09:48:00,-32888240,-1050364607,43937588,洋葱絮,93,你觉得啥就是啥，这图片太ai了，伊朗伤亡率都是十倍以上，领空都没了，还吃呢,2025-06-21 15:36:00,0,0
BV1AfKwzVEga,2025-06-20 09:48:00,-32888240,18703248,3461567842618131,无惧归途啊,27,真好啊，虽然不知道你玩啥，我不认识你，你别多想[doge],2025-06-21 16:10:00,0,0
BV1AfKwzVEga,2025-06-20 09:48:00,-32888240,-1028820591,306485797,林喵家的西兰花,43,上哪找层主这种有关注国际局势又玩绝的[doge_金箍][打call],2025-06-22 00:25:00,0,1
BV1AfKwzVEga,2025-06-20 09:48:00,-32888240,72922368,450743116,丢失的发条,18,正好老婆送了我一顶绿色的帽子，为我高兴吧,2025-06-22 07:12:00,0,0
BV1AfKwzVEga,2025-06-20 09:48:00,-32888240,133542144,156200888,NZ_zao,421,以色列本土被炸只是小事，但是我抽2命仪玄歪了猫又是实打实的,2025-06-22 19:13:00,0,0
BV1AfKwzVEga,2025-06-20 09:48:00,-32888240,-925539583,36629257,Saber丶阿尔托利亚丶,85,我也是[笑哭],2025-06-23 00:56:00,0,0
BV1AfKwzVEga,2025-06-20 09:48:00,-925539583,158099104,28131725,点击查看琪琪,492,回复 @Saber丶阿尔托利亚丶 :恭喜恭喜,2025-06-23 04:26:00,0,0
BV1AfKwzVEga,2025-06-20 09:48:00,-32888240,-867966959,232055,不大的雾,50,你出仪玄的时候，我正巧在拉矢，来庆祝一下吧,2025-06-23 12:50:00,0,0
