﻿视频BV号,视频发布日期,上级评论ID,评论ID,用户ID,用户名,用户粉丝数,评论内容,评论时间,回复数,点赞数
BV1AfKwzVEga,2025-06-20 09:48:00,0,-111986240,510391417,小狗-殿下,29,以前我瞧不起伊朗，原因是伊朗瞧不起我们先！[喜极而泣] 。。。现在我瞧得起伊朗，原因是伊朗这回终于可以有难得团结的机会了！[笑哭],2025-06-20 12:03:00,7,6
BV1AfKwzVEga,2025-06-20 09:48:00,-111986240,-1166479679,356376352,音乐妖妖,938,没路退了而已！都往死路上逼了，伊朗是没地可退了不是他支棱起来了,2025-06-20 13:23:00,0,4
BV1AfKwzVEga,2025-06-20 09:48:00,-111986240,-89807216,128934820,的地嘚,30,伊朗只剩一条路 就是团结的道路 一个国家的人民团结一心 无惧任何敌人 加油吧,2025-06-20 15:34:00,0,1
BV1AfKwzVEga,2025-06-20 09:48:00,-111986240,-1151007919,93399872,广寒市首批居民,57,被逼的。。,2025-06-20 15:56:00,0,1
BV1AfKwzVEga,2025-06-20 09:48:00,-111986240,-80036528,1116572837,alpha3333,3,高看伊朗了，给个胡萝卜??马上就现形,2025-06-20 17:41:00,0,3
BV1AfKwzVEga,2025-06-20 09:48:00,-111986240,-1139482159,11799072,saberaldnoah,15,没正式宣战呢,2025-06-20 19:28:00,0,0
BV1AfKwzVEga,2025-06-20 09:48:00,-111986240,-1131126287,76525959,放轻松好事自然会来,12,再不还手就要被灭国了[笑哭],2025-06-21 00:37:00,0,0
BV1AfKwzVEga,2025-06-20 09:48:00,-111986240,-55269920,442469417,米开郎急了,3,伊朗全国断网，你不知道？,2025-06-21 03:18:00,0,0
