﻿视频BV号,视频发布日期,上级评论ID,评论ID,用户ID,用户名,用户粉丝数,评论内容,评论时间,回复数,点赞数
BV1ahNvzmEoz,2025-06-17 10:00:00,0,-247710176,10168146,天是天天的天,60,如果公司突然说在特拉维夫有个客户需要你去拜访，你该怎么和公司谈条件[微笑],2025-06-19 03:36:00,30,88
BV1ahNvzmEoz,2025-06-17 10:00:00,-247710176,-247533920,513152736,肥叉3,70,我会说我不会煮饭。,2025-06-19 03:38:00,0,23
BV1ahNvzmEoz,2025-06-17 10:00:00,-247710176,-1306372367,324469075,咿这不是乖毛毛么,47,[思考]如果是我的公司，我会告诉他，打完仗账不就平了？不用亲自去平。,2025-06-19 03:47:00,0,30
BV1ahNvzmEoz,2025-06-17 10:00:00,-1306372367,-246002544,10168146,天是天天的天,60,回复 @咿这不是乖毛毛么 :是客户，不是供应商，客户没了你货款就拿不到了[喜极而泣],2025-06-19 03:59:00,0,6
BV1ahNvzmEoz,2025-06-17 10:00:00,-246002544,-1301794959,324469075,咿这不是乖毛毛么,47,回复 @天是天天的天 :啊我们是财务公司，就盼着客户那里着大火发大水！[OK],2025-06-19 04:36:00,0,4
BV1ahNvzmEoz,2025-06-17 10:00:00,-1301794959,-241316672,10168146,天是天天的天,60,回复 @咿这不是乖毛毛么 :我朋友说，国外客户不仅利润高，而且回款快，他做欧洲区销售没有哪家回款时间超过3个月的，这也是他们公司不愿放弃这个客户的原因,2025-06-19 04:45:00,0,6
BV1ahNvzmEoz,2025-06-17 10:00:00,-246002544,-1256844367,15961273,吃鱼的狐狸_,16,回复 @天是天天的天 :[doge]现在谁做国外的客户不是收全款才出货的，钱不要了啊,2025-06-19 13:52:00,0,1
BV1ahNvzmEoz,2025-06-17 10:00:00,-247710176,-1306090655,24233183,谈笑风生的窥伺大帝,39,都没有航班了,2025-06-19 03:49:00,0,6
BV1ahNvzmEoz,2025-06-17 10:00:00,-1306090655,-246059168,10168146,天是天天的天,60,回复 @谈笑风生的窥伺大帝 :不是现在，是几个月前听朋友说的事[笑哭],2025-06-19 03:57:00,0,2
BV1ahNvzmEoz,2025-06-17 10:00:00,-247710176,-1305797919,23058067,张致知,5,啊这，你们公司都不关心相关新闻吗。要不拉你领导一起去,2025-06-19 03:53:00,0,2
BV1ahNvzmEoz,2025-06-17 10:00:00,-1305797919,-246019200,10168146,天是天天的天,60,回复 @张致知 :公司高管怎么可能不看新闻,2025-06-19 03:58:00,0,0
BV1ahNvzmEoz,2025-06-17 10:00:00,-1305797919,-1257978047,1823124158,群星计划Ic,33,回复 @张致知 :这一般只是个服从性测试，你死了他们也不用承担，不过他们应该不会花那么大的价格搞服从性测试,2025-06-19 13:41:00,0,1
BV1ahNvzmEoz,2025-06-17 10:00:00,-247710176,-1305288047,30569279,JasonCChang,33,你坐东风去比较快,2025-06-19 03:59:00,0,5
BV1ahNvzmEoz,2025-06-17 10:00:00,-247710176,-244054624,18881735,sirLing,5,是卖棺材的业务么 跟老板说都是火化的产品没需求,2025-06-19 04:20:00,0,8
BV1ahNvzmEoz,2025-06-17 10:00:00,-244054624,-1299675599,2084155,止渊渊渊,87,回复 @sirLing :背古兰经啊,2025-06-19 04:59:00,0,1
BV1ahNvzmEoz,2025-06-17 10:00:00,-244054624,-216928480,667804814,执着着如何取名,4,回复 @sirLing :盒子是必需品啊[笑哭]，没盒子把灰扬了吗,2025-06-19 10:13:00,0,1
BV1ahNvzmEoz,2025-06-17 10:00:00,-247710176,-1295072671,456465397,萌萌哒鸡蛋糕,1,就说你腿没电了，要充满电再去,2025-06-19 05:59:00,0,3
BV1ahNvzmEoz,2025-06-17 10:00:00,-247710176,-1294271199,7281093,奈亚拉托提睦,77,已经没有这个客户了,2025-06-19 06:11:00,0,4
BV1ahNvzmEoz,2025-06-17 10:00:00,-247710176,-234451216,105042136,卿岚佳人,53,你就说你在以色列走丢了,2025-06-19 06:13:00,0,3
BV1ahNvzmEoz,2025-06-17 10:00:00,-247710176,-229170336,2963569,心殇愈,3,保险，分红要提高，不然另请高明,2025-06-19 07:33:00,0,3
BV1ahNvzmEoz,2025-06-17 10:00:00,-247710176,-221172032,26317144,苏小瓷OvO,31,如果公司让去洛杉矶，阁下又该如何应对??,2025-06-19 09:23:00,0,1
BV1ahNvzmEoz,2025-06-17 10:00:00,-247710176,-214332640,49640522,祖安心理咨询师,13,需要公司配备一个铁穹防空系统，保护我的安全,2025-06-19 10:41:00,0,2
BV1ahNvzmEoz,2025-06-17 10:00:00,-247710176,-210752912,3036129,苏打粉-3-,170,你非得上这个B班吗？命没了给你再多分红也分不到啊[doge_金箍],2025-06-19 11:18:00,0,6
BV1ahNvzmEoz,2025-06-17 10:00:00,-247710176,-207147168,2187436,起名字难啊,39,去呗，记得给xdm直播是个什么情况。,2025-06-19 11:56:00,0,2
BV1ahNvzmEoz,2025-06-17 10:00:00,-247710176,-187654272,702741142,冒险继续ono9,16,我不道啊？,2025-06-19 15:29:00,0,1
BV1ahNvzmEoz,2025-06-17 10:00:00,-247710176,-1242849199,40812954,自古枪兵多苦逼幸运从来不过E,51,得加钱[doge],2025-06-19 16:41:00,0,1
BV1ahNvzmEoz,2025-06-17 10:00:00,-247710176,-179801136,9966521,此人已死有事烧纸123,11,以色列还有许多中国人 没撤退,2025-06-19 17:18:00,0,1
BV1ahNvzmEoz,2025-06-17 10:00:00,-247710176,-174407296,17225515,AKA不锈钢,74,[doge]得加钱,2025-06-19 20:18:00,0,2
BV1ahNvzmEoz,2025-06-17 10:00:00,-247710176,-1230513983,294253673,御坂08120号,10,前几天都开始撤侨了[doge],2025-06-20 00:02:00,0,0
BV1ahNvzmEoz,2025-06-17 10:00:00,-247710176,-1226388863,380447359,酸酸甜甜-小番茄,132,我会把客户的位置暴露给伊朗，夸大客户为以色列高官，伊朗把客户炸死就不用去了。,2025-06-20 01:21:00,0,0
BV1ahNvzmEoz,2025-06-17 10:00:00,-247710176,-1225114431,24985598,雷霆豌豆侠,19,我现在就希望伊朗把麦洛斯给炸了[滑稽],2025-06-20 01:42:00,0,0
