﻿视频BV号,视频发布日期,上级评论ID,评论ID,用户ID,用户名,用户粉丝数,评论内容,评论时间,回复数,点赞数
BV1ahNvzmEoz,2025-06-17 10:00:00,0,-1373083983,1570901975,马尔蒂尼-official,21,????要真能掏出两千发导弹，就是二战后最大空军/导弹攻防战了，这次空战结果对全球防空反导系统的改进都有很大参考价值[doge],2025-06-18 09:22:00,32,521
BV1ahNvzmEoz,2025-06-17 10:00:00,-1373083983,-1365516015,2140409588,天才如我也,1,一个国家主要管理层全没了……不报复，谁都看不起伊朗，伊朗一直说自己是中东大哥[doge],2025-06-18 10:44:00,0,38
BV1ahNvzmEoz,2025-06-17 10:00:00,-1373083983,-1363981039,600660179,bili_600660179,65,可以 验证一下 只有导弹 没有制空权 是什么结果[微笑],2025-06-18 10:59:00,0,8
BV1ahNvzmEoz,2025-06-17 10:00:00,-1373083983,-1362642959,1806630293,type30,41,"巴基斯坦一个想帮助伊朗，一个可行的办法是
通过陆路向伊朗出口导弹零部件，伊朗给油就行，巴有制造弹道导弹的能力，那么自然能给伊朗提供导弹零部件
伊朗打多久，巴就卖零部件多久，然后收原油，巴有了石油了，就能拿石油向东大换歼35了[doge]",2025-06-18 11:13:00,0,16
BV1ahNvzmEoz,2025-06-17 10:00:00,-1362642959,-1357936191,68398752,Marvin麦瑞,0,回复 @type30 :换歼35？想多了吧。,2025-06-18 12:04:00,0,1
BV1ahNvzmEoz,2025-06-17 10:00:00,-1357936191,-262889376,702112841,人生何处不青山?,487,回复 @Marvin麦瑞 :没啥想多了，老美f35 能卖，f22 非卖品。 等我们有一款能稳压j35 的战机，那把j35 卖给跟我门有战略合作的国家也没问题。,2025-06-18 23:17:00,0,1
BV1ahNvzmEoz,2025-06-17 10:00:00,-1362642959,-296375952,390797624,我很羞涩啊,8,回复 @type30 :巴一般都用f16，巴美的关系，你别想的那么差。,2025-06-18 12:34:00,0,1
BV1ahNvzmEoz,2025-06-17 10:00:00,-1362642959,-211400880,227776141,渡世大愿,41,回复 @type30 :我们要那么多石油干嘛？我们要锂矿啊,2025-06-19 11:11:00,0,0
BV1ahNvzmEoz,2025-06-17 10:00:00,-1373083983,-1359434895,3493136290548273,钓了个寂寞等哪口,11,当前世界最先进的计算机蕊片在美欧，此次面对饱合攻击都力不从心，拦截率不高，哪我们呢，俄罗斯呢,2025-06-18 11:48:00,0,1
BV1ahNvzmEoz,2025-06-17 10:00:00,-1359434895,-1358822815,90646793,呵呵君12389,5,回复 @钓了个寂寞等哪口 :所以我们在导弹和核反击能力下了大功夫的。防不住就用更多更饱和的导弹反击回去[doge],2025-06-18 11:54:00,0,5
BV1ahNvzmEoz,2025-06-17 10:00:00,-1358822815,-1331678991,391661461,兜兜里有酒心巧克力,2,回复 @呵呵君12389 :真打起来只有做贼，哪里有千日防贼,2025-06-18 16:57:00,0,1
BV1ahNvzmEoz,2025-06-17 10:00:00,-1359434895,-295035344,3725339,米诺夫湿基,10,回复 @钓了个寂寞等哪口 :计算机芯片和饱和攻击防御基本没关系。电子工业产能和技术水平是多维度的。,2025-06-18 12:48:00,0,0
BV1ahNvzmEoz,2025-06-17 10:00:00,-1359434895,-1348354751,479759256,丶长风万里,28,回复 @钓了个寂寞等哪口 : 那只是最先进的制程，军用没必要追求3nm、5nm，几十纳米的制程足够了,2025-06-18 13:49:00,0,2
BV1ahNvzmEoz,2025-06-17 10:00:00,-1373083983,-1350648527,3546900087180173,至尊天地炮,0,6,2025-06-18 13:25:00,0,0
BV1ahNvzmEoz,2025-06-17 10:00:00,-1373083983,-1344421935,14047274,命美,12,有俩千发导弹但是没有俩千个发射架，很多都是储存在掩体里面，需要运出安装到发射架上面使用，而以色列战机就在上空，发现就会摧毁发射架。,2025-06-18 14:29:00,0,4
BV1ahNvzmEoz,2025-06-17 10:00:00,-1373083983,-266005744,299581512,369763,6,光一个混合突防就让我涨了个见识,2025-06-18 20:37:00,0,1
