﻿视频BV号,视频发布日期,上级评论ID,评论ID,用户ID,用户名,用户粉丝数,评论内容,评论时间,回复数,点赞数
BV1A3Ntz7E8K,2025-06-19 09:46:00,0,-1252980463,379359153,欧阳林智,2155,"要摧毁对方的军事力量、通讯设施、医疗机构、地标建筑、超高层建筑、港口、油库、机场、交通枢纽、军事研究院和目标人物等。
导弹严重不饱和[脱单doge]。",2025-06-19 14:35:00,11,2
BV1A3Ntz7E8K,2025-06-19 09:46:00,-1252980463,-1246430959,482684957,bili_29453881365,15,这样搞不行啊。。。。。你得炸海水淡化厂,2025-06-19 15:51:00,0,1
BV1A3Ntz7E8K,2025-06-19 09:46:00,-1246430959,-1246488175,379359153,欧阳林智,2155,回复 @bili_29453881365 :你的建议很好，让伊方尽快安排。[再见],2025-06-19 15:52:00,0,1
BV1A3Ntz7E8K,2025-06-19 09:46:00,-1252980463,-1245784031,86475699,云中顾清,25,没毛病，[嗑瓜子],2025-06-19 16:00:00,0,0
BV1A3Ntz7E8K,2025-06-19 09:46:00,-1252980463,-1245296543,373993656,青衫且长,3,为啥超高建筑要炸？,2025-06-19 16:06:00,0,0
BV1A3Ntz7E8K,2025-06-19 09:46:00,-1245296543,-1243024255,379359153,欧阳林智,2155,回复 @青衫且长 :瘫痪市政，恐怖人心。参考：美国911世贸大厦被撞击。,2025-06-19 16:39:00,0,0
BV1A3Ntz7E8K,2025-06-19 09:46:00,-1243024255,-1242585791,373993656,青衫且长,3,回复 @欧阳林智 :懂了,2025-06-19 16:46:00,0,0
BV1A3Ntz7E8K,2025-06-19 09:46:00,-1245296543,-181796432,1553566105,_火药棉花糖_,1565,"回复 @青衫且长 :高楼到了连带下面的道路和其他楼房。
摧毁制高点，对以后很有用",2025-06-19 16:45:00,0,0
BV1A3Ntz7E8K,2025-06-19 09:46:00,-1245296543,-181570288,1553566105,_火药棉花糖_,1565,回复 @青衫且长 :没倒这楼也用不了了，还得花钱拆了，在花钱重建,2025-06-19 16:48:00,0,0
BV1A3Ntz7E8K,2025-06-19 09:46:00,-181570288,-1240570751,373993656,青衫且长,3,回复 @_火药棉花糖_ :这招好，亏死他们,2025-06-19 17:22:00,0,0
BV1A3Ntz7E8K,2025-06-19 09:46:00,-1252980463,-184479024,239671144,一语双关_,34,炸医院会被舆论炮,2025-06-19 16:09:00,0,0
BV1A3Ntz7E8K,2025-06-19 09:46:00,-1252980463,-1243291407,36163550,同九州,47,[吃瓜]我们要具体情况具体分析，你那是常规对战时的目标。现在对付犹太人考虑的重点要放在有生力量、交通枢纽(码头港口、机场、大桥、高速公路)、金融中心、海水淡化装置、陆地水源、地标建筑、政务中心。军事基地防空必定严密，放在第二第三波次攻击。,2025-06-19 16:35:00,0,0
