﻿视频BV号,视频发布日期,上级评论ID,评论ID,用户ID,用户名,用户粉丝数,评论内容,评论时间,回复数,点赞数
BV1ahKuzyERV,2025-06-24 04:48:00,0,259397840,351815330,曓覠,16,"内衣：看我跪的标准吗
川普：可以
内衣：我有个小小的请求可以吗
川普：可以
内衣：让我在国内吹个小小的牛逼可以吗
川普：可以
内衣：愿真主保佑你，保佑美国
川普：……",2025-06-24 05:13:00,7,26
BV1ahKuzyERV,2025-06-24 04:48:00,259397840,259948944,175047736,别叫我汉尼拔,2,美国：看见了啊，我一打伊朗，他俩就停火了，大家都看见了，啊，是我厉害，啊！是我有威慑力，啊，我还是老大啊，你们要相信我我真的是老大，求求你们相信我我还有威慑力我是老大[委屈],2025-06-24 05:19:00,0,6
BV1ahKuzyERV,2025-06-24 04:48:00,259948944,264091184,432256014,13905515133_bili,5,回复 @别叫我汉尼拔 :诺贝尔和平奖稳了,2025-06-24 06:12:00,0,0
BV1ahKuzyERV,2025-06-24 04:48:00,264091184,264976480,297384600,哔啵咪,97,回复 @13905515133_bili : 外加俩个奥斯卡小金人,2025-06-24 06:25:00,0,0
BV1ahKuzyERV,2025-06-24 04:48:00,259948944,-803384335,652007253,关注中东局势,2,回复 @别叫我汉尼拔 :求求了,2025-06-24 07:08:00,0,0
BV1ahKuzyERV,2025-06-24 04:48:00,259397840,-811333423,37595251,两无成QAQ,14,川普：总感觉你这最后一句话对我有点不尊重......,2025-06-24 05:21:00,0,0
BV1ahKuzyERV,2025-06-24 04:48:00,259397840,-810784559,32323570,凶残的马里奥～,5,什么玩意儿?你带节奏的人机?,2025-06-24 05:27:00,0,3
BV1ahKuzyERV,2025-06-24 04:48:00,259397840,267520784,525225701,洒红豆,12,仁济？,2025-06-24 07:01:00,0,0
