﻿视频BV号,视频发布日期,上级评论ID,评论ID,用户ID,用户名,用户粉丝数,评论内容,评论时间,回复数,点赞数
BV1a7MSzYE8h,2025-06-14 14:49:00,0,-643447056,3546669417236515,花太傅1,0,接下来我们的一带一路在中东怎么发展呢？,2025-06-15 00:42:00,8,5
BV1a7MSzYE8h,2025-06-14 14:49:00,-643447056,-642429824,116929724,佳肴游点相伴,6046,可以走伊朗上面，一带一路主要是要去欧洲，中间没有那么重要,2025-06-15 00:58:00,0,19
BV1a7MSzYE8h,2025-06-14 14:49:00,-642429824,-1692841775,580766952,青乃于广等为伍,41,回复 @佳肴游点相伴 :不是主要去欧洲，是打开新市场，欧亚非腹地,2025-06-15 01:16:00,0,1
BV1a7MSzYE8h,2025-06-14 14:49:00,-1692841775,-635991216,16905541,孔雀叔,221,回复 @青乃于广等为伍 : 有个屁的新市场，一路基本是废的，关键还是一带，把建造铁路的钱，拿来建造海军，划算多了。,2025-06-15 02:27:00,0,1
BV1a7MSzYE8h,2025-06-14 14:49:00,-635991216,-1686317887,580766952,青乃于广等为伍,41,回复 @孔雀叔 :哈哈哈，你知道现在中国的最大贸易伙伴是哪个经济体吗？在十年前你敢想象吗？不谋万世者不足谋一时。,2025-06-15 02:43:00,0,2
BV1a7MSzYE8h,2025-06-14 14:49:00,-643447056,-641287712,322235,答辩过敏,43,"绕过阿富汗绕过伊朗，本来他们是最理想也是最有效率的线路，但现在他们的政治和安全都得不到保障
上面走土库曼斯坦这条线
下面走也门这条线",2025-06-15 01:16:00,0,6
BV1a7MSzYE8h,2025-06-14 14:49:00,-643447056,-639668256,40467888,起名好难5,31,没去伊朗吧，从俄罗斯走的,2025-06-15 01:39:00,0,0
BV1a7MSzYE8h,2025-06-14 14:49:00,-643447056,-1689835551,431448564,73548639964_bili,5,把以色列拉进来吧，本来很多中企就和以色列有合作，很多华人在以色列务工，b站评论区还好几个在以色列呢,2025-06-15 02:00:00,0,0
BV1a7MSzYE8h,2025-06-14 14:49:00,-1689835551,-1686822015,512486981,小生这厢有哩,0,回复 @73548639964_bili :还以色列？[笑哭]算了吧,2025-06-15 02:36:00,0,1
