﻿视频BV号,视频发布日期,上级评论ID,评论ID,用户ID,用户名,用户粉丝数,评论内容,评论时间,回复数,点赞数
BV1ALNtzyEM8,2025-06-19 08:14:00,0,-1027963583,282234269,供谗,2,笑点解析“你不惹他，他不惹你”,2025-06-22 00:39:00,7,11
BV1ALNtzyEM8,2025-06-19 08:14:00,-1027963583,-1021491215,359840171,原来我们在一起很久了,0,笑点解析：笑点解析“你不惹他，他不惹你”,2025-06-22 02:15:00,0,17
BV1ALNtzyEM8,2025-06-19 08:14:00,-1021491215,517921776,3493085105359322,大D与它的小黄们,0,回复 @原来我们在一起很久了 :笑点在哪？要不去以前的哈官网看看自己在不在被物理“改变信仰”的范围内？,2025-06-26 19:40:00,0,0
BV1ALNtzyEM8,2025-06-19 08:14:00,-1027963583,-971091423,2032269775,张若虚-,0,啥都笑点，你笑牛魔呢,2025-06-22 11:27:00,0,3
BV1ALNtzyEM8,2025-06-19 08:14:00,-1027963583,99605664,73486341,没看见就不疼,3,你跟那些喜欢拿冷知识打头的坐一桌玩去吧,2025-06-22 12:02:00,0,3
BV1ALNtzyEM8,2025-06-19 08:14:00,-1027963583,-966304383,3261498,四哥李晚荣,115,就算你想要更多的人关注你，回复你，也用不着出此下策啊[吃瓜][吃瓜][吃瓜],2025-06-22 12:18:00,0,2
BV1ALNtzyEM8,2025-06-19 08:14:00,-966304383,-945136591,282234269,供谗,2,回复 @四哥李晚荣 :????人以为人人都跟自己一样喜欢公共场合大嗓门哗众取宠，属实是小人之心以己度人了。,2025-06-22 15:54:00,0,0
BV1ALNtzyEM8,2025-06-19 08:14:00,-1027963583,-956833807,331906591,多赚1元喷子就少1分,24,怎么？把手机调震动模式放下面了？,2025-06-22 13:53:00,0,2
