﻿视频BV号,视频发布日期,上级评论ID,评论ID,用户ID,用户名,用户粉丝数,评论内容,评论时间,回复数,点赞数
BV1ahNvzmEoz,2025-06-17 10:00:00,0,-1398833167,385253283,疯狗松,36,这才对，光投降没有价值，打好了证明实力才好谈投降条件，投降也是有讲究的,2025-06-18 03:54:00,10,322
BV1ahNvzmEoz,2025-06-17 10:00:00,-1398833167,-330970176,70754823,万象初新鑫,10,哈哈哈,2025-06-18 05:25:00,0,7
BV1ahNvzmEoz,2025-06-17 10:00:00,-1398833167,-325720496,1659552312,不清楚苿来,12,那是肯定的，直接投下场绝对惨,2025-06-18 06:37:00,0,35
BV1ahNvzmEoz,2025-06-17 10:00:00,-1398833167,-1383210159,327285578,ZJU508,1,主要是人家不接受投降，他们需要伊朗在中东充当打击对象,2025-06-18 07:02:00,0,25
BV1ahNvzmEoz,2025-06-17 10:00:00,-1398833167,-1378582399,269628696,hyominnnnnaaa,15,投降你也要两边能接受，现在就是两边都无法接受对方提出的条件，伊朗的核研究是不可能停止的,2025-06-18 08:07:00,0,8
BV1ahNvzmEoz,2025-06-17 10:00:00,-1378582399,-1374934639,832380,妖茗冰月心,34,回复 @hyominnnnnaaa :伊朗并没有真研究核，不然早造出来了，他们就是摆了一堆核材料，但不真研究，然后跟欧美要待遇，本质和小学生买了一堆文具摆桌子上号称要学习然后跟父母要新手机一个道理,2025-06-18 09:00:00,0,13
BV1ahNvzmEoz,2025-06-17 10:00:00,-1374934639,-313681744,385933315,577噯LP,5,回复 @妖茗冰月心 :制裁全吃了，哪有什么好处,2025-06-18 09:28:00,0,3
BV1ahNvzmEoz,2025-06-17 10:00:00,-313681744,-1367497247,832380,妖茗冰月心,34,回复 @577噯LP :难道小孩子跟家长要东西每次都能要到？现在伊朗一边找人要和谈一边打，标准的你再打我我就不投降了。[doge],2025-06-18 10:23:00,0,2
BV1ahNvzmEoz,2025-06-17 10:00:00,-313681744,-305666464,389358848,露白凝霜,22,回复 @577噯LP :怎么没好处了，伊朗内部反美的宗教教士集团和革命卫队不是能借民意更好的掌控权利捞钱了么。,2025-06-18 10:54:00,0,0
BV1ahNvzmEoz,2025-06-17 10:00:00,-1378582399,-1363355887,45734193,Greturd,25,回复 @hyominnnnnaaa :问题是伊朗真的接受了[笑哭]和美国说可以放弃一切，但特朗普没吊他,2025-06-18 11:05:00,0,0
BV1ahNvzmEoz,2025-06-17 10:00:00,-1398833167,-1362944687,1526280086,Konpaku_Yummy,36,讲句实话，实际上有关伊朗的绝大多数消息都是被恶意编造的，甚至有人专门在带节奏，感兴趣可以去看看up星话大白的视频，有一期就是在专门讲伊朗在舆论场地究竟是如何变成这个样子了,2025-06-18 11:10:00,0,0
