﻿视频BV号,视频发布日期,上级评论ID,评论ID,用户ID,用户名,用户粉丝数,评论内容,评论时间,回复数,点赞数
BV1ANKTzRESn,2025-06-20 16:32:00,0,-1125155983,26808592,要做的事还有很多丶,11,豪斯拦截系统和格兰德拦截系统发挥了重要作用[支持],2025-06-21 02:08:00,20,463
BV1ANKTzRESn,2025-06-20 16:32:00,-1125155983,-60440736,3493296250816740,人机也想变聪明,28,还有拜俄洛基拦截[大笑],2025-06-21 02:16:00,0,47
BV1ANKTzRESn,2025-06-20 16:32:00,-60440736,-1111201311,386023670,柏林圣女玛赫莲,62,回复 @人机也想变聪明 :最喜欢这个拦截系统啦，环保可再生[傲娇],2025-06-21 04:44:00,0,0
BV1ANKTzRESn,2025-06-20 16:32:00,-1125155983,-1122708447,26195896,湘豫桂花糕,17,你是懂英语的,2025-06-21 02:40:00,0,19
BV1ANKTzRESn,2025-06-20 16:32:00,-1125155983,-1122315007,2666468,正版云飞扬,42,视频里不都是比鲁丁立体拦截系统的成果么？,2025-06-21 02:45:00,0,15
BV1ANKTzRESn,2025-06-20 16:32:00,-1125155983,-1121352255,7259387,假借城,24,博迪防空系统太脆弱了,2025-06-21 02:56:00,0,42
BV1ANKTzRESn,2025-06-20 16:32:00,-1125155983,-1117884303,38665866,ColdHeart暮夜,19,还得是比鲁丁防御系统厉害??,2025-06-21 03:35:00,0,5
BV1ANKTzRESn,2025-06-20 16:32:00,-1125155983,-43427792,26438218,honeyhong,49,伊朗没实力还嘴硬，应该被暴打；中国90年代没实力的时候就得认怂，努力储存实力，达到不怒自威，别人连想武力侵犯的想法都不会有,2025-06-21 05:16:00,0,0
BV1ANKTzRESn,2025-06-20 16:32:00,-1125155983,-1107835535,185991092,风铃ks,37,[大笑][大笑][大笑],2025-06-21 05:18:00,0,0
BV1ANKTzRESn,2025-06-20 16:32:00,-1125155983,-1101099599,11657470,Kjeaiy,355,什么意思啊,2025-06-21 06:38:00,0,0
BV1ANKTzRESn,2025-06-20 16:32:00,-1101099599,-34904992,220291242,nanbengle,4,回复 @Kjeaiy :house和ground,2025-06-21 06:53:00,0,2
BV1ANKTzRESn,2025-06-20 16:32:00,-34904992,-1099334159,11657470,Kjeaiy,355,回复 @nanbengle :[点赞],2025-06-21 07:00:00,0,0
BV1ANKTzRESn,2025-06-20 16:32:00,-1101099599,-1099733039,1842985,smellyking,573,回复 @Kjeaiy :豪斯 house，格兰德 ground，拜俄洛基 biology，比鲁丁 building，博迪 body,2025-06-21 06:55:00,0,9
BV1ANKTzRESn,2025-06-20 16:32:00,-1099733039,-1099236847,11657470,Kjeaiy,355,回复 @smellyking :[点赞],2025-06-21 07:01:00,0,0
BV1ANKTzRESn,2025-06-20 16:32:00,-1099733039,-1077124463,34817297,五万多,65,回复 @smellyking :我半天没想明白比鲁丁是啥，原来是building，不过谐音的话比优丁是不是合适点[doge],2025-06-21 11:12:00,0,1
BV1ANKTzRESn,2025-06-20 16:32:00,-1077124463,-1042462543,1842985,smellyking,573,回复 @五万多 :这应该是在模仿日式英语的发音,2025-06-21 17:14:00,0,0
BV1ANKTzRESn,2025-06-20 16:32:00,-1125155983,-1093033567,1518524554,派大星人呐,6,我好像看懂了你说的拦截系统[黑眼圈_金箍],2025-06-21 08:20:00,0,0
BV1ANKTzRESn,2025-06-20 16:32:00,-1125155983,-25993344,6442241,变玩boy-DR天意,1951,房屋和大地么,2025-06-21 08:43:00,0,0
BV1ANKTzRESn,2025-06-20 16:32:00,-1125155983,-1090935151,1020787470,Tilo_Deu,5,还有艾尔迫特拦截系统[吃瓜],2025-06-21 08:45:00,0,0
BV1ANKTzRESn,2025-06-20 16:32:00,-1125155983,-15238288,81507235,Geeeeen,32,[doge]我读的书少，你不要骗我,2025-06-21 10:36:00,0,0
BV1ANKTzRESn,2025-06-20 16:32:00,-1125155983,-1048791583,107640278,昭野自渡,2,什么是发达国家啊，先进！（战术后仰）[支持][胜利][响指][歪嘴],2025-06-21 15:55:00,0,0
