﻿视频BV号,视频发布日期,上级评论ID,评论ID,用户ID,用户名,用户粉丝数,评论内容,评论时间,回复数,点赞数
BV1ahNvzmEoz,2025-06-17 10:00:00,0,-267057024,47810218,晨林c,9,有大哥能解惑吗，为啥以色列多以飞机、无人机进行袭击，伊朗多以导弹袭击是因为他们空军确实烂，以色列以战机和无人机为止是为了更精准的打击吗,2025-06-18 19:31:00,12,1
BV1ahNvzmEoz,2025-06-17 10:00:00,-267057024,-266772576,4244549,疯狂麦克斯007,17,老美都没有高超音速,2025-06-18 19:55:00,0,0
BV1ahNvzmEoz,2025-06-17 10:00:00,-267057024,-1325343247,13717296,FT_CRC,356,在有制空的情况下，战机携带防区外武器进行攻击肯定是比发射上千公里的导弹更划算更可持续的，毕竟导弹是一次性的，战机可以反复使用，机载武器弹药肯定比上千公里的导弹便宜太多，要是能飞到头顶扔制导炸弹就更便宜了,2025-06-18 20:06:00,0,3
BV1ahNvzmEoz,2025-06-17 10:00:00,-1325343247,-1318404639,1981120966,宇宙超强男人,14,回复 @FT_CRC :你先搞清楚地理位置为啥不出步兵[doge],2025-06-19 00:39:00,0,0
BV1ahNvzmEoz,2025-06-17 10:00:00,-267057024,-1322654223,98724555,何物朝向死亡-完整,60,以色列好多无人机是从伊朗本土起飞的,2025-06-18 22:45:00,0,1
BV1ahNvzmEoz,2025-06-17 10:00:00,-1322654223,-1318485807,1981120966,宇宙超强男人,14,回复 @何物朝向死亡-完整 :那是伊朗境内的以色列间谍,2025-06-19 00:37:00,0,0
BV1ahNvzmEoz,2025-06-17 10:00:00,-1322654223,-1318430671,1981120966,宇宙超强男人,14,回复 @何物朝向死亡-完整 :都报道了伊朗境内的间谍生产的,2025-06-19 00:38:00,0,0
BV1ahNvzmEoz,2025-06-17 10:00:00,-267057024,-261414832,441298920,HL_三日,95,还真是，无人机就是比导弹更精准，现代战争无人机表现太好了，便宜还准确，俄罗斯那边也吃了无人机的大亏了，战略轰炸机被炸了。,2025-06-18 23:58:00,0,0
BV1ahNvzmEoz,2025-06-17 10:00:00,-267057024,-1319919007,104618171,起程文笔峰,1,更大的疑惑是为啥伊朗没有把以色列的鸡窝端掉？,2025-06-19 00:08:00,0,0
BV1ahNvzmEoz,2025-06-17 10:00:00,-267057024,-1318707903,1981120966,宇宙超强男人,14,你先搞清楚地理位置吧！！！,2025-06-19 00:35:00,0,0
BV1ahNvzmEoz,2025-06-17 10:00:00,-267057024,-1027213615,1656869152,种的葫芦结了7个果,10,为了完成5常的心愿，没有5常默认，他以色列哪有这个胆？,2025-06-22 00:53:00,0,0
BV1ahNvzmEoz,2025-06-17 10:00:00,-267057024,-942042335,3546630859000195,文文和鼠鼠,12,打的准，成本低,2025-06-22 16:30:00,0,0
BV1ahNvzmEoz,2025-06-17 10:00:00,-267057024,-859376799,23665066,朝九晚五大吗喽,85,漂亮国的花哨小玩意儿罢了,2025-06-23 14:21:00,0,0
