﻿视频BV号,视频发布日期,上级评论ID,评论ID,用户ID,用户名,用户粉丝数,评论内容,评论时间,回复数,点赞数
BV1ahKuzyERV,2025-06-24 04:48:00,0,261498352,18897919,华音流韶v,4,最后一枪打过去对面没有还手，那不就是赢了嘛[doge],2025-06-24 05:38:00,7,59
BV1ahKuzyERV,2025-06-24 04:48:00,261498352,266678064,70404917,远方0327,27,波斯赢学从此跻身 大成应学,2025-06-24 06:48:00,0,11
BV1ahKuzyERV,2025-06-24 04:48:00,266678064,270239184,2142237331,淳轩,7,回复 @远方0327 :比三哥赢学靠谱多了,2025-06-24 07:40:00,0,8
BV1ahKuzyERV,2025-06-24 04:48:00,261498352,-800520031,8591692,weiqijun,51,和网上喷一轮然后拉黑对方一样的骚操作[doge],2025-06-24 07:50:00,0,2
BV1ahKuzyERV,2025-06-24 04:48:00,-800520031,-793677359,77379252,后天星期三,19,回复 @weiqijun :我拉黑你了你又不能回我，但是伊朗说停火了以色列不能继续丢导弹吗？神人比喻。,2025-06-24 09:24:00,0,0
BV1ahKuzyERV,2025-06-24 04:48:00,261498352,-794617151,22857898,splknyade,19,赢麻了，然后等几天以色列补充完弹药拿到最新情报以后，又享受起特制洗脸服务了,2025-06-24 09:12:00,0,3
BV1ahKuzyERV,2025-06-24 04:48:00,261498352,279581744,281025,550W太慢了,29,跟玩手游打工会战一样，最后一秒出尾刀，结算翻盘,2025-06-24 09:39:00,0,0
