﻿视频BV号,视频发布日期,上级评论ID,评论ID,用户ID,用户名,用户粉丝数,评论内容,评论时间,回复数,点赞数
BV1ahNvzmEoz,2025-06-17 10:00:00,0,-1363727311,91271256,古米廖夫斯基,219,是不是有人给伊朗输血啊[笑哭]感觉这个打法，很快吃不消啊,2025-06-18 11:00:00,12,9
BV1ahNvzmEoz,2025-06-17 10:00:00,-1363727311,-1362043647,1806630293,type30,41,"巴基斯坦想帮助伊朗的话，一个可行的办法是
通过陆路向伊朗出口导弹零部件，伊朗给油就行，巴有制造弹道导弹的能力，那么自然能给伊朗提供导弹零部件
伊朗打多久，巴就卖零部件多久，然后收原油，巴有了石油了，就能拿石油向东大换歼35了[doge]",2025-06-18 11:19:00,0,2
BV1ahNvzmEoz,2025-06-17 10:00:00,-1362043647,-1361547551,28802858,我们的star1998,67,回复 @type30 :计划通啊[doge],2025-06-18 11:25:00,0,0
BV1ahNvzmEoz,2025-06-17 10:00:00,-1362043647,-302526496,495142323,PinkiesPromise,15,回复 @type30 :伊朗能自己造导弹,2025-06-18 11:27:00,0,1
BV1ahNvzmEoz,2025-06-17 10:00:00,-302526496,-1358048911,1806630293,type30,41,回复 @PinkiesPromise :打仗关键时刻弹药多多益善,2025-06-18 12:02:00,0,0
BV1ahNvzmEoz,2025-06-17 10:00:00,-302526496,-287915184,99271729,NIFE夜永夕,1534,回复 @PinkiesPromise : 能造，和能多快地造，是两个问题。一年造一枚也是能造，一年造一千枚也是能造。售卖零件本质上就是他国出售一部分军工流水线给他。,2025-06-18 14:04:00,0,0
BV1ahNvzmEoz,2025-06-17 10:00:00,-1362043647,-1360714335,131506952,喷气推进式火锅,16,回复 @type30 :巴基斯坦是逊尼派，跟沙特阿拉伯的关系好，靠给沙特当保镖赚钱养军队，怎么可能帮什叶派的伊朗。,2025-06-18 11:34:00,0,1
BV1ahNvzmEoz,2025-06-17 10:00:00,-1360714335,-1359717743,1806630293,type30,41,回复 @喷气推进式火锅 :面对犹太，逊尼派和什叶派也能联合起来，二战美苏不同政治信仰都能联合，现在同一个宗教不同派别还不能联合？,2025-06-18 11:44:00,0,0
BV1ahNvzmEoz,2025-06-17 10:00:00,-1360714335,-300727280,24873442,龙啸远,67,回复 @喷气推进式火锅 :整个伊斯兰世界的敌人在眼前，世纪大和解忘了？,2025-06-18 11:46:00,0,1
BV1ahNvzmEoz,2025-06-17 10:00:00,-1363727311,-302699680,3546827429251307,天府事変,3,肯定的,2025-06-18 11:26:00,0,1
BV1ahNvzmEoz,2025-06-17 10:00:00,-1363727311,-1359447343,90646793,呵呵君12389,5,起码明面上昨天巴基斯坦官方声援伊朗表明态度了[doge]接下来会不会偷偷援助不好说，毕竟以色列是所有伊斯兰教的最主要敌人,2025-06-18 11:47:00,0,0
BV1ahNvzmEoz,2025-06-17 10:00:00,-1363727311,-299884672,152260231,暗黑打击,133,"伊朗目前也不用谁给他输血，
嘴又硬又臭。",2025-06-18 11:55:00,0,0
BV1ahNvzmEoz,2025-06-17 10:00:00,-299884672,-287647536,99271729,NIFE夜永夕,1534,回复 @暗黑打击 : 是这样，伊朗就属于怂硬二象性，其实中东阿拉伯国家们都是这样，但凡能团结团结，或者能有点骨气，就算有美国推波助澜，也不至于被按着头打了这么多年。,2025-06-18 14:06:00,0,0
