﻿视频BV号,视频发布日期,上级评论ID,评论ID,用户ID,用户名,用户粉丝数,评论内容,评论时间,回复数,点赞数
BV1ajMmz4Egg,2025-06-14 09:54:00,0,-1721698207,491449162,战鼓响如雷,419,"不坚持社会主义，不改革开放，不发展经济，不改善人民生活，只能是死路一条。
[笑哭][笑哭][笑哭]",2025-06-14 14:47:00,11,12
BV1ajMmz4Egg,2025-06-14 09:54:00,-1721698207,-1705716815,441448771,你是九漏鱼吧,24,每个国家国情不一样，抄作业那么好抄，那地球上都是强国了,2025-06-14 18:17:00,0,11
BV1ajMmz4Egg,2025-06-14 09:54:00,-1705716815,-648876928,360624738,hfy1235,0,回复 @你是九漏鱼吧 :但是清除内鬼是所有政权都要做的事，伊朗太抽象了[笑哭],2025-06-14 22:12:00,0,4
BV1ajMmz4Egg,2025-06-14 09:54:00,-648876928,-1682630511,4794169,脚多马岱,47,回复 @hfy1235 :因为客观来说    伊朗的上限就是地区强国   而不是兔子和苏联那种具备争霸能力的一极     所以伊朗可以投降当狗     内鬼是搞不完的    只要有对外贸易的需求,2025-06-15 03:25:00,0,1
BV1ajMmz4Egg,2025-06-14 09:54:00,-1721698207,-1705385007,34421082,凉风轻语丶,41,你以为我们能做到的，其他国家都能做到呢，没有一蹴而就的事,2025-06-14 18:26:00,0,6
BV1ajMmz4Egg,2025-06-14 09:54:00,-1721698207,-1703529119,41851364,丰川祥子゛,1163,说的容易，要不是我们抓住了机会还有隐忍也不会有今天,2025-06-14 19:21:00,0,6
BV1ajMmz4Egg,2025-06-14 09:54:00,-1721698207,-1700115327,3546750210017587,无醉有梨,883,你说的这几条是自相矛盾的，,2025-06-14 22:18:00,0,1
BV1ajMmz4Egg,2025-06-14 09:54:00,-1700115327,-1683456703,624920555,维维又娜娜,25,回复 @无醉有梨 :哪里有矛盾？,2025-06-15 03:15:00,0,0
BV1ajMmz4Egg,2025-06-14 09:54:00,-1683456703,-1681407471,3546750210017587,无醉有梨,883,回复 @维维又娜娜 :如果你不懂，我说了你也不会懂，更何况这里不让说，自己去学习吧,2025-06-15 03:37:00,0,0
BV1ajMmz4Egg,2025-06-14 09:54:00,-1681407471,-1680146175,297689262,喵喵のFantasy,9,回复 @无醉有梨 : 知道你想说什么，我的评价是身在福中不知福,2025-06-15 03:51:00,0,0
BV1ajMmz4Egg,2025-06-14 09:54:00,-1680146175,-1679088847,3546750210017587,无醉有梨,883,回复 @喵喵のFantasy :我的评价是无知，自己被奴役还觉得挺美。,2025-06-15 04:01:00,0,0
BV1ajMmz4Egg,2025-06-14 09:54:00,-1721698207,-1697222655,604217451,逸少-123,6,你只看到面子，里子是实事求是,2025-06-14 23:57:00,0,3
