﻿视频BV号,视频发布日期,上级评论ID,评论ID,用户ID,用户名,用户粉丝数,评论内容,评论时间,回复数,点赞数
BV1ahNvzmEoz,2025-06-17 10:00:00,0,-363287872,99457812,acayyy,69,伊朗现在道义一边，所有的反击都是合法的，就看自己争不争气了，如果真打出效果，大哥也不是不可以帮一下,2025-06-17 18:09:00,12,49
BV1ahNvzmEoz,2025-06-17 10:00:00,-363287872,-360064896,1208480542,追寻点点,8,不可能，导弹经不起这么消耗的。没有哈马斯和珍珠的策应，这种打击不可持续。,2025-06-17 20:16:00,0,0
BV1ahNvzmEoz,2025-06-17 10:00:00,-360064896,-1418925087,84846871,神子丰川祥,8,回复 @追寻点点 :伊朗一万多枚导弹,2025-06-17 20:30:00,0,4
BV1ahNvzmEoz,2025-06-17 10:00:00,-360064896,-359748160,22944336,swuzcx,5,回复 @追寻点点 :你可能忽略了，防空导弹更经不起这样的消耗,2025-06-17 20:31:00,0,12
BV1ahNvzmEoz,2025-06-17 10:00:00,-360064896,-1418704399,1273405286,蕉界地苍蓝星,73,回复 @追寻点点 :导弹只能拿导弹去拦截，以色列导弹的造价更贵，更少，只要伊朗一直射，以色列耗不起,2025-06-17 20:49:00,0,8
BV1ahNvzmEoz,2025-06-17 10:00:00,-360064896,-1417750927,3461581042092477,梓墨宝爸,26,回复 @追寻点点 :伊朗在地球村，算是一个钢铁大国。伊朗有丰富的铁矿储量，伊朗在全世界国家里，都算的上是有一定工业能力的大国。真要是横下心来，他的自愈和持久力恐怕不比以色列加美国弱。真打下去真能把美国彻底拖废。这也是美国一直首鼠两端的原因吧,2025-06-17 21:57:00,0,3
BV1ahNvzmEoz,2025-06-17 10:00:00,-1417750927,-1417660671,53278352,海洋的绿宝石,35,回复 @梓墨宝爸 :还有一个重点，有其他国家的支持输血,2025-06-17 22:12:00,0,1
BV1ahNvzmEoz,2025-06-17 10:00:00,-360064896,121502432,439096923,十一月の白藏,22,回复 @追寻点点 :你猜猜背后有谁给伊朗导弹？,2025-06-22 15:42:00,0,0
BV1ahNvzmEoz,2025-06-17 10:00:00,-363287872,-1417209071,2633896,A了个6,216,谁是大哥 朗子认吗,2025-06-17 22:21:00,0,0
BV1ahNvzmEoz,2025-06-17 10:00:00,-1417209071,-1417287567,53278352,海洋的绿宝石,35,回复 @A了个6 :朗子的大哥是毛子,2025-06-17 22:25:00,0,0
BV1ahNvzmEoz,2025-06-17 10:00:00,-1417287567,-1417269567,2633896,A了个6,216,回复 @海洋的绿宝石 :那不得不认了,2025-06-17 22:29:00,0,0
BV1ahNvzmEoz,2025-06-17 10:00:00,-1417269567,-1389432399,53278352,海洋的绿宝石,35,回复 @A了个6 :唇亡齿寒，毛子不支持才是蠢呢,2025-06-18 05:35:00,0,0
BV1ahNvzmEoz,2025-06-17 10:00:00,-1417209071,-953283855,423837888,暴躁嗷大猫,12,回复 @A了个6 :谁是大哥，巴基斯坦怎么说，巴基斯坦参战的话你懂的,2025-06-22 14:29:00,0,0
