﻿视频BV号,视频发布日期,上级评论ID,评论ID,用户ID,用户名,用户粉丝数,评论内容,评论时间,回复数,点赞数
BV1AMNxzrEbo,2025-06-19 06:37:00,0,-1196476991,55071468,偷你菜,5,这真的是德国人说的吗？？？,2025-06-20 08:03:00,10,15
BV1AMNxzrEbo,2025-06-19 06:37:00,-1196476991,-1190862367,448567192,这tomato是我推,24,严格来说是德国政府…欧洲的厌犹情绪一直存在只不过谁都不好明面上做什么，以及他们也并不在乎伊朗，反正所有行为都是为了自己的脸面和利益罢了，没什么好说的[藏狐],2025-06-20 09:17:00,0,7
BV1AMNxzrEbo,2025-06-19 06:37:00,-1196476991,-128343968,358116803,Charonstarbaby,17,包的啊,2025-06-20 09:20:00,0,0
BV1AMNxzrEbo,2025-06-19 06:37:00,-1196476991,-127178096,627032606,十八岁少年十一点熄灯,31,没有原文，不予置评,2025-06-20 09:33:00,0,2
BV1AMNxzrEbo,2025-06-19 06:37:00,-1196476991,-123033520,403543620,calmrabbit,16,我以为是反讽  但是新闻说德国送武器给以色列  应该是心里话,2025-06-20 10:15:00,0,1
BV1AMNxzrEbo,2025-06-19 06:37:00,-1196476991,-1172759935,543475652,年幽幽定律-965,22,装不装，干就是了，只有疼了大家才坐下来谈一谈。,2025-06-20 12:22:00,0,1
BV1AMNxzrEbo,2025-06-19 06:37:00,-1196476991,-1170383583,158640597,不动游螃蟹蟹,5,是的，但是说的是事实，摧毁核设施利好所有人,2025-06-20 12:45:00,0,1
BV1AMNxzrEbo,2025-06-19 06:37:00,-1170383583,-804348543,10478597,百目鬼谣,12,回复 @不动游螃蟹蟹 : 所以能不能让以色列弃核,2025-06-24 06:54:00,0,0
BV1AMNxzrEbo,2025-06-19 06:37:00,-804348543,-802148671,158640597,不动游螃蟹蟹,5,回复 @百目鬼谣 :怎么，以色列核讹诈过伊朗和哈马斯？,2025-06-24 07:28:00,0,0
BV1AMNxzrEbo,2025-06-19 06:37:00,-1196476991,-1165183663,1010100689,kono皮卡丘,12,德国军援刚送到以色列,2025-06-20 13:36:00,0,0
BV1AMNxzrEbo,2025-06-19 06:37:00,-1196476991,-1161872927,92257297,momo生产基地,111,总理默茨,2025-06-20 14:07:00,0,0
