﻿视频BV号,视频发布日期,上级评论ID,评论ID,用户ID,用户名,用户粉丝数,评论内容,评论时间,回复数,点赞数
BV1AMNxzrEbo,2025-06-19 06:37:00,0,-1267224623,732795,山海,94,这种事，应该是那种做得说不得的吧[吃瓜],2025-06-19 11:58:00,6,42
BV1AMNxzrEbo,2025-06-19 06:37:00,-1267224623,-194542544,454389416,MoonRiverOTK,16,对人来说是的，对触生呢？,2025-06-19 14:14:00,0,25
BV1AMNxzrEbo,2025-06-19 06:37:00,-1267224623,-1254233903,326808491,梦魇之角,2,人家都做了，你跟我说这个做得说不得？[笑哭][笑哭],2025-06-19 14:22:00,0,4
BV1AMNxzrEbo,2025-06-19 06:37:00,-1254233903,-166029088,528610,咸鱼王Qoo,13,回复 @梦魇之角 :上不了台面的事情就是这样，说出来对大家都不好,2025-06-20 01:03:00,0,2
BV1AMNxzrEbo,2025-06-19 06:37:00,-1267224623,-166562464,10083103,橘猫制造者,1,"已经是强弩之末了，没时间掩盖事实。
欧洲这帮子墙头草已经和阿三一样，没有未来",2025-06-20 00:55:00,0,5
BV1AMNxzrEbo,2025-06-19 06:37:00,-1267224623,-158931168,168220838,简体猫,22,欧洲那帮除了能说，现在还能干嘛？英法德常规军力还不如南欧意大利，希腊。也就只能叫两声了,2025-06-20 02:52:00,0,4
BV1AMNxzrEbo,2025-06-19 06:37:00,-1267224623,-1204951055,1977229261,抬头采光,33,"不要把中国的历史价值观文化直接套在西方各国身上
不一样 真不一样[大笑]",2025-06-20 05:57:00,0,3
