﻿视频BV号,视频发布日期,上级评论ID,评论ID,用户ID,用户名,用户粉丝数,评论内容,评论时间,回复数,点赞数
BV1AAK8zsEvP,2025-06-23 10:22:00,0,187438352,102318007,这个名字真牛啊,160,有没有往中国逃的，可不可以拒收,2025-06-23 10:28:00,9,20
BV1AAK8zsEvP,2025-06-23 10:22:00,187438352,-880100271,27748182,卑鄙无耻赵志敬,63,不可能过来的，一般都是欧洲去,2025-06-23 10:45:00,0,1
BV1AAK8zsEvP,2025-06-23 10:22:00,-880100271,191129904,102318007,这个名字真牛啊,160,回复 @卑鄙无耻赵志敬 :我就怕来了咱们太包容[吃瓜]，去欧洲看看他们能碰出什么火花,2025-06-23 11:05:00,0,6
BV1AAK8zsEvP,2025-06-23 10:22:00,187438352,-879705311,3461578733127696,bili_56030631747,5,我好奇问下，我们对小霸王有没有144小时免签[doge_金箍][笑哭][打call],2025-06-23 10:50:00,0,0
BV1AAK8zsEvP,2025-06-23 10:22:00,-879705311,191077792,102318007,这个名字真牛啊,160,回复 @bili_56030631747 :我查了一下没有[呲牙],2025-06-23 11:04:00,0,5
BV1AAK8zsEvP,2025-06-23 10:22:00,191077792,-863503103,408069698,宅宅宅的doggy,3,回复 @这个名字真牛啊 :赞[星星眼],2025-06-23 13:39:00,0,1
BV1AAK8zsEvP,2025-06-23 10:22:00,187438352,-843024655,38030888,hiuhiu游,34,我们国家不接受难民的[doge],2025-06-23 17:56:00,0,2
BV1AAK8zsEvP,2025-06-23 10:22:00,-843024655,233863360,1286005524,此生一别丨再无来世,140,回复 @hiuhiu游 :别瞎说！那是人形寄生生物！！得万分小心！别一不小心被寄生咯！,2025-06-23 22:54:00,0,4
BV1AAK8zsEvP,2025-06-23 10:22:00,187438352,252200032,500041641,真理正在建造,2,什么人道主义，跟朱元璋和成吉思汗说去吧,2025-06-24 04:03:00,0,0
BV1AAK8zsEvP,2025-06-23 10:22:00,187438352,-545462703,345222562,灵魂在尬舞,29,赶紧学英语，好努力嘲讽,2025-06-27 02:25:00,0,0
