﻿视频BV号,视频发布日期,上级评论ID,评论ID,用户ID,用户名,用户粉丝数,评论内容,评论时间,回复数,点赞数
BV1ahNvzmEoz,2025-06-17 10:00:00,0,-1364869423,354133080,几萧尽,55,不是很懂国际局势这一块 向各位请教一下：印象里伊朗还是挺厉害的呀 为啥连以色列都干不过 被逼到如此境地？（期待大佬详细解答 谢谢）[脸红][给心心],2025-06-18 10:49:00,10,5
BV1ahNvzmEoz,2025-06-17 10:00:00,-1364869423,-1364809119,3546713212062051,泽川零,33,因为以色列有个好大儿美利坚,2025-06-18 10:50:00,0,2
BV1ahNvzmEoz,2025-06-17 10:00:00,-1364869423,-305805600,587532533,b站不卖车,29,以色列背后是美国,2025-06-18 10:52:00,0,3
BV1ahNvzmEoz,2025-06-17 10:00:00,-1364869423,-1364256863,188776680,落风眠,2,被制裁经济不景气，买不了什么好东西，跟以色列相距太远，中间国家不站它那一边，火力投送困难。内部不团结,2025-06-18 10:56:00,0,2
BV1ahNvzmEoz,2025-06-17 10:00:00,-1364869423,-305301168,19433818,Hydra1297,30,你是不错，但是对方是疯狗啊,2025-06-18 10:57:00,0,0
BV1ahNvzmEoz,2025-06-17 10:00:00,-1364869423,-305300016,1502113306,卡哇伊的昆昆酱awa,696,只是架子大，虽然从纸面上来讲确实比以色列厉害，但是以色列国内铁板一块。相当于想咋干就能落到实处。但是伊朗自己国内的宗教派系把控政权以后会左右互搏，以至于行政效率极其低下     再加上他们国内各种宗教以及其他的文化之类的原因散成一堆 相当于以色列想咋打就能咋打，团结不起来，真想了解可以看一看其他博主专业的讲伊朗国内政治斗争的视频( ゜- ゜)つロ,2025-06-18 10:57:00,0,11
BV1ahNvzmEoz,2025-06-17 10:00:00,-305300016,-1362923775,600660179,bili_600660179,65,"回复 @卡哇伊的昆昆酱awa :以色列也是 这样 
不过以色列 掌权的是世俗派",2025-06-18 11:09:00,0,1
BV1ahNvzmEoz,2025-06-17 10:00:00,-1362923775,-289386608,1502113306,卡哇伊的昆昆酱awa,696,回复 @bili_600660179 :以色列的内部斗争不成气候的  内塔的独裁太铁腕了  包括网上能看到传统犹太人的反以宣传什么也是被压下去了  这俩国家甚至是以色列和周边阿拉伯国家的差距就在这  不是没有好武器装备没士兵但是就是内部问题打不过,2025-06-18 13:49:00,0,0
BV1ahNvzmEoz,2025-06-17 10:00:00,-1364869423,-285875360,99271729,NIFE夜永夕,1534,我觉得核心当然是美国的支持，没有美国支持，阿拉伯国家再内耗，毕竟体量差距在那里摆着，一人一口唾沫也能给以色列淹了。现在美国更是铁了心的支持以色列，因为美国其实对欧亚的掌控力，从冷战初到现在，安插的军事基地和实际控制的代理国家越来越少，欧洲早不想当美国的狗了，以色列要是没了，美国对中东和中亚的控制力要大打折扣，这也是为啥美国现在骑虎难下，再逆行再亏钱也要给以色列当儿子。,2025-06-18 14:25:00,0,1
BV1ahNvzmEoz,2025-06-17 10:00:00,-1364869423,12842528,1868597840,leikfyn,2,伊朗内部问题很大，但不代表他打不了，拥有完整的军工体系，能做到自产自销，YSL没有战略纵深怎么赢，靠美国输血也解决不了地面拦截的事实,2025-06-21 15:09:00,0,0
BV1ahNvzmEoz,2025-06-17 10:00:00,12842528,-1003784271,399484682,小塘村脑科朱主任,12,回复 @leikfyn :赢了！噫，我赢了！,2025-06-22 05:23:00,0,0
