﻿视频BV号,视频发布日期,上级评论ID,评论ID,用户ID,用户名,用户粉丝数,评论内容,评论时间,回复数,点赞数
BV1ajMmz4Egg,2025-06-14 09:54:00,0,-661712192,76500520,皮皮猪猪球球,32,旗手这一块是什么梗啊[哦呼],2025-06-14 16:23:00,9,17
BV1ajMmz4Egg,2025-06-14 09:54:00,-661712192,-659712640,481824710,甜尝酒变,7,血腥黑旗表示不死不休，誓死报复，还有红旗，结果他光升旗，不敢真动手。。。就像电影里的，你再打我要还手了。我真的要还手了，我真的真的要还手了。。。你懂得,2025-06-14 16:49:00,0,45
BV1ajMmz4Egg,2025-06-14 09:54:00,-661712192,-1709118015,450447390,大綦爷爷子,13,勿谓言之不预也[doge],2025-06-14 17:14:00,0,5
BV1ajMmz4Egg,2025-06-14 09:54:00,-1709118015,-1702350207,21150052,午夜不听苦情歌,92,回复 @大綦爷爷子 :啊这,2025-06-14 20:09:00,0,1
BV1ajMmz4Egg,2025-06-14 09:54:00,-1709118015,-1698624319,396599272,追赶时间Star,108,回复 @大綦爷爷子 :但是新华社发勿谓言之不预的都物理挨打或者被制裁了，朗子除了升旗就没对等动静了,2025-06-14 23:19:00,0,3
BV1ajMmz4Egg,2025-06-14 09:54:00,-661712192,-653416928,454477100,折单紫蝶,66,伊朗一有什么大事就升小旗，但是只升旗不干事，还升各种颜色的旗子，非常幽默。例如我给你一巴掌，你升了一条黑旗向我示威表示要报复，然后我再给你一巴掌，你第一时间不是向我复仇，而是默默升起了第二面黑旗[嗑瓜子],2025-06-14 18:49:00,0,36
BV1ajMmz4Egg,2025-06-14 09:54:00,-653416928,-651533968,3577732,潘德公爵,6,回复 @折单紫蝶 : 大部分都还手了 发射一两百个串天猴? 基本上就是炸炸 没人的公路 和一些居民楼? 伊朗还手没出过什么战绩? 最多炸两艘F35,2025-06-14 19:46:00,0,11
BV1ajMmz4Egg,2025-06-14 09:54:00,-653416928,-647771600,241737134,欧罗巴天纵奇才,6,回复 @折单紫蝶 :怎么和印度一样，也是某一种赢学？,2025-06-14 23:01:00,0,0
BV1ajMmz4Egg,2025-06-14 09:54:00,-661712192,-643115472,44147839,求索寻路,3,旗手的起源可能快五十年了吧,2025-06-15 00:49:00,0,0
BV1ajMmz4Egg,2025-06-14 09:54:00,-661712192,-584352736,5090736,ロ球收集大师,4,有人说日常是绿旗，哀悼是黑旗，红旗是复仇，伊朗升红旗以后都开展报复了,2025-06-15 11:50:00,0,1
