﻿视频BV号,视频发布日期,上级评论ID,评论ID,用户ID,用户名,用户粉丝数,评论内容,评论时间,回复数,点赞数
BV1ahKuzyERV,2025-06-24 04:48:00,0,-810664623,455444386,魔法少女于予玉,48,以色列终于承认三位数以上的伤亡了[笑哭]真的难得,2025-06-24 05:27:00,10,218
BV1ahKuzyERV,2025-06-24 04:48:00,-810664623,-808380479,4476265,DrShirley,131,要是是最后那次打击的话，我看的报道是死亡三人受伤六人.,2025-06-24 05:57:00,0,10
BV1ahKuzyERV,2025-06-24 04:48:00,-810664623,-807225039,1445613451,叶宝宝就是我啦,0,停火必须把之前报少数额的给补上[笑哭],2025-06-24 06:13:00,0,23
BV1ahKuzyERV,2025-06-24 04:48:00,-807225039,279227568,246623937,GFXZL,27,回复 @叶宝宝就是我啦 :参数修正[嗑瓜子],2025-06-24 09:36:00,0,0
BV1ahKuzyERV,2025-06-24 04:48:00,-807225039,-775328335,115647876,萍水相逢归去来兮,15,回复 @叶宝宝就是我啦 : 停不了? 伊朗嘴上说了停火? 导弹继续打 以色列怎么可能停火? 接着炸呗,2025-06-24 12:39:00,0,0
BV1ahKuzyERV,2025-06-24 04:48:00,-810664623,265270128,516511435,小天师-卜卜,51,放号了[doge],2025-06-24 06:28:00,0,3
BV1ahKuzyERV,2025-06-24 04:48:00,-810664623,-793475743,77379252,后天星期三,19,再不补的话万一停火了被查出来难道说是自己杀的？,2025-06-24 09:25:00,0,8
BV1ahKuzyERV,2025-06-24 04:48:00,-810664623,-791580863,115647876,萍水相逢归去来兮,15,以色列死伤的都是平民? 如果以军跟伊朗这种方式去攻击伊朗平民? ?伊朗早就死伤十几万几十万了? 炸弹比导弹威力大的多得多,2025-06-24 09:47:00,0,1
BV1ahKuzyERV,2025-06-24 04:48:00,-791580863,283257456,270449100,up兄弟,14,回复 @萍水相逢归去来兮 :为什么以色列不炸？,2025-06-24 10:18:00,0,1
BV1ahKuzyERV,2025-06-24 04:48:00,283257456,283744464,453549609,花花公子小张,61,回复 @up兄弟 :炸了扣性欲积分，没法打巅峰赛,2025-06-24 10:23:00,0,1
BV1ahKuzyERV,2025-06-24 04:48:00,-810664623,284261568,612885319,阿卡姆常驻演说家,2076,平民三位数说实话不算啥，谁在乎平民，伊朗的11个核科学家被暗杀如果是真的，恐怕损失更大[笑哭],2025-06-24 10:29:00,0,0
