﻿视频BV号,视频发布日期,上级评论ID,评论ID,用户ID,用户名,用户粉丝数,评论内容,评论时间,回复数,点赞数
BV1ahNvzmEoz,2025-06-17 10:00:00,0,-404779696,124835,夜半抡起玉冰烧,11,的确如果当时配合阿克萨洪水行动的话，说不定那块应许之地早没了,2025-06-17 10:15:00,8,64
BV1ahNvzmEoz,2025-06-17 10:00:00,-404779696,-403932752,22458204,已过中二,82,不可能，当时执政的是老拜登，他不是特朗普，中东那块他可不会玩战略收缩的,2025-06-17 10:23:00,0,16
BV1ahNvzmEoz,2025-06-17 10:00:00,-403932752,-397656144,3546914859518319,季红纱,0,回复 @已过中二 :恰恰相反，拜登无论是布局还是个人资产还是阵容资产都在欧洲，中东他是不想管的。特朗普以及共和党刚好相反,2025-06-17 11:28:00,0,18
BV1ahNvzmEoz,2025-06-17 10:00:00,-403932752,-395233088,73280849,乱世的百姓,29,回复 @已过中二 : 那时候不是拜登想不想收缩，而是俄乌和以伊两边开打导致战争援助消耗过快必须放弃一边以维持另一边[doge],2025-06-17 11:52:00,0,3
BV1ahNvzmEoz,2025-06-17 10:00:00,-403932752,-1413785647,41919881,多喝热水重启试试,2,回复 @已过中二 :不玩就延续阿富汗的败笔啊，战略收缩是两党共识否则老登完全可以临时通过个什么法案推翻懂王第一任期的决议,2025-06-18 00:07:00,0,0
BV1ahNvzmEoz,2025-06-17 10:00:00,-403932752,-1410798415,300642565,小弟黄辉冯,8,回复 @已过中二 :你说反了，老胡跟懂王是极右翼，老登是犹太白左,2025-06-18 01:06:00,0,0
BV1ahNvzmEoz,2025-06-17 10:00:00,-404779696,-1458375119,404175975,特拉维夫之夜,0,其实最可惜的时间是赎罪日战争，如果不是有神仙队友……,2025-06-17 11:03:00,0,15
BV1ahNvzmEoz,2025-06-17 10:00:00,-404779696,-396248544,697313820,独上高楼骑鲸客,13,还有后来要是全力保一下叙利亚，哎,2025-06-17 11:42:00,0,6
BV1ahNvzmEoz,2025-06-17 10:00:00,-404779696,-357565648,3546900150094005,罗大叔221,2,伊朗主要是蘑菇要搞定了，所以缩在后面发育，没想到以色列忍不住了，这次对伊朗26个蘑菇基地的轰炸是骑脸羞辱了,2025-06-17 22:36:00,0,1
