﻿视频BV号,视频发布日期,上级评论ID,评论ID,用户ID,用户名,用户粉丝数,评论内容,评论时间,回复数,点赞数
BV1ahNvzmEoz,2025-06-17 10:00:00,0,-337772256,212900726,行星风衣,209,搞笑的是之前听说伊朗还想亲美 [歪嘴],2025-06-18 04:13:00,8,6
BV1ahNvzmEoz,2025-06-17 10:00:00,-337772256,-1383512623,316086494,本人汉堡王蟹老板,28,伊朗两派，现总统这派是亲美得，炸死得都是强硬派[吃瓜],2025-06-18 06:57:00,0,5
BV1ahNvzmEoz,2025-06-17 10:00:00,-337772256,-1381347919,1456762183,睡醒而为,20,赶紧接受我的投降，否则我是不会停止开大[doge_金箍],2025-06-18 07:29:00,0,1
BV1ahNvzmEoz,2025-06-17 10:00:00,-337772256,-321412928,496640448,慕兰天色绮,82,就是总想亲美，才造成如今局面,2025-06-18 07:45:00,0,1
BV1ahNvzmEoz,2025-06-17 10:00:00,-337772256,-320645680,2021906126,Zhuo-_-lin,7,连中国都有一些亲美派了，谁家都有一些亲美派，只是看它们的影响力和权力大不大而已，毕竟都是从美国当年巅峰期走过来的，都被美国影响过[笑哭][笑哭],2025-06-18 07:55:00,0,1
BV1ahNvzmEoz,2025-06-17 10:00:00,-320645680,-1369480767,371121456,独立沉湖冥顽不化,40,回复 @Zhuo-_-lin :[大哭][大哭][大哭][大哭][大哭][大哭]中国居然有亲美派是不是要升旗了,2025-06-18 10:01:00,0,0
BV1ahNvzmEoz,2025-06-17 10:00:00,-1369480767,-1369271775,480744595,柠檬茶林,26,回复 @独立沉湖冥顽不化 :升旗不太可能，升人嘿嘿嘿,2025-06-18 10:05:00,0,0
BV1ahNvzmEoz,2025-06-17 10:00:00,-337772256,-1378787551,10644450,LTeng,30,以前普京不也亲美? 超级大国 其他强国有这想法很正常,2025-06-18 08:05:00,0,0
BV1ahNvzmEoz,2025-06-17 10:00:00,-337772256,-11219648,3493078300100845,不够白的黑猫,3,这不是被以色列抢了中东老美话事人的位置了吗[滑稽],2025-06-21 11:17:00,0,0
