﻿视频BV号,视频发布日期,上级评论ID,评论ID,用户ID,用户名,用户粉丝数,评论内容,评论时间,回复数,点赞数
BV1aANRzqE5d,2025-06-22 10:19:00,0,98793312,442882927,俺慕谷德曼,9,[再见],2025-06-22 11:55:00,12,333
BV1aANRzqE5d,2025-06-22 10:19:00,98793312,-965287327,1626496459,遥望北海,31,就算退1万步，1万步，1万步，10月27号之后挑着医院和平民炸是怎么回事？杀小孩是怎么回事？哪怕历史是在10月27号之后产生，以色列人也绝非正义，特拉维夫和耶路撒冷已经变成了索多玛和蛾摩拉，伯利恒早就不是那个能降下神子的圣城了,2025-06-22 12:28:00,0,21
BV1aANRzqE5d,2025-06-22 10:19:00,98793312,-965164447,1626496459,遥望北海,31,最起码来说，所有参与过种族灭绝的以色列人都该死,2025-06-22 12:29:00,0,12
BV1aANRzqE5d,2025-06-22 10:19:00,-965164447,-961089055,415154862,阿姆骡一ki马斯,15,回复 @遥望北海 :没错凡事都有好坏，但是坏的一定是坏的,2025-06-22 13:10:00,0,3
BV1aANRzqE5d,2025-06-22 10:19:00,98793312,107111744,540013117,笑着活下去z2438,49,写的好[支持]，有理有据，史据充分。,2025-06-22 13:19:00,0,1
BV1aANRzqE5d,2025-06-22 10:19:00,98793312,-959140703,286082759,ID以注销,46,流浪千年是有原因的,2025-06-22 13:30:00,0,2
BV1aANRzqE5d,2025-06-22 10:19:00,98793312,108363280,290028125,云与晴相伴,67,当年巴勒斯坦的善良！换来了子孙后代的炼狱般的生活,2025-06-22 13:31:00,0,5
BV1aANRzqE5d,2025-06-22 10:19:00,98793312,108260608,19986611,白石海,2,收藏,2025-06-22 13:32:00,0,0
BV1aANRzqE5d,2025-06-22 10:19:00,98793312,-958025743,288233161,槄草人,25,动态能发一下吗，评论区保存不了图片[难过],2025-06-22 13:42:00,0,0
BV1aANRzqE5d,2025-06-22 10:19:00,-958025743,-957757743,8680698,老肥铁锤z,38,回复 @槄草人 :你是谷歌版的？,2025-06-22 13:45:00,0,0
BV1aANRzqE5d,2025-06-22 10:19:00,98793312,111002304,94179920,唔知起咩名嘅先生,0,记得巴勒斯坦人的土地本来挺大的，但是几十来一步步被这帮cs蚕食,2025-06-22 13:57:00,0,0
BV1aANRzqE5d,2025-06-22 10:19:00,98793312,112754432,1423605515,若尘贤弟,43,给你点赞了，私聊把这个发给我，我要广而告之,2025-06-22 14:14:00,0,0
BV1aANRzqE5d,2025-06-22 10:19:00,98793312,-950754639,3546661513071066,GBAMARIA,3,這不得不能放過他們了,2025-06-22 14:54:00,0,0
