﻿视频BV号,视频发布日期,上级评论ID,评论ID,用户ID,用户名,用户粉丝数,评论内容,评论时间,回复数,点赞数
BV1AfKwzVEga,2025-06-20 09:48:00,0,-98178800,538340902,30coins,67,伊朗人都这么喜欢发AI图吗？??,2025-06-20 14:14:00,14,25
BV1AfKwzVEga,2025-06-20 09:48:00,-98178800,-1155817167,478565655,_夜狗子_,14,这估计是个神二代,2025-06-20 15:06:00,0,1
BV1AfKwzVEga,2025-06-20 09:48:00,-98178800,-1153547999,248642753,古月胡古月胡,11,央视军事有视频,2025-06-20 15:28:00,0,5
BV1AfKwzVEga,2025-06-20 09:48:00,-98178800,-1152804191,473467280,bilicooolzz,9,你的眼里只有AI图是吧,2025-06-20 15:37:00,0,5
BV1AfKwzVEga,2025-06-20 09:48:00,-1152804191,-88685904,538340902,30coins,67,回复 @bilicooolzz :你自己看14秒被炸烂的废墟旁边还一大堆民用轿车是吧？??,2025-06-20 15:45:00,0,4
BV1AfKwzVEga,2025-06-20 09:48:00,-88685904,-1151340799,93399872,广寒市首批居民,57,回复 @30coins :轿车不像AI，大楼像AI，哪有炸的平均的。,2025-06-20 15:54:00,0,2
BV1AfKwzVEga,2025-06-20 09:48:00,-1151340799,-87395712,538340902,30coins,67,回复 @广寒市首批居民 :路边有一个被炸烂半边的楼，你敢开车过去吗，不怕被压成肉饼？而且真炸成这样消防早就封锁现场了。,2025-06-20 16:00:00,0,0
BV1AfKwzVEga,2025-06-20 09:48:00,-87395712,-1150663279,93399872,广寒市首批居民,57,回复 @30coins :这倒是，这图一眼AI。。。我玩AI，一眼就能分辨,2025-06-20 16:01:00,0,1
BV1AfKwzVEga,2025-06-20 09:48:00,-88685904,-1037914639,473467280,bilicooolzz,9,回复 @30coins :根据现场人的语言描述，境外的联络员再通过AI制作视频在非封锁的互联网上发出来。。。我猜这大概是真相,2025-06-21 18:44:00,0,0
BV1AfKwzVEga,2025-06-20 09:48:00,-98178800,-88339968,374689625,刘威987,50,你想吃蘑菇了吗,2025-06-20 15:50:00,0,4
BV1AfKwzVEga,2025-06-20 09:48:00,-98178800,-75654816,7465615,青浦研究生,65,图是AI，但是楼是真的被炸了。,2025-06-20 19:34:00,0,1
BV1AfKwzVEga,2025-06-20 09:48:00,-98178800,-1092834959,415228466,窝窝加加,8,直接拉黑,2025-06-21 08:21:00,0,0
