﻿视频BV号,视频发布日期,上级评论ID,评论ID,用户ID,用户名,用户粉丝数,评论内容,评论时间,回复数,点赞数
BV1a7MSzYE8h,2025-06-14 14:49:00,0,-664929456,507397638,酷辣冷吃兔,4,伊朗也是没谁了，当年吹他大三角必不可少一员，我还以为多强呢[doge][doge],2025-06-14 15:45:00,7,32
BV1a7MSzYE8h,2025-06-14 14:49:00,-664929456,-1712238431,36025453,充气大魔王233,1129,还真不是伊朗不强，就伊朗的体量在中东他说第一谁敢称第二，关键这玩意他是个没把的，糯了吧唧的，伊朗再强遇到这样的主你有啥办法，他真下定决心说干以色列，伊朗的体量他能把以色列推下海，而真正困扰伊朗的是他们下不了这个决心,2025-06-14 16:29:00,0,23
BV1a7MSzYE8h,2025-06-14 14:49:00,-664929456,-1711860111,290548668,io没有闲鱼的梦想,16,战略层面分析是没问题的，他是政权主体是废物，国家体量和地缘战略的影响力也摆哪里，不用非此即彼。当年晚清那么垃圾，你能说明是我们这个民族不行？,2025-06-14 16:34:00,0,23
BV1a7MSzYE8h,2025-06-14 14:49:00,-664929456,-1710193503,384334885,中国有句老话,1,有得选择吗，埃及？阿尔及利亚？伊朗败了，就得看巴巴羊,2025-06-14 16:57:00,0,1
BV1a7MSzYE8h,2025-06-14 14:49:00,-664929456,-1710091183,1291183259,恰似吗,0,清末有谁认为战斗力差吗，差在了内部掣肘。,2025-06-14 16:59:00,0,13
BV1a7MSzYE8h,2025-06-14 14:49:00,-664929456,-651504896,3493133511821946,奸懒贪滑撅醒者,81,"大三角，本质是地缘政治。
而从地缘政治而言，波斯猫那个位置是重要的关键点。
只不过问题是，波斯猫的政权太拉垮！
这并不能否定，大三角的地缘政治有极大的参考价值。
仅仅是因为现在的它不能打。",2025-06-14 19:50:00,0,4
BV1a7MSzYE8h,2025-06-14 14:49:00,-664929456,-1699946591,26360157,雨中奔跑的影子,8,伊朗实力来说还是可以的，关键是思想不统一啊，内部被渗透完了[藏狐],2025-06-14 22:26:00,0,0
BV1a7MSzYE8h,2025-06-14 14:49:00,-664929456,-633656832,29701823,突然飘雪,390,[笑哭]七哥吗，被啪啪打脸了,2025-06-15 02:54:00,0,1
