﻿视频BV号,视频发布日期,上级评论ID,评论ID,用户ID,用户名,用户粉丝数,评论内容,评论时间,回复数,点赞数
BV1ahNvzmEoz,2025-06-17 10:00:00,0,-1419396751,90229389,连队冠军,195,看评论区有人说up分析比较合理公正。这不，一边倒的典型就来了[doge],2025-06-17 20:00:00,10,8
BV1ahNvzmEoz,2025-06-17 10:00:00,-1419396751,-359644736,250363917,我不褪色,761,@警随其后,2025-06-17 20:35:00,0,1
BV1ahNvzmEoz,2025-06-17 10:00:00,-1419396751,-1418024975,6842781,怪异杀手小忍,7,可以理解，比较靠美国吃饭的。衣食父母还是得尊重下[吃瓜],2025-06-17 21:30:00,0,2
BV1ahNvzmEoz,2025-06-17 10:00:00,-1419396751,-1417032207,381934377,原则与底线,46,@警随其后 我大哥问你话呢,2025-06-17 22:32:00,0,4
BV1ahNvzmEoz,2025-06-17 10:00:00,-1419396751,-357667264,421801120,Schloar,53,这种情况，这种ID千万不要举报给封了，大伙儿时不时的去给他说话唠嗑，口水喷一喷。最低也是一个让他双向奔赴。,2025-06-17 22:40:00,0,1
BV1ahNvzmEoz,2025-06-17 10:00:00,-1419396751,-357141728,543154519,湛蓝绘,0,加麻大人有什么好说的,2025-06-17 22:56:00,0,2
BV1ahNvzmEoz,2025-06-17 10:00:00,-1419396751,-356869632,349772022,柑橘味的梨子,10,@警随其后 大哥问你话呢,2025-06-17 23:08:00,0,0
BV1ahNvzmEoz,2025-06-17 10:00:00,-1419396751,-1405702719,278955950,随心_SX,13,这年头类人物种也能上网了？,2025-06-18 02:23:00,0,0
BV1ahNvzmEoz,2025-06-17 10:00:00,-1419396751,-340204320,21670216,炫佑-加州叔叔,9,确实，没有犯法的情况下，他想支持谁就支持谁，只要不是间谍、卖国贼，你只能道义上谴责,2025-06-18 03:46:00,0,1
BV1ahNvzmEoz,2025-06-17 10:00:00,-1419396751,-340117328,21670216,炫佑-加州叔叔,9,伊朗内部都一大堆亲美派亲西方呢,2025-06-18 03:47:00,0,1
