﻿视频BV号,视频发布日期,上级评论ID,评论ID,用户ID,用户名,用户粉丝数,评论内容,评论时间,回复数,点赞数
BV1ALNtzyEM8,2025-06-19 08:14:00,0,-60447888,2619517,悲灵笑骨,11,原来是按宗教区分的吗？没想到我们是叫儒教[笑哭],2025-06-21 02:15:00,26,21
BV1ALNtzyEM8,2025-06-19 08:14:00,-60447888,-1110567967,13403256,超维悟空,560,伊斯兰算一种文化。儒家也算，这玩意贯穿了中国历史三千年，很多思想都算儒家。,2025-06-21 04:51:00,0,27
BV1ALNtzyEM8,2025-06-19 08:14:00,-60447888,-29911808,289424932,小萘lxy,9,不是宗教吧，是文化影响之类的,2025-06-21 07:56:00,0,5
BV1ALNtzyEM8,2025-06-19 08:14:00,-60447888,-1092547983,3546842306448351,腊玥初壹,0,儒教不是宗教，它和伊斯兰教那些不一样，儒教应该与儒家思想同义，只是东亚这边受儒家思想文化影响更大，中东那边受伊斯兰教的信仰影响更大（好像是这样的叭[笑哭]）,2025-06-21 08:26:00,0,8
BV1ALNtzyEM8,2025-06-19 08:14:00,-60447888,-15782960,269422809,蕾咪莉亚斯咔雷特,15,中华文化圈,2025-06-21 10:31:00,0,2
BV1ALNtzyEM8,2025-06-19 08:14:00,-60447888,-1073854559,4121882,花京院典眀,7,也可以称为【文化圈】,2025-06-21 11:45:00,0,2
BV1ALNtzyEM8,2025-06-19 08:14:00,-60447888,5828320,282512439,临渊_听涛,83,就是文化。,2025-06-21 14:03:00,0,0
BV1ALNtzyEM8,2025-06-19 08:14:00,-60447888,5964432,282512439,临渊_听涛,83,世界很多战争与冲突都是宗教文化冲突。战争不过是他们冲突的最高级形式。,2025-06-21 14:04:00,0,0
BV1ALNtzyEM8,2025-06-19 08:14:00,-60447888,-1058916543,50662296,,34,不要小看三大教的圈子??,2025-06-21 14:13:00,0,0
BV1ALNtzyEM8,2025-06-19 08:14:00,-60447888,-1058769743,52246471,一二三一0212,9,儒家文化，其实从来没有从中华文化中脱离，打倒孔家店，但打倒的不是孔子，孔夫子的话是没错的，错的是那些拿着孔夫子的话当圣经使用的人。,2025-06-21 14:14:00,0,2
BV1ALNtzyEM8,2025-06-19 08:14:00,-1058769743,-1056617567,3546812732410586,星际黄油,11,回复 @一二三一0212 :儒家古代只是用来考试的，95%举人进士心里想的全是财色,2025-06-21 14:36:00,0,0
BV1ALNtzyEM8,2025-06-19 08:14:00,-1058769743,-1056526399,3546812732410586,星际黄油,11,回复 @一二三一0212 :东亚应该叫类孔子宗族势力教派,2025-06-21 14:36:00,0,0
BV1ALNtzyEM8,2025-06-19 08:14:00,-60447888,-1055640303,1177884156,心向情,13,不是按宗教分的，是按照文化分的，按照文化分其实中日朝韩都是同一个文化圈，我们干架都算是内战，所以很长一段时间都不怎么提抗日战争了因为要团结有共同文化认同的日韩,2025-06-21 14:45:00,0,1
BV1ALNtzyEM8,2025-06-19 08:14:00,-60447888,15818016,916130,丿momo哒哒,36,伊斯兰、基督、儒家、佛教,2025-06-21 15:39:00,0,0
BV1ALNtzyEM8,2025-06-19 08:14:00,-60447888,16834448,353285428,Lord大人214,32,是文化思想,2025-06-21 15:49:00,0,0
BV1ALNtzyEM8,2025-06-19 08:14:00,-60447888,-1043319087,480047477,白羊座的泰迪,13,按文化体系，东亚大部分都是儒家文化圈,2025-06-21 17:01:00,0,0
BV1ALNtzyEM8,2025-06-19 08:14:00,-60447888,27518192,372247130,庆幸我未曾变,74,想要消灭一个国家，其根本就是要消灭本国的文化，东西文化、意识形态不同，怎么可能不争,2025-06-21 18:21:00,0,1
BV1ALNtzyEM8,2025-06-19 08:14:00,-60447888,86295648,227745500,裤裤的滕oo,2,应该是按文化体系区分，宗教是他们文华传承的主体，而儒学是我们文化传承的主体,2025-06-22 09:46:00,0,0
BV1ALNtzyEM8,2025-06-19 08:14:00,-60447888,-953611983,332296068,疯狂电话哥,27,一般来说，对于普通美国人来说，日本人韩国人朝鲜人越南人泰国人新加坡人，他们都认为是中国人，这是跟他们从小的教育有关，这是美国对世界势力范围划分的缘故。,2025-06-22 14:26:00,0,0
BV1ALNtzyEM8,2025-06-19 08:14:00,-60447888,-949227951,528912984,故事的小花花,5,当然了。他们是基督教国家，一神制，神让你做什么都是对的。美国就是他们共同的神。 但我们不信这种文化的，我们讲的是王侯将相宁有种乎，所以我们永远不会服他们。 穆斯林和基督教都是一神论，但他们的神互相之间是有不共戴天的仇恨的，所以伊斯兰世界也永远不会服他们。,2025-06-22 15:10:00,0,0
BV1ALNtzyEM8,2025-06-19 08:14:00,-60447888,-939058959,206291655,薄云疏雨不成泥呀,34,文明的冲突,2025-06-22 17:16:00,0,0
BV1ALNtzyEM8,2025-06-19 08:14:00,-60447888,-932801343,3493144834345652,海蒂克拉拉,3,表面儒家 实则道家 死道友不死平道,2025-06-22 20:33:00,0,1
BV1ALNtzyEM8,2025-06-19 08:14:00,-932801343,-454427983,2056125374,EvansYang007,0,回复 @海蒂克拉拉 :道家和道教不是一回事,2025-06-27 23:32:00,0,0
BV1ALNtzyEM8,2025-06-19 08:14:00,-60447888,161597680,414839707,跳舞红舞鞋,10,儒道释三家合一,2025-06-23 04:59:00,0,1
BV1ALNtzyEM8,2025-06-19 08:14:00,-60447888,321754112,1104003020,过客路遥,16,看来你对宗教的了解还是太少了。,2025-06-24 17:17:00,0,0
BV1ALNtzyEM8,2025-06-19 08:14:00,-60447888,639723952,4927102,-是JOY呀-,5,不是按宗教是按思想影响划分的，我们就是受孔孟思想教育的，整个东亚都是，中国日本韩国其实都是受儒家文化教育的,2025-06-28 02:44:00,0,0
BV1ALNtzyEM8,2025-06-19 08:14:00,-60447888,641669424,1062953907,一缕清风拂尘丶,20,我们肯定是儒教，文化时间太长，你认不认都没关系，事实如此,2025-06-28 03:06:00,0,0
