﻿视频BV号,视频发布日期,上级评论ID,评论ID,用户ID,用户名,用户粉丝数,评论内容,评论时间,回复数,点赞数
BV1ApNazxEQE,2025-06-16 23:24:00,0,-1435993519,1329403171,爱情地铁,389,[抠鼻][抠鼻][抠鼻]，又是一位，战地记者！[doge][doge][doge]！（地图），（航线），非常，精确哦，但是，这一次，航线飞行，路线，太过，波折了哦.......。在，前方，报道的，祖国【中国】记者@【李健南】，同胞们！感谢，你们，的实时记录，与报道，最新，资讯与信息，也要多多，保护好自己哦，安全，报道新闻！平安，回家，回到，祖国，母亲的怀抱@【中国】！[胜利][胜利][胜利][奋斗][奋斗][奋斗]。这一位记者，名字，我是真听过了哦，刚刚，突然想起来的，是一名，常驻【伊朗】的记者哦，[响指][响指][响指],2025-06-17 14:57:00,8,1
BV1ApNazxEQE,2025-06-16 23:24:00,-1435993519,-368809536,37297044,最佳听众233,22,这人咋了,2025-06-17 16:33:00,0,2
BV1ApNazxEQE,2025-06-16 23:24:00,-1435993519,-363700656,1819054435,yyyuhg,1,发狂了？,2025-06-17 18:00:00,0,4
BV1ApNazxEQE,2025-06-16 23:24:00,-1435993519,-363616896,13866921,儒圣-孔丘,21,人机？,2025-06-17 18:03:00,0,2
BV1ApNazxEQE,2025-06-16 23:24:00,-1435993519,-1421633679,19792168,渡鸦kira,170,有病去治,2025-06-17 18:32:00,0,3
BV1ApNazxEQE,2025-06-16 23:24:00,-1435993519,-357311120,320199521,吃瓜群众gty,12954,人家怎么你了？,2025-06-17 22:48:00,0,0
BV1ApNazxEQE,2025-06-16 23:24:00,-1435993519,-355275040,398603437,游荡寰宇,1,吸了？,2025-06-17 23:50:00,0,0
BV1ApNazxEQE,2025-06-16 23:24:00,-1435993519,-350463232,416306327,腊月爸爸,8,得了神经病 就是精神[doge],2025-06-18 01:24:00,0,0
BV1ApNazxEQE,2025-06-16 23:24:00,-1435993519,-1405703599,189102951,追番小透明qwq,38,入机,2025-06-18 02:23:00,0,0
