﻿视频BV号,视频发布日期,上级评论ID,评论ID,用户ID,用户名,用户粉丝数,评论内容,评论时间,回复数,点赞数
BV1ajMmz4Egg,2025-06-14 09:54:00,0,-1708993087,14205686,挚爱的绯红之空,44,伊朗需要一个斯大林一样的人物才能挽救一下[笑哭],2025-06-14 17:16:00,6,5
BV1ajMmz4Egg,2025-06-14 09:54:00,-1708993087,-1686480783,272085066,啊五在广州,9,伟大的毛主席,2025-06-15 02:41:00,0,2
BV1ajMmz4Egg,2025-06-14 09:54:00,-1686480783,-1587498863,3494373092231387,阳光开朗的Tristan,5,回复 @啊五在广州 :革命？,2025-06-16 03:12:00,0,0
BV1ajMmz4Egg,2025-06-14 09:54:00,-1708993087,-598251712,431466505,捡到的鸡,3,中东那地方出谁都没用，身体上的枷锁你可以帮他们打开，宗教给他们的枷锁谁也打不开。,2025-06-15 09:24:00,0,2
BV1ajMmz4Egg,2025-06-14 09:54:00,-1708993087,-1629850159,549157099,璐凌吖,7,想啥呢，美俄都不希望他做强，怎么可能让你好起来,2025-06-15 13:13:00,0,2
BV1ajMmz4Egg,2025-06-14 09:54:00,-1708993087,-540561456,8816748,超凶关关喵,711,你让奥特曼来也没用啊，他们信小本本的,2025-06-16 01:10:00,0,1
BV1ajMmz4Egg,2025-06-14 09:54:00,-1708993087,-260794272,269322726,天苍苍苍苍,6,主打一个清洗干净吗[吃瓜],2025-06-19 00:14:00,0,0
