﻿视频BV号,视频发布日期,上级评论ID,评论ID,用户ID,用户名,用户粉丝数,评论内容,评论时间,回复数,点赞数
BV1aANRzqE5d,2025-06-22 10:19:00,0,-975458255,418232969,谁人扔的刀把,27,我觉得可以打一轮之后等那些救援的扎堆的时候赶紧再来一轮[doge],2025-06-22 10:44:00,7,22
BV1aANRzqE5d,2025-06-22 10:19:00,-975458255,-974400575,315839685,K慶一,8,你好会打,2025-06-22 10:54:00,0,0
BV1aANRzqE5d,2025-06-22 10:19:00,-975458255,-963144431,3546755851356352,一枚Common的学生,6,可惜以色列不做人不代表其他国家可以不做人（这也从一定程度上显示了以色列行为恶劣至极，完全突破了正常国家和国际关系的底线[藏狐]）,2025-06-22 12:50:00,0,10
BV1aANRzqE5d,2025-06-22 10:19:00,-963144431,137002544,85367939,新千年的绿叶,15,回复 @一枚Common的学生 :完全正确,2025-06-22 22:21:00,0,0
BV1aANRzqE5d,2025-06-22 10:19:00,-963144431,157170800,667804814,执着着如何取名,4,回复 @一枚Common的学生 :他都不做人了，也没必要把他当人,2025-06-23 04:16:00,0,2
BV1aANRzqE5d,2025-06-22 10:19:00,-975458255,-923966319,346205954,密弦月,41,这就是为杀人而杀人了,2025-06-23 01:23:00,0,0
BV1aANRzqE5d,2025-06-22 10:19:00,-923966319,157149536,667804814,执着着如何取名,4,回复 @密弦月 :犹太人不是人啊,2025-06-23 04:15:00,0,1
BV1aANRzqE5d,2025-06-22 10:19:00,-975458255,149610080,308553848,疯狂暴龙王兽,125,[笑哭],2025-06-23 02:47:00,0,0
