﻿视频BV号,视频发布日期,上级评论ID,评论ID,用户ID,用户名,用户粉丝数,评论内容,评论时间,回复数,点赞数
BV1ahNvzmEoz,2025-06-17 10:00:00,0,-1442910255,4077074,生不久睡丨死自长眠,14,能顺带打击下在加沙的以军的话，个人觉得会让以军更难受，毕竟以本土有防空设施，但加沙没有[doge_金箍],2025-06-17 13:47:00,8,132
BV1ahNvzmEoz,2025-06-17 10:00:00,-1442910255,-1431586095,1671545676,CL-119,1,6,2025-06-17 15:45:00,0,8
BV1ahNvzmEoz,2025-06-17 10:00:00,-1442910255,-1419402175,54042393,MK-壬生京四郎,149,以色列的本土防空设施等于没有，大量的导弹火箭飞过来拦都拦不住。就这次伊朗打了好几波，以色列拦住了多少。挨炸的地方都变成了加沙的样子。也就咱们没下场，不然高低让以色列见识一下什么叫范弗里特弹药量。,2025-06-17 20:00:00,0,31
BV1ahNvzmEoz,2025-06-17 10:00:00,-1419402175,-1377408415,99498463,第五十一个名字,5,回复 @MK-壬生京四郎 :昨说呢，射程300，偏差1700……上一点量的话，对伊以来说，这是个恐怖故事，想都不敢去想[无语],2025-06-18 08:24:00,0,1
BV1ahNvzmEoz,2025-06-17 10:00:00,-1442910255,-1400061535,525106295,芝麒,0,加沙怎么打，要能做到精准打击加沙以军而不打击哈马斯，这情报能力就不会让自己家被端了,2025-06-18 03:40:00,0,20
BV1ahNvzmEoz,2025-06-17 10:00:00,-1442910255,-1395630367,165818355,多一点耐心再多一点,40,打加沙再打也是巴勒斯坦的地盘，说难听点，损失人员装备算不上多大代价，打到他本土也一样损失人员，而且重点设施可比常规武器装备贵多了，更别说被炸了还得修，花钱不说还耽误事,2025-06-18 04:28:00,0,9
BV1ahNvzmEoz,2025-06-17 10:00:00,-1442910255,-1381746463,498137597,无关人士请勿对号入座,1,回合制继续,2025-06-18 07:22:00,0,0
BV1ahNvzmEoz,2025-06-17 10:00:00,-1442910255,-1379803519,331725188,隔壁吴老大爷,48,附议[支持],2025-06-18 07:49:00,0,1
BV1ahNvzmEoz,2025-06-17 10:00:00,-1442910255,-171632528,82639117,sephiroth567,93,万一误伤哈马斯了咋整[吃瓜],2025-06-19 22:54:00,0,1
