﻿视频BV号,视频发布日期,上级评论ID,评论ID,用户ID,用户名,用户粉丝数,评论内容,评论时间,回复数,点赞数
BV1ANKTzRESn,2025-06-20 16:32:00,0,-72360544,481856737,讀完了依赖,2,去以色列开个废品收购站指定能赚一笔[大笑],2025-06-20 22:25:00,7,15
BV1ANKTzRESn,2025-06-20 16:32:00,-72360544,-69003776,455379710,茱丽叶王婆毒杀祝英台,61,打菜刀转手一卖[支持],2025-06-21 00:04:00,0,8
BV1ANKTzRESn,2025-06-20 16:32:00,-69003776,-1122880079,8938853,星与彩虹之诗,40,回复 @茱丽叶王婆毒杀祝英台 :多年前金门岛和厦门卖菜刀的确实收米收麻了[汤圆],2025-06-21 02:38:00,0,0
BV1ANKTzRESn,2025-06-20 16:32:00,-72360544,-1132362015,394070588,祖传打门柱秘籍,1,去伊朗废铁不是更多[吃瓜],2025-06-21 00:14:00,0,0
BV1ANKTzRESn,2025-06-20 16:32:00,-1132362015,-58968976,247304840,铁流滚滚,6,回复 @祖传打门柱秘籍 :不如到伊朗倒卖激光陀螺等导弹零部件。,2025-06-21 02:35:00,0,0
BV1ANKTzRESn,2025-06-20 16:32:00,-72360544,-65499568,511355707,山中晋谷,18,一看就是小家子气思维，你直接弄点导弹什么的运过去不更赚钱吗？,2025-06-21 01:08:00,0,3
BV1ANKTzRESn,2025-06-20 16:32:00,-72360544,-1125000831,66764268,把酒问君安,119,瞧你说的去俄乌那边打扫战场收获更大[妙啊],2025-06-21 02:09:00,0,0
BV1ANKTzRESn,2025-06-20 16:32:00,-72360544,15471296,1323915508,家国里的守望者,14,能活着回来吗[笑哭],2025-06-21 15:35:00,0,0
