﻿视频BV号,视频发布日期,上级评论ID,评论ID,用户ID,用户名,用户粉丝数,评论内容,评论时间,回复数,点赞数
BV1ahNvzmEoz,2025-06-17 10:00:00,0,-1461130863,383127470,S瞳Ss,25,仍然是伊朗损失大一点，主要被打的高价值目标比以色列多，还被渗透暗杀得厉害，防空也不行[辣眼睛],2025-06-17 10:34:00,13,101
BV1ahNvzmEoz,2025-06-17 10:00:00,-1461130863,-1440460815,1130312757,不敢苟同啊,12,都到了生死存亡的时候了，还跟这算西瓜芝麻呢[星星眼]再说了以色列受损程度你了解还是怎么的,2025-06-17 14:12:00,0,18
BV1ahNvzmEoz,2025-06-17 10:00:00,-1461130863,-376873280,491373624,-我可能是鱼-,1,下定决心打持久战，伊朗还能打，加班加点生产导弹。但是领导人科学家都能被暗杀一锅[辣眼睛]司令部估计有不少高层是间谍,2025-06-17 15:00:00,0,23
BV1ahNvzmEoz,2025-06-17 10:00:00,-1461130863,-365552656,109668011,8848钛金坷拉,34,间谍太多了 还被打了先手 一开始反击力度也不强现在才开始还击肯定劣势,2025-06-17 17:22:00,0,27
BV1ahNvzmEoz,2025-06-17 10:00:00,-1461130863,-364530016,487186412,三七之心,121,先手肯定有优势啊[笑哭],2025-06-17 17:41:00,0,8
BV1ahNvzmEoz,2025-06-17 10:00:00,-1461130863,-359381120,10609946,全被用掉了,22,你猜内战早期我党损失大还是国民党损失大？二战早期德军损失大还是盟军损失大？历史上逆风翻盘的战争比比皆是。计较短时间的一城一地得失根没意义。,2025-06-17 20:53:00,0,33
BV1ahNvzmEoz,2025-06-17 10:00:00,-359381120,-1360115151,1130312757,不敢苟同啊,12,回复 @全被用掉了 :好见解[点赞],2025-06-18 11:39:00,0,0
BV1ahNvzmEoz,2025-06-17 10:00:00,-359381120,-294559712,1978000947,jiopen银,8,回复 @全被用掉了 :[支持],2025-06-18 12:54:00,0,0
BV1ahNvzmEoz,2025-06-17 10:00:00,-359381120,-276376896,10955416,长安酒意,2,回复 @全被用掉了 : 取得人民和国际社会的支持才能打持久反击，我看到很多伊朗人都是支持推翻独裁，内忧外患，你怎么估计的如此乐观？东大准备下场了？,2025-06-18 16:13:00,0,3
BV1ahNvzmEoz,2025-06-17 10:00:00,-359381120,-275975760,10955416,长安酒意,2,回复 @全被用掉了 : 真以为经济、导弹、民心，上下嘴皮子一碰就出来了？,2025-06-18 16:16:00,0,0
BV1ahNvzmEoz,2025-06-17 10:00:00,-1461130863,-353565120,452272647,东坪州风叔,5,被先手了，没办法,2025-06-18 00:26:00,0,0
BV1ahNvzmEoz,2025-06-17 10:00:00,-1461130863,-342014080,520605014,九九式蕾咪,0,以色列早就做好信息封锁的准备了，他到底损失怎么样根本就是不会发出来的。,2025-06-18 03:24:00,0,6
