﻿视频BV号,视频发布日期,上级评论ID,评论ID,用户ID,用户名,用户粉丝数,评论内容,评论时间,回复数,点赞数
BV1ahNvzmEoz,2025-06-17 10:00:00,0,-358611360,2064946,被遗忘的狐狸,5,这几天伊拉克看着天上飞来飞去的飞机无人机和导弹，还不得吓得小叽叽都缩了[doge],2025-06-17 21:47:00,9,11
BV1ahNvzmEoz,2025-06-17 10:00:00,-358611360,-357704112,421801120,Schloar,53,伊拉克????说不定要进行金防空洞的演习。,2025-06-17 22:36:00,0,0
BV1ahNvzmEoz,2025-06-17 10:00:00,-358611360,-349757280,692403113,bili_64429765950,0,别人国民比你见过战争世面,2025-06-18 01:34:00,0,10
BV1ahNvzmEoz,2025-06-17 10:00:00,-358611360,-344785136,2171125,性感DJ千小浪的阿姆,39,????：还能比美军火力猛？小场面慌个毛[doge],2025-06-18 02:46:00,0,10
BV1ahNvzmEoz,2025-06-17 10:00:00,-358611360,-1396579743,507875298,铁剑先生,56,想多了，伊拉克人还没见过爆炸呀，司空见惯浑闲事,2025-06-18 04:19:00,0,4
BV1ahNvzmEoz,2025-06-17 10:00:00,-358611360,-1379660639,78002969,冰峰调零,5,小场面，人家刚刚被虐过,2025-06-18 07:53:00,0,1
BV1ahNvzmEoz,2025-06-17 10:00:00,-358611360,-318461968,546856630,名字需要叫什么,15,当地人什么大风大浪没见过？就放个烟花而已又不是全面战争。小场面[笑哭],2025-06-18 08:28:00,0,2
BV1ahNvzmEoz,2025-06-17 10:00:00,-358611360,-1365803519,49620694,_正人君子曹查理,2,伊拉克：我什么场面没见过[doge],2025-06-18 10:40:00,0,1
BV1ahNvzmEoz,2025-06-17 10:00:00,-358611360,-302793936,432807324,维也纳之围,25,伊拉克:20年前巴格达比这还猛[doge],2025-06-18 11:25:00,0,0
BV1ahNvzmEoz,2025-06-17 10:00:00,-358611360,-250811984,1617608217,尺寸之间XIAO,42,那不至于伊拉克也喜欢干仗，估计都兴奋的不行,2025-06-19 02:55:00,0,0
