﻿视频BV号,视频发布日期,上级评论ID,评论ID,用户ID,用户名,用户粉丝数,评论内容,评论时间,回复数,点赞数
BV1ajMmz4Egg,2025-06-14 09:54:00,0,-1745419759,353572198,Your-Kodaliner,10,跟伊朗一比，乌克兰都可以算是精兵强将了,2025-06-14 10:51:00,6,45
BV1ajMmz4Egg,2025-06-14 09:54:00,-1745419759,-1740973759,65898476,进击的方块头,17,二毛也是毛，战斗意志（死心眼）还是很强的[藏狐],2025-06-14 11:35:00,0,9
BV1ajMmz4Egg,2025-06-14 09:54:00,-1745419759,-1740063839,1452481,真煤球王,62,好歹继承了苏联的武德的,2025-06-14 11:45:00,0,1
BV1ajMmz4Egg,2025-06-14 09:54:00,-1745419759,-1724360127,3546823994116296,bili_19981329797,0,乌克兰吊打欧盟,2025-06-14 14:21:00,0,3
BV1ajMmz4Egg,2025-06-14 09:54:00,-1745419759,-667185904,8955933,咖啡糖miso,32,有一说一，乌克兰能扛大毛三年，虽说是西方国家支援，但也确实牛批了,2025-06-14 15:23:00,0,1
BV1ajMmz4Egg,2025-06-14 09:54:00,-1745419759,-666931888,676381738,嘻嘻哈哈de小胖,65,二毛本来就是精兵强将，别被西方舆论骗了,2025-06-14 15:25:00,0,2
BV1ajMmz4Egg,2025-06-14 09:54:00,-1745419759,-665277824,2000521,山豆根史密夫,79,开玩笑，乌军是北约战斗力担当好吗？,2025-06-14 15:42:00,0,1
