﻿视频BV号,视频发布日期,上级评论ID,评论ID,用户ID,用户名,用户粉丝数,评论内容,评论时间,回复数,点赞数
BV1A9MvzkE7u,2025-06-16 02:53:00,0,-501795232,3546815649548322,杰出的小花猫,5,雇佣一个当地记者，然后翻译就行了嘛。太危险了呀，这,2025-06-16 09:57:00,9,15
BV1A9MvzkE7u,2025-06-16 02:53:00,-501795232,-501587872,3546910419847417,舒拔博士,0,报道都有政治倾向的,2025-06-16 10:00:00,0,28
BV1A9MvzkE7u,2025-06-16 02:53:00,-501795232,-487952144,551413605,逍遥尘迹,9,当地记者凭什么帮你客观报道啊[笑哭],2025-06-16 12:22:00,0,17
BV1A9MvzkE7u,2025-06-16 02:53:00,-501795232,-485322352,373454906,为啥取个名字辣莫难,20,"https://b23.tv/BV1Bb4y187oJ 
因为它是新华通讯社，是一个一路从战火中走来的新闻通讯社。“据新华社报道”不是冷冰冰的六个字，而是在现场、最真实的报道。
新华社建社90多年，牺牲了上百位战地记者。北京总社的英烈墙上，镌刻的最后一位英烈的名字，是1999年北约对南联盟大轰炸中牺牲在驻南联盟大使馆的邵云环大姐",2025-06-16 12:50:00,0,38
BV1A9MvzkE7u,2025-06-16 02:53:00,-501795232,-482770816,80416739,烧鸡翼我鈡意食,34,追求最真实的新闻，当地记者肯定有偏颇。,2025-06-16 13:16:00,0,10
BV1A9MvzkE7u,2025-06-16 02:53:00,-501795232,-474136528,396931844,蒙古上单波比,37,哥们 这是机会  回来就升职[吃瓜],2025-06-16 14:44:00,0,0
BV1A9MvzkE7u,2025-06-16 02:53:00,-501795232,-466402096,403367619,躺平的小韭菜一枚,34,要是演给你看，误导你，然后让你发到国际新闻上丢脸，你也愿意吗，肯定要自己人才能信任,2025-06-16 16:07:00,0,3
BV1A9MvzkE7u,2025-06-16 02:53:00,-501795232,-466100064,1341385024,游戏达人幻魔,160,那样拍出来的西方会说假新闻。大殖子更会嘲讽漫天飞。,2025-06-16 16:11:00,0,1
BV1A9MvzkE7u,2025-06-16 02:53:00,-501795232,106319296,3546912340838628,云上美凌格,4,回来晋升,2025-06-22 13:11:00,0,0
BV1A9MvzkE7u,2025-06-16 02:53:00,-501795232,189679680,476415204,身虽在,43,也有当地记者，在加沙的时候记者进不去，就是雇佣当地的人当记者。但是能自己单位的人去，还是最好自己单位的人去，这样才算第一手资料,2025-06-23 10:51:00,0,0
