﻿视频BV号,视频发布日期,上级评论ID,评论ID,用户ID,用户名,用户粉丝数,评论内容,评论时间,回复数,点赞数
BV1AfKwzVEga,2025-06-20 09:48:00,0,-1187310031,505801070,zyu16,4,伊朗人民支棱起来，自助者天助之,2025-06-20 09:56:00,14,184
BV1AfKwzVEga,2025-06-20 09:48:00,-1187310031,-123374176,3546886248074130,妈池tyy,1,支持伊朗全民派枪  共同保卫国家,2025-06-20 10:12:00,0,4
BV1AfKwzVEga,2025-06-20 09:48:00,-123374176,-1183812879,265928059,Sike_B,39,回复 @妈池tyy :这年头枪没什么用了，都是隔空丢导弹了，导弹炸了，无人机炸。陆军洗地。人家还不一定让你过。,2025-06-20 10:31:00,0,0
BV1AfKwzVEga,2025-06-20 09:48:00,-1183812879,-1180070959,431999655,想dangchu,60,回复 @Sike_B :不是枪没用，而是这俩国隔着千把公里呢！地面上应该没什么机会大打出手~基本就是空中互殴！,2025-06-20 11:07:00,0,0
BV1AfKwzVEga,2025-06-20 09:48:00,-1183812879,-50408480,1578039,@卡达球,622,回复 @Sike_B :那就莱阳钢管加煤气罐，化肥加白糖[doge],2025-06-21 04:08:00,0,0
BV1AfKwzVEga,2025-06-20 09:48:00,-123374176,-116110384,74512,神鳳杏,158,回复 @妈池tyy :等级2往后稍稍,2025-06-20 11:21:00,0,0
BV1AfKwzVEga,2025-06-20 09:48:00,-1187310031,-1181138255,1149102597,偏西風,11,恨不得全民投它美爹 只是它美爹不要 它爷爷往死里干它罢了,2025-06-20 10:57:00,0,3
BV1AfKwzVEga,2025-06-20 09:48:00,-1187310031,-1165875759,394676189,帛闻,37,开封的80分之一犹太人不知道入了以色列籍了么？守好国门，可千万别放他们回来[吃瓜],2025-06-20 13:29:00,0,0
BV1AfKwzVEga,2025-06-20 09:48:00,-1165875759,-1161328031,3546918084938099,账号已注销,0,回复 @帛闻 :以色列只收女的，不要男的。[嗑瓜子],2025-06-20 14:12:00,0,1
BV1AfKwzVEga,2025-06-20 09:48:00,-1187310031,-102849680,364048917,小微与妞妞,37,"想多了，中俄不下场，伊朗迟早投降，内战才是问题，高层无限被暗杀，直接在本土精准暗杀，伊朗几乎所有情报都泄露，现在就只剩下放导弹，反正也出不去，10个人8个内奸[吃瓜]，哪敢上陆军，
现在伊朗 政治高层挂了，情报部门挂了，高层海陆空全部挂了，安全部们一二把手也花了，
军事实力伊朗绝对吊打以色列，问题就是内部问题，不是内部问题都没有叙利亚那些事了，打到就剩下伊朗自己被逼到无路可退，过去一直都做代理战争主理人，在后面指挥又不上场，这也算是怂的下场
现在内部被侵蚀那么严重，本来宗教统治弊端就是太严重，又舍不得放，高层再这样玩下去都没什么人了，下一步美国扶持反对派就凉了，
反正内部反对派不肃清就一定会输[吃瓜]，内部没问题打个小小以色列问题不大。",2025-06-20 13:29:00,0,1
BV1AfKwzVEga,2025-06-20 09:48:00,-1187310031,-100277440,29315035,芥末榴莲汁,1228,消耗太大了，能维持多久[笑哭],2025-06-20 13:54:00,0,0
BV1AfKwzVEga,2025-06-20 09:48:00,-1187310031,-1161853215,11726278,老婆大人是惠成,8,让自由派滚蛋,2025-06-20 14:08:00,0,0
BV1AfKwzVEga,2025-06-20 09:48:00,-1187310031,-58472336,1273055938,新不列颠岛,73,两边都不是好人,2025-06-21 02:41:00,0,0
BV1AfKwzVEga,2025-06-20 09:48:00,-1187310031,-1119738879,49254052,熊氏三少爷,123,谁是天？,2025-06-21 03:15:00,0,0
BV1AfKwzVEga,2025-06-20 09:48:00,-1187310031,-1109639343,33606365,德雷克的宝藏877,12,伊朗人都恨死政府了，以色列也在秃噜伊朗人，两边受罪的都是老百姓,2025-06-21 04:59:00,0,0
