﻿视频BV号,视频发布日期,上级评论ID,评论ID,用户ID,用户名,用户粉丝数,评论内容,评论时间,回复数,点赞数
BV1a7MSzYE8h,2025-06-14 14:49:00,0,-1685335407,626602282,伦洛jerry,17,月薪三千，已经两年没有撸过串了，两年前5500的时候，每周都撸一次[笑哭],2025-06-15 02:55:00,12,18
BV1a7MSzYE8h,2025-06-14 14:49:00,-1685335407,-632984352,98753949,大嘤中堂,17,已经2年没吃烤串了，完全没啥时间和兴趣。,2025-06-15 03:01:00,0,1
BV1a7MSzYE8h,2025-06-14 14:49:00,-1685335407,-630022816,891631,叶夜青,416,说明越穷在网上发帖越多,2025-06-15 03:33:00,0,4
BV1a7MSzYE8h,2025-06-14 14:49:00,-1685335407,-1634657807,417088768,浅陌诉离歌,9,把你年费大会员的钱省下来，多少也能撸一顿串,2025-06-15 12:21:00,0,4
BV1a7MSzYE8h,2025-06-14 14:49:00,-1634657807,-1627905119,626602282,伦洛jerry,17,回复 @浅陌诉离歌 :大会员是移动套餐送的,2025-06-15 13:34:00,0,0
BV1a7MSzYE8h,2025-06-14 14:49:00,-1685335407,-1628121919,3546911434868783,冰冰冰0915,0,是撸不起吗？不想罢了,2025-06-15 13:31:00,0,1
BV1a7MSzYE8h,2025-06-14 14:49:00,-1628121919,-1627868863,626602282,伦洛jerry,17,回复 @冰冰冰0915 :刚开始三千的时候是真的吃不起，后来就没想过撸串了←_←,2025-06-15 13:33:00,0,0
BV1a7MSzYE8h,2025-06-14 14:49:00,-1685335407,-542098368,650460908,坐忘道丶白板,25,你是想笑死我嘛 哪里还有三千多的工资  那种清闲的你应该不好意思说出口吧？ 上班还能玩手机的?,2025-06-16 00:39:00,0,1
BV1a7MSzYE8h,2025-06-14 14:49:00,-1685335407,-533277808,3546385957784526,纯良mm人啊,9,"我57岁的阿姨今年找了个纸箱厂打包的工作，都是手上的轻巧活，月薪3500。
她踩了一辈子缝纫机给人做衣服，没有任何其他技能，年纪大了腰不好不能久坐，今年只能找其他工作。
她自己一个人找的，就那种贴电线桩上的招聘广告，一天就找到了（春节刚过，招工热门期）

我想说的是，手脚智力健全的年轻人月薪不到4000真的很有问题。",2025-06-16 03:06:00,0,1
BV1a7MSzYE8h,2025-06-14 14:49:00,-533277808,-532890480,3546385957784526,纯良mm人啊,9,回复 @腾讯打鸭 :最后一句话有歧义，没有其他难处，例如家里有人要照顾等等。没有其他顾虑束缚的年轻人4000工资都挣不到是真有问题,2025-06-16 03:10:00,0,0
BV1a7MSzYE8h,2025-06-14 14:49:00,-1685335407,-1571641039,1648218096,背杯北备,1,俩人120块，平均一个人60，没啥吃不起的,2025-06-16 06:31:00,0,0
BV1a7MSzYE8h,2025-06-14 14:49:00,-1685335407,-388759472,385185302,September暮商,24,俺月薪负数已经分不清现实了[热],2025-06-17 13:00:00,0,0
