﻿视频BV号,视频发布日期,上级评论ID,评论ID,用户ID,用户名,用户粉丝数,评论内容,评论时间,回复数,点赞数
BV1ANKTzRESn,2025-06-20 16:32:00,0,-82488752,26633235,逗莳叁,59,当地不是信息管制了，咋都在发视频。。[笑哭],2025-06-20 17:02:00,9,9
BV1ANKTzRESn,2025-06-20 16:32:00,-82488752,-80306896,186828861,星灵StarSoulLight,12,因为非犹太不准进防空洞，其他人当然就会做些什么,2025-06-20 17:37:00,0,37
BV1ANKTzRESn,2025-06-20 16:32:00,-80306896,-72009248,31419,除魔少女克星,56,回复 @星灵StarSoulLight :可以提供坐标,2025-06-20 22:38:00,0,1
BV1ANKTzRESn,2025-06-20 16:32:00,-82488752,-1140430959,473739470,懒得取昵称的网友,35,"他国来的工人，哪怕是美国人，都不准进防空洞。
防空洞只准犹太人进，所以这些人不就没事干，只能在外面拍嘛[doge]",2025-06-20 18:53:00,0,38
BV1ANKTzRESn,2025-06-20 16:32:00,-82488752,-76221936,96254316,大凶残鲤鱼王,20,荣誉以色列人和巴勒斯坦劳工是吧,2025-06-20 19:27:00,0,8
BV1ANKTzRESn,2025-06-20 16:32:00,-82488752,-1139418351,24947462,時間庸醫,191,以色列不允许外国人进防空洞，真的是自私自利到极致,2025-06-20 19:34:00,0,17
BV1ANKTzRESn,2025-06-20 16:32:00,-82488752,-1137055727,315599582,豪客-,14,不能直接发啊，发在我们国内他们管得了？,2025-06-20 21:39:00,0,2
BV1ANKTzRESn,2025-06-20 16:32:00,-82488752,-73065088,238730336,雨时灯火,23,这个国家比你想象的还要扭曲[笑哭],2025-06-20 21:47:00,0,12
BV1ANKTzRESn,2025-06-20 16:32:00,-82488752,-1136400319,24808081,我真不知道sugus,27,你不是马来人！,2025-06-20 22:12:00,0,3
BV1ANKTzRESn,2025-06-20 16:32:00,-82488752,-1133494799,443402753,小小看-,3,管制又不是断网,2025-06-20 23:51:00,0,3
