﻿视频BV号,视频发布日期,上级评论ID,评论ID,用户ID,用户名,用户粉丝数,评论内容,评论时间,回复数,点赞数
BV1aLNBzsE9c,2025-06-17 11:16:00,0,-1197123791,361178091,箶ふ菈楂,8,会不会有低成本的导弹方案，只飞不炸？多弄点，耗都耗死了[喜极而泣],2025-06-20 07:54:00,6,7
BV1aLNBzsE9c,2025-06-17 11:16:00,-1197123791,-125669440,12994220,小法师没有学徒,12,几千块的自爆无人机多的是,2025-06-20 09:50:00,0,5
BV1aLNBzsE9c,2025-06-17 11:16:00,-1197123791,-1166735807,8923692,琥珀般残阳,2,打钢管,2025-06-20 13:20:00,0,0
BV1aLNBzsE9c,2025-06-17 11:16:00,-1197123791,-1142025119,35383055,那我必然是个萌新,47,常规弹头不值钱，弹体贵,2025-06-20 18:14:00,0,3
BV1aLNBzsE9c,2025-06-17 11:16:00,-1197123791,-1127720415,687536290,笑天下可笑之_,10,增程火箭弹,2025-06-21 01:31:00,0,0
BV1aLNBzsE9c,2025-06-17 11:16:00,-1197123791,-1111416143,385380789,沧浪之水130,15,那肯定有。火箭用液体燃料便宜的几块钱一公斤，伊朗到以色列的距离需要十几吨，几万块钱的燃料。弹壳用普通材料，其他的也都用普通配件，成本十万美元以内。可以消耗以色列防空导弹。,2025-06-21 04:42:00,0,0
BV1aLNBzsE9c,2025-06-17 11:16:00,-1197123791,34033488,2130696103,禽兽养殖二厂,13266,距离太远了，推进剂占大头，不然还真能莱阳钢管满天飞,2025-06-21 22:45:00,0,0
