﻿视频BV号,视频发布日期,上级评论ID,评论ID,用户ID,用户名,用户粉丝数,评论内容,评论时间,回复数,点赞数
BV1AMNxzrEbo,2025-06-19 06:37:00,0,-231357744,1556341545,过敏没药吃,22,刘慈欣在小说三体里的社会实验在现实世界里通通实现了。,2025-06-19 07:02:00,40,1084
BV1AMNxzrEbo,2025-06-19 06:37:00,-231357744,-230369312,411644740,43429527800_bili,64,那三体属于现实主义小说了[喜极而泣],2025-06-19 07:15:00,0,83
BV1AMNxzrEbo,2025-06-19 06:37:00,-230369312,-1284062303,7209850,诗纹,38,回复 @43429527800_bili :[doge]刘慈欣其实是穿越来的，这期待是纪实小说,2025-06-19 08:48:00,0,21
BV1AMNxzrEbo,2025-06-19 06:37:00,-1284062303,-215657264,96220229,无梦深眠,82,回复 @诗纹 :我们大胆假设他是穿越来的，那么，“思想钢印”和“春节两千响”可能是他委婉的警示，警示我们会在某些绝对实力自信上面栽跟头[doge][笑哭]虽然这话在当下很遭喷，但我总有一种说不出的引忧，唯一合理的解释是：“舰队国际是遭遇水滴后，被其从内部撞击反应堆和弹药库而炸开的”[doge][doge][doge],2025-06-19 10:28:00,0,85
BV1AMNxzrEbo,2025-06-19 06:37:00,-215657264,-1271461087,1977229261,抬头采光,33,"回复 @无梦深眠 :确实 很多人现在还有反思和下跪的倾向
永远追不上老美这个思想钢印真的打的太牢了[doge_金箍]",2025-06-19 11:14:00,0,63
BV1AMNxzrEbo,2025-06-19 06:37:00,-1271461087,-116339248,28152316,小葱油饼花生酱,6,回复 @抬头采光 : 人家在说啥你都没搞清楚，人家说的是过分自大最后反受其害，你还在扯老美,2025-06-20 11:19:00,0,0
BV1AMNxzrEbo,2025-06-19 06:37:00,-116339248,-1162615423,1977229261,抬头采光,33,"回复 @小葱油饼花生酱 :人家大刘在写什么你们这帮节奏党都没看明白
人家说的是要研究光速飞船，要走向宇宙
你们还在这扯自大
别装了，不就是想唱衰老中，希望回到以前对老美点头哈腰的状态吗
什么是真正的老中？丁仪就是
比谁都知道水滴是强相互力材料，生命的最后一刻还要向他砸出锤子
你们这些软骨头，理解不了的",2025-06-20 14:01:00,0,3
BV1AMNxzrEbo,2025-06-19 06:37:00,-1162615423,-84138000,28152316,小葱油饼花生酱,6,回复 @抬头采光 : 随便吧，老美也曾经不可一世，认为自己荣光永存，也因为傲慢自大走到今天这种境地，老美即使倒下，也不会是最后一个因傲慢自大而倒下的国家,2025-06-20 16:41:00,0,1
BV1AMNxzrEbo,2025-06-19 06:37:00,-1271461087,-1174876111,292781072,飞翔的拖孩_,9,回复 @抬头采光 :这东西纯看实力，你实力超过了这东西就不存在了,2025-06-20 12:00:00,0,0
BV1AMNxzrEbo,2025-06-19 06:37:00,-215657264,-1269347535,3337686,夏荷秋杨,22,回复 @无梦深眠 :其实按照现在的状况来看，跟思想钢印更靠的应该是自媒体，两个永远，以及这几次伊以冲突自媒体带来的假消息，比如昨晚的蓝v号大惊喜。虚假信息茧房跟思想钢印几乎别无二致了,2025-06-19 11:37:00,0,28
BV1AMNxzrEbo,2025-06-19 06:37:00,-1269347535,-182528224,13172506,昵称过于nb无法显示,107,回复 @夏荷秋杨 :自媒体洗脑是真的，我姐现在相信地球是平的了[大哭][喜极而泣][呲牙],2025-06-19 16:33:00,0,15
BV1AMNxzrEbo,2025-06-19 06:37:00,-182528224,-132546848,33849002,LivinginVoyeursland,3,回复 @昵称过于nb无法显示 :令姐接受过9年义务教育么？,2025-06-20 08:29:00,0,0
BV1AMNxzrEbo,2025-06-19 06:37:00,-132546848,-131874240,13172506,昵称过于nb无法显示,107,回复 @LivinginVoyeursland :肯定撒，小学六年级的还拿过全校第一[捂脸],2025-06-20 08:36:00,0,0
BV1AMNxzrEbo,2025-06-19 06:37:00,-1269347535,-169684896,96220229,无梦深眠,82,回复 @夏荷秋杨 :是的，照这个科技发展速度和趋势，未来的确会出现一个或几个章北海，并且也会因为资源的争夺而爆发所谓的黑暗战役，人性正在被重新定义，我们中只会有少部分人获得生存权，而且是在人eat人之后，也许是二十年后，也许是我们这代人消亡以后，也许已经开始…,2025-06-19 23:51:00,0,6
BV1AMNxzrEbo,2025-06-19 06:37:00,-169684896,-1228492895,1977229261,抬头采光,33,"回复 @无梦深眠 :所以，猜猜哪国在努力搞可控核聚变和空气淀粉，哪国一直在降低民生产品的成本和价格，又是哪国每次世界出点灾害总是第一时间人道主义援助[doge]
世界破破烂烂，老中缝缝补补啊",2025-06-20 00:43:00,0,11
BV1AMNxzrEbo,2025-06-19 06:37:00,-1228492895,-163664768,96220229,无梦深眠,82,回复 @抬头采光 :但愿吧，客观来说，每一个巨人的身体都不可能完美无缺，每一个细胞不可能既是中枢神经，又是脚底板表皮，有人在云端，有人注定会在地底，而实现终极目标的前提就是将巨人的身体修饰成圆让一切显得更公平，不断滚动向前，但是即使是圆依然分内外和表里…所以终极目标是扁平化！大家都在同一维度，没有高低贵贱之分…此刻你会惊讶地发现，原来实现共产主义的答案竟然就是二向箔！[doge][doge][doge],2025-06-20 01:44:00,0,1
BV1AMNxzrEbo,2025-06-19 06:37:00,-163664768,-1224438735,1977229261,抬头采光,33,"回复 @无梦深眠 :无所谓啊 为什么要绝对平等？
只要整体是向上的，聪明的负责当大脑，勇敢的负责当拳头，有耐性的负责当脚底板，没问题啊

难道你会看不起自己的脚，觉得全身都是头就好了吗[笑哭]
我不觉得社会的目标是扁平化啊，看到别人比我过的好不至于让我觉得难受，各司其职就好了
人类的目标是星辰大海，而不是在澳大利亚像珍稀动物一样躺平等死",2025-06-20 01:50:00,0,6
BV1AMNxzrEbo,2025-06-19 06:37:00,-169684896,-1200269295,668814795,hswlmx,0,回复 @无梦深眠 : 你这是杞人忧天，看看每年的出生人口，现在只有20年前的一半，到本世纪末中国只会有约6，7亿人，人均资源不是越来越少而是越来越多，房子越来越不值钱就是例子。这代人为高房价痛苦的事到了2，30年后也许根本就不是个问题。就好比40年前还有很多人为饥饿而担忧全国还在用粮票，但现在吃饱根本就不是个事。你说的人吃人时代不会来临的。,2025-06-20 07:07:00,0,3
BV1AMNxzrEbo,2025-06-19 06:37:00,-169684896,-1105706527,270442696,奥火法师,17,回复 @无梦深眠 : 中国人吃人是自古以来的手艺活，我们早就真香了，不用担心接下来的烹饪手艺[滑稽],2025-06-21 05:41:00,0,0
BV1AMNxzrEbo,2025-06-19 06:37:00,-215657264,-1209133727,526809099,czb97553878,31,回复 @无梦深眠 :是啊，现在最可怕的威胁就在于内部了,2025-06-20 05:03:00,0,3
BV1AMNxzrEbo,2025-06-19 06:37:00,-215657264,-1165864431,440472761,无名所以无铭,12,回复 @无梦深眠 :很有道理[支持],2025-06-20 13:29:00,0,0
BV1AMNxzrEbo,2025-06-19 06:37:00,-230369312,-143300384,27435318,master无言,1044,回复 @43429527800_bili :科幻小说很多都是现实主义的，现实主义是与浪漫主义相对的，现实不是真实，现实主义不反对虚构,2025-06-20 05:55:00,0,2
BV1AMNxzrEbo,2025-06-19 06:37:00,-230369312,-1015348767,169909281,疯婆子吖死疯婆,21,回复 @43429527800_bili :科幻现实主义,2025-06-22 03:29:00,0,1
BV1AMNxzrEbo,2025-06-19 06:37:00,-231357744,-1280883519,243741753,不晒网,15,"三体的总体逻辑，基本上就是对照2008年金融危机发生以前的中美对抗关系来写的。
当然不仅如此，比如说还有长征等近代史的内容",2025-06-19 09:28:00,0,245
BV1AMNxzrEbo,2025-06-19 06:37:00,-1280883519,-1177016879,3546721189628082,小破站爱吞评论,23,回复 @不晒网 : 2008以前并非对抗吧 1983之后不就投了 崇美了吗,2025-06-20 11:38:00,0,0
BV1AMNxzrEbo,2025-06-19 06:37:00,-1280883519,-891588847,48918798,Bulletgonebay,2,回复 @不晒网 :我上小学那会儿就有三体了连载在科幻世界杂志上，2000年前,2025-06-23 08:34:00,0,0
BV1AMNxzrEbo,2025-06-19 06:37:00,-231357744,-218880432,37489532,迷途的异乡人,4,具体是哪些？,2025-06-19 09:52:00,0,3
BV1AMNxzrEbo,2025-06-19 06:37:00,-218880432,-1193376063,3493287476333167,四月kz,12,回复 @迷途的异乡人 :比如加沙人就是三体里被关在澳洲的人类，没有粮食水，现代通信医疗，只能等死,2025-06-20 08:45:00,0,2
BV1AMNxzrEbo,2025-06-19 06:37:00,-1193376063,-1176909615,3546721189628082,小破站爱吞评论,23,回复 @四月kz : 并非只能等死 还能加入哈马斯,2025-06-20 11:39:00,0,0
BV1AMNxzrEbo,2025-06-19 06:37:00,-231357744,-1277932223,3546903956424759,又被夺舍了,0,小说说了啥？,2025-06-19 10:04:00,0,0
BV1AMNxzrEbo,2025-06-19 06:37:00,-231357744,-1269165279,438383181,难以自控的痴汉,57,大刘的含金量还在提升,2025-06-19 11:38:00,0,4
BV1AMNxzrEbo,2025-06-19 06:37:00,-231357744,-1229395375,19897,八才,39,人类无法想象力并非想象力。,2025-06-20 00:24:00,0,0
BV1AMNxzrEbo,2025-06-19 06:37:00,-231357744,-1227516655,318877182,cai科夫斯基,3,三体对人性和人类社会和各国家之间的关系描述本身就及其现实主义。根植于现代人类社会的丛林法则和人性对人类整体命运及其文明的珍视，不矛盾，人本身就是是现实主义和理想主义的结合的二面体。,2025-06-20 01:01:00,0,3
BV1AMNxzrEbo,2025-06-19 06:37:00,-231357744,-165248208,478468127,闲夜映悠光,79,个人觉得，最有意思的是未来男生女性化，这点似乎也验证了，越来越多男娘了，也越来越爱美了,2025-06-20 01:16:00,0,10
BV1AMNxzrEbo,2025-06-19 06:37:00,-165248208,-164466592,96220229,无梦深眠,82,回复 @v悠娴v :这个其实不奇怪，按照生物在自然中的常态，尤其是鸟类，绝大多数都是雄性更加美艳，雌性的外表反而没有过多修饰和艳丽的色彩，可能在其他物种眼里，人类反而才是更特立独行的那一类[doge],2025-06-20 01:29:00,0,8
BV1AMNxzrEbo,2025-06-19 06:37:00,-164466592,-1220710975,10604564,林梦无笙,27,回复 @无梦深眠 :其实人类也差不多，男性会长胡须，你看历史上大多数名人都是胡须长，比如马克思恩格斯，甚至张居正绰号美髯公，标准美男子[喜极而泣]只不过近代后就流行剃了,2025-06-20 02:46:00,0,2
BV1AMNxzrEbo,2025-06-19 06:37:00,-165248208,-1085250287,496108689,元安溟霁,47,回复 @v悠娴v :与其说是女性化，大刘隐晦指出未来社会所有人反应变慢（包含警察），柔性化不愿作出牺牲性决策,2025-06-21 09:48:00,0,1
BV1AMNxzrEbo,2025-06-19 06:37:00,-231357744,-1220927343,321757899,是路过のKamenRider哒,34,[藏狐],2025-06-20 02:42:00,0,0
BV1AMNxzrEbo,2025-06-19 06:37:00,-231357744,-134396768,96220229,无梦深眠,82,"的确，此事在三体中亦有记载，人的追求都是螺旋向上的，希望在未来人能够克服人性的贪婪的，在追求的道路上，分配上更加公平…
另外，只要是面临生存压力，人吃人的情况会立即发生，此事在黑暗战役中亦有记载
且我们每天的各大职场、马路上的扶与不扶、婚恋中的各种博弈…时刻都在上演。仅我个人观念：在无法或者不去拓展增量的情况下，所有这些把心思都放在抢夺他人存量的这部分人的行为，都可以被称为吃人，毕竟来的快收益大，风险仅仅是背负道德层面的谴责[doge][笑哭]个人观点，轻喷",2025-06-20 08:06:00,0,0
BV1AMNxzrEbo,2025-06-19 06:37:00,-231357744,-106759840,1502859409,fiwadr,12,三体只是把一些现实的东西用科幻的形式表达而已。说大实话太多人受不了,2025-06-20 12:52:00,0,0
BV1AMNxzrEbo,2025-06-19 06:37:00,-231357744,-1166605039,1857431556,反腐反封建,15,不是实现，而是时时刻刻都发生，作者能够看到，并写出来,2025-06-20 13:22:00,0,0
