﻿视频BV号,视频发布日期,上级评论ID,评论ID,用户ID,用户名,用户粉丝数,评论内容,评论时间,回复数,点赞数
BV1AfKwzVEga,2025-06-20 09:48:00,0,-864700511,11079779,极光下的幽灵,34,伊朗这导弹够不够先进呢？不行的话找骆驼买点儿吧？,2025-06-23 13:27:00,6,0
BV1AfKwzVEga,2025-06-20 09:48:00,-864700511,-863586015,145746059,letcilawu,46,中伊班列了解一下[滑稽][笑哭],2025-06-23 13:37:00,0,0
BV1AfKwzVEga,2025-06-20 09:48:00,-863586015,-841320351,11079779,极光下的幽灵,34,回复 @letcilawu :为什么武器会从沙漠长出来？,2025-06-23 18:39:00,0,0
BV1AfKwzVEga,2025-06-20 09:48:00,-864700511,-863298143,32338763,燕子低飞飞,39,骆驼这把压错了,2025-06-23 13:40:00,0,0
BV1AfKwzVEga,2025-06-20 09:48:00,-863298143,-841330479,11079779,极光下的幽灵,34,回复 @燕子低飞飞 :开卷也能整错？,2025-06-23 18:38:00,0,0
BV1AfKwzVEga,2025-06-20 09:48:00,-841330479,-824472095,32338763,燕子低飞飞,39,回复 @极光下的幽灵 :骆驼明显是压伊朗投的，以色列要从欧洲运新导弹，所以伊朗想封锁港口。,2025-06-24 02:53:00,0,0
BV1AfKwzVEga,2025-06-20 09:48:00,-864700511,-841453295,11079779,极光下的幽灵,34,哎,2025-06-23 18:37:00,0,0
