﻿视频BV号,视频发布日期,上级评论ID,评论ID,用户ID,用户名,用户粉丝数,评论内容,评论时间,回复数,点赞数
BV1ahNvzmEoz,2025-06-17 10:00:00,0,-1355609519,543009287,哆啦AK74M,187,我们国家的核物理专家很多都是很多年隐姓埋名，伊朗的核物理专家居然出现在电视里。[笑哭],2025-06-18 12:30:00,109,2881
BV1ahNvzmEoz,2025-06-17 10:00:00,-1355609519,-1350684127,87349160,法穿孩,181,不知道你在哪的电视里看到的,2025-06-18 13:24:00,0,107
BV1ahNvzmEoz,2025-06-17 10:00:00,-1350684127,-258713328,1836807,圣歧视,989,回复 @法穿孩 :直接把名单提交给了国际原子能机构，然后国际原就把所有资料透漏给了以色列，这操作我都想不出还有谁了[笑哭],2025-06-19 00:52:00,0,189
BV1ahNvzmEoz,2025-06-17 10:00:00,-258713328,-148661104,1698517949,颜某不才,16,回复 @圣歧视 :伊核协议，伊朗不是我们，现在不是有了核列强就会眼神清澈的时代了，伊朗的核是自保筹码[笑哭][笑哭][笑哭][笑哭][笑哭],2025-06-20 04:50:00,0,0
BV1ahNvzmEoz,2025-06-17 10:00:00,-148661104,-145914720,1836807,圣歧视,989,回复 @颜某不才 :没有哪个国家真的蠢到把自己核机密资料都毫无保留地给这些国际组织的，除了伊朗[笑哭]，这些国际组织本来就是美西方为了扩大自己影响力建立起来的组织,2025-06-20 05:22:00,0,0
BV1ahNvzmEoz,2025-06-17 10:00:00,-1350684127,-1306979071,277924792,单纯爱球球,190,回复 @法穿孩 :核威胁和谈的时候伊朗能喊着核科学家去美国参加。这还不是上电视啊[汤圆],2025-06-19 03:38:00,0,8
BV1ahNvzmEoz,2025-06-17 10:00:00,-1350684127,-1303346959,25571775,喵喵喵呜呜喵喵,12,回复 @法穿孩 :追悼会上…,2025-06-19 04:21:00,0,2
BV1ahNvzmEoz,2025-06-17 10:00:00,-1350684127,-240848640,181926041,路人乙的夏天,9,回复 @法穿孩 :死亡名单呐[笑哭],2025-06-19 04:51:00,0,1
BV1ahNvzmEoz,2025-06-17 10:00:00,-1350684127,-239779104,497544620,烈日骁骑,64,回复 @法穿孩 :他的意思应该是，看见的时候已经是讣告了,2025-06-19 05:03:00,0,1
BV1ahNvzmEoz,2025-06-17 10:00:00,-1350684127,-1298606943,535014055,柠萌不是萌,28,回复 @法穿孩 :我不知道你在哪里没看到,2025-06-19 05:12:00,0,1
BV1ahNvzmEoz,2025-06-17 10:00:00,-1350684127,-234396608,3546679894608606,章志超缓好没,11,回复 @法穿孩 :【伊朗核科学家生前受访时从容称“不惧暗杀”-哔哩哔哩】 https://b23.tv/S68xrkR,2025-06-19 06:16:00,0,2
BV1ahNvzmEoz,2025-06-17 10:00:00,-1350684127,-233064400,27332812,猛男丿落泪,49,回复 @法穿孩 :B站不都是很多照片[笑哭],2025-06-19 06:36:00,0,1
BV1ahNvzmEoz,2025-06-17 10:00:00,-1350684127,-162428816,27336941,后悔吗胆小的暗恋者,208,回复 @法穿孩 :核专家被暗杀不少内奸太多。暗杀完还要上个新闻，核专家被某某势力暗杀成功,2025-06-20 02:03:00,0,0
BV1ahNvzmEoz,2025-06-17 10:00:00,-1355609519,-290673280,437736012,穆而斯杰克逊,2,伊朗被渗透的太厉害了，专家在哪小以清楚得很,2025-06-18 13:35:00,0,284
BV1ahNvzmEoz,2025-06-17 10:00:00,-290673280,-247637920,86095118,B站老鱿鱼,30,回复 @穆而斯杰克逊 :这个是事实，之前看过一个视频，就是讲这个的。伊朗被以色列渗透的太厉害了,2025-06-19 03:37:00,0,11
BV1ahNvzmEoz,2025-06-17 10:00:00,-1355609519,-1347380831,318053688,sparklh0805,5,中国古人智慧总结：善战者无赫赫之功！隐姓埋名很多年的才是中国的无名英雄！,2025-06-18 13:59:00,0,178
BV1ahNvzmEoz,2025-06-17 10:00:00,-1347380831,-1342440879,454291186,爱语追光的西西,16,回复 @sparklh0805 :孙子兵法,2025-06-18 14:48:00,0,11
BV1ahNvzmEoz,2025-06-17 10:00:00,-1347380831,-259837264,159647980,曾有鲜衣梦,27,回复 @sparklh0805 :这句话是这么用的么？是这个意思么？,2025-06-19 00:33:00,0,2
BV1ahNvzmEoz,2025-06-17 10:00:00,-1347380831,-252943728,519606502,帅气玩家,3,回复 @sparklh0805 :这句话的意思是，真正善战的人，会在战斗之前就做好充足准备，不会打没有把握的仗，并且一次就打的对方怕，不敢再打,2025-06-19 02:27:00,0,40
BV1ahNvzmEoz,2025-06-17 10:00:00,-252943728,-1309373007,254480874,PicAcgSvipPrine,17,"回复 @帅气玩家 :也有另一种解读，善战者无赫赫之功。是因为开打之前就已经结束了
就比如扁鹊说自己是庸医，他的哥哥在开始病人生病之前就给人治好了。而他只能在病人生病之后才知道要去治",2025-06-19 03:06:00,0,33
BV1ahNvzmEoz,2025-06-17 10:00:00,-1347380831,-1241976303,413356970,我真的不要西瓜霜,39,回复 @sparklh0805 :哥们儿，你的想法没错…但这句话不是这么用的……[辣眼睛],2025-06-19 16:57:00,0,0
BV1ahNvzmEoz,2025-06-17 10:00:00,-1355609519,-280596960,144249,卡洛,24,这批伊朗谈判的把名单全给人家了，然后立马被灭口，现在不是谈判这些人也被灭口了么,2025-06-18 15:20:00,0,119
BV1ahNvzmEoz,2025-06-17 10:00:00,-1355609519,-280194384,1774691105,啊二狗哥你,20,不只核专家，就革命卫队那些高层，有防空洞他也不钻，非得在地面上办公，等着被炸呢，估计是争着想当圣徒吧[吃瓜],2025-06-18 15:25:00,0,102
BV1ahNvzmEoz,2025-06-17 10:00:00,-280194384,-1308371999,197661491,人造流星7号,16,回复 @啊二狗哥你 :为了葡萄干吗[星星眼],2025-06-19 03:19:00,0,0
BV1ahNvzmEoz,2025-06-17 10:00:00,-280194384,-1303918559,17662369,大兵布莱恩特,5,回复 @啊二狗哥你 :有防空洞还有钻地弹呢,2025-06-19 04:14:00,0,1
BV1ahNvzmEoz,2025-06-17 10:00:00,-280194384,-240037440,306932,赛雷零点2秒钟,37,回复 @啊二狗哥你 :总有人必须牺牲的[笑哭],2025-06-19 05:00:00,0,0
BV1ahNvzmEoz,2025-06-17 10:00:00,-1355609519,-1329413727,25569398,香蕉卜呐呐丶,175,地方就那么大点，有点情报全都知道,2025-06-18 17:44:00,0,32
BV1ahNvzmEoz,2025-06-17 10:00:00,-1329413727,-141114368,1722077647,我就是心系汉唐,91,回复 @香蕉卜呐呐丶 :伊朗跟新疆面积一样大。,2025-06-20 06:28:00,0,0
BV1ahNvzmEoz,2025-06-17 10:00:00,-1355609519,-263991232,41900828,a-saks,169,我发小在未知地方搞火箭，八年没消息了,2025-06-18 22:38:00,0,29
BV1ahNvzmEoz,2025-06-17 10:00:00,-263991232,-1311837279,24656279,潮州后街社会仔,34,回复 @a-saks :[支持]人才，为国家贡献,2025-06-19 02:31:00,0,6
BV1ahNvzmEoz,2025-06-17 10:00:00,-263991232,-247672128,158842607,御坂御坂9999号,41,回复 @a-saks :你好，我是大陆南方网友[doge_金箍],2025-06-19 03:38:00,0,5
BV1ahNvzmEoz,2025-06-17 10:00:00,-263991232,-1298991167,3493277527444082,取名字真难真难真难,12,回复 @a-saks :牛逼[支持],2025-06-19 05:06:00,0,0
BV1ahNvzmEoz,2025-06-17 10:00:00,-263991232,-1292652639,132584092,真秋风,1,回复 @a-saks :这个还是不要知道的好，不然容易进去,2025-06-19 06:38:00,0,0
BV1ahNvzmEoz,2025-06-17 10:00:00,-263991232,-181699648,1532312113,优雅LOVEs,9,回复 @a-saks :别乱 人家能查到的，。排除法 排到最后不清楚的就是，你乱说会害到他家人的。别乱说话,2025-06-19 16:47:00,0,0
BV1ahNvzmEoz,2025-06-17 10:00:00,-263991232,-180355792,3546875701495923,中指牢大里卡多,10,回复 @a-saks :这种事还是别说,2025-06-19 17:10:00,0,0
BV1ahNvzmEoz,2025-06-17 10:00:00,-263991232,-146766336,354899419,鹏城小子,34,回复 @a-saks :确实很可能啊，新疆大戈壁最适合搞这个了,2025-06-20 05:10:00,0,0
BV1ahNvzmEoz,2025-06-17 10:00:00,-263991232,-1128297791,359486561,凤飞飞放放,2,回复 @a-saks :还是删了吧，怕你被50万盯上噢,2025-06-21 01:23:00,0,0
BV1ahNvzmEoz,2025-06-17 10:00:00,-263991232,255816592,177688625,被子里的封印,10,回复 @a-saks :你最好小心点，容易渗透你[doge_金箍],2025-06-24 04:38:00,0,0
BV1ahNvzmEoz,2025-06-17 10:00:00,255816592,256390656,41900828,a-saks,169,回复 @被子里的封印 :没啥问题，我也在保密单位干过，知道严重性,2025-06-24 04:44:00,0,0
BV1ahNvzmEoz,2025-06-17 10:00:00,-1355609519,-263603264,35344633,梅扎蓝斯,25,咋们的专家都是分散的！核物理研究所好几个省都有，而且中国面积大有战略纵深，就算是导弹你从边境到中部地区飞行也要很长时间，有足够得时间拦截或躲避。,2025-06-18 22:52:00,0,100
BV1ahNvzmEoz,2025-06-17 10:00:00,-263603264,-229511120,2044941410,严原_,1231,回复 @梅扎蓝斯 :伊朗也算有点战略纵深，也不小了,2025-06-19 07:29:00,0,0
BV1ahNvzmEoz,2025-06-17 10:00:00,-1355609519,-258720432,1836807,圣歧视,989,何止电视里，直接把名单提交给了国际原子能机构，然后国际原就把所有资料透漏给了以色列，这操作我都想不出还有谁了[笑哭],2025-06-19 00:52:00,0,1174
BV1ahNvzmEoz,2025-06-17 10:00:00,-258720432,-253203040,32117724,丨翁法洛斯丨,92,回复 @圣歧视 :牛逼，他们核物理学家想不被打击都难,2025-06-19 02:21:00,0,30
BV1ahNvzmEoz,2025-06-17 10:00:00,-258720432,-1279727711,31993253,吓得不敢得甲沟炎,142,回复 @圣歧视 :但是这有个严重问题啊，如果国际组织都这样整，那么以后其他国家有理由不向原子能机构公开透明了,2025-06-19 09:42:00,0,0
BV1ahNvzmEoz,2025-06-17 10:00:00,-1279727711,-219242080,1836807,圣歧视,989,回复 @吓得不敢得甲沟炎 : 这是一国的最高核心机密，本来就没有国家真对国际原子能组织公开透明啊，我们的研究员都是隐姓埋名，你猜猜为什么？相信这些国际组织之前，你最好了解一下这些国际组织最早是怎么来的。,2025-06-19 09:47:00,0,3
BV1ahNvzmEoz,2025-06-17 10:00:00,-1279727711,-151412736,1084839703,苍之绯,4,回复 @吓得不敢得甲沟炎 :本就是这样，比如我国的于敏等人，都是退居二线甚至退休后才公布的，现在谁在主持我们的核科技，你见过国家有公布过？,2025-06-20 04:24:00,0,0
BV1ahNvzmEoz,2025-06-17 10:00:00,-258720432,-201061760,3546825480996901,bili_46761547040,3,回复 @圣歧视 :相信老美呗，然后就被卖[笑哭],2025-06-19 13:02:00,0,0
BV1ahNvzmEoz,2025-06-17 10:00:00,-201061760,-195759760,1836807,圣歧视,989,回复 @bili_46761547040 :相信的其实是国际组织，所以我们跟这些国际组织打交道也要小心,2025-06-19 14:00:00,0,0
BV1ahNvzmEoz,2025-06-17 10:00:00,-258720432,-1243595919,33898195,威士忌喵了一声,23,回复 @圣歧视 :国际原子能机构经费2.6%来自联合国，剩下97.4%来自国际捐赠，去年直接不装了，开始接受匿名账户的个人捐赠,2025-06-19 16:31:00,0,0
BV1ahNvzmEoz,2025-06-17 10:00:00,-258720432,-165492160,115460226,治愈星期八,188,回复 @圣歧视 :不然怎么能被骗十几年[笑哭],2025-06-20 01:11:00,0,1
BV1ahNvzmEoz,2025-06-17 10:00:00,-1355609519,-1316649471,434138480,刻晴今天加强了吗,5,当年签的伊核计划，必须受到监控，换来解除经济制裁，一直到苏莱曼尼被特朗普…才作废，这时候专家被都知道了,2025-06-19 01:11:00,0,261
BV1ahNvzmEoz,2025-06-17 10:00:00,-1355609519,-1315351279,44441494,MikLee,20,都是原子能机构出卖的，这就是踏马的国际组织,2025-06-19 01:35:00,0,238
BV1ahNvzmEoz,2025-06-17 10:00:00,-1315351279,-1255377023,265948177,不礼让行人扣三分,9,回复 @MikLee :看看联合国，看看世贸组织，都是听拳头大的,2025-06-19 14:09:00,0,1
BV1ahNvzmEoz,2025-06-17 10:00:00,-1315351279,-160247328,390514249,拾起一轮月,7,回复 @MikLee :你信外人？,2025-06-20 02:35:00,0,0
BV1ahNvzmEoz,2025-06-17 10:00:00,-1315351279,-1113768687,499659287,真至鲜橙,27,回复 @MikLee :国际机构？你确定他不姓美？,2025-06-21 04:19:00,0,0
BV1ahNvzmEoz,2025-06-17 10:00:00,-1355609519,-1307800687,2000663065,独自_欣赏,148,[笑哭],2025-06-19 03:27:00,0,1
BV1ahNvzmEoz,2025-06-17 10:00:00,-1355609519,-248151888,32376645,嘿嘿屁嘿嗝,9,听说伊朗的核信息被原子能机构跟他们自己内部的亲美派卖了个干干净净[笑哭],2025-06-19 03:31:00,0,31
BV1ahNvzmEoz,2025-06-17 10:00:00,-1355609519,-1304552863,355551277,c0c0cafe,17,伊朗主动给国际原子能机构表忠心，然后他们泄露给以色列的。最近伊朗特工从以色列发现，伊朗公布，以色列才急忙动手,2025-06-19 04:08:00,0,10
BV1ahNvzmEoz,2025-06-17 10:00:00,-1355609519,-1302958479,695170391,全职猎人rt,45,是牺牲后才发出来的,2025-06-19 04:25:00,0,1
BV1ahNvzmEoz,2025-06-17 10:00:00,-1355609519,-240766800,663157639,路人甲_Nocturne,18,是国际原子能机构把伊朗核科学家的信息泄露给了以色列,2025-06-19 04:51:00,0,5
BV1ahNvzmEoz,2025-06-17 10:00:00,-1355609519,-1299911823,288717556,幻想中的阿卡麟,4,是被“中立组织”国际原子能机构背叛了，伊朗太天真把名单给了原子能机构，后面转手就给美和以了没做任何匿名处理,2025-06-19 04:57:00,0,18
BV1ahNvzmEoz,2025-06-17 10:00:00,-1299911823,-1298920271,647204370,cfpt007,12,回复 @幻想中的阿卡麟 :不是天真，是伊核协议没得选[笑哭],2025-06-19 05:09:00,0,0
BV1ahNvzmEoz,2025-06-17 10:00:00,-1298920271,-1298595055,288717556,幻想中的阿卡麟,4,回复 @cfpt007 :不是哥们儿，别人叫你给你还真给啊，还给真的，严重涉及国家安全的东西别那么随意好吗，别天真的把自己的命交到别人手上,2025-06-19 05:12:00,0,11
BV1ahNvzmEoz,2025-06-17 10:00:00,-1298595055,-1259331391,104440652,因缘唯诺,9,回复 @幻想中的阿卡麟 :给名单是为了解除制裁，不然早就打起来了，只能说太信任中立组织了,2025-06-19 13:25:00,0,0
BV1ahNvzmEoz,2025-06-17 10:00:00,-1299911823,-1212063327,10724852,金针真君,76,回复 @幻想中的阿卡麟 :和国内实名举报一样,2025-06-20 04:32:00,0,0
BV1ahNvzmEoz,2025-06-17 10:00:00,-1355609519,-239619024,233193714,oic123,4,最主要是伊朗核科学家名单被国际原子能机构掌握，以色列拿到名单太简单了,2025-06-19 05:04:00,0,3
BV1ahNvzmEoz,2025-06-17 10:00:00,-239619024,-158670896,240730145,Saving体黎应该系我,17,回复 @oic123 :,2025-06-20 02:55:00,0,0
BV1ahNvzmEoz,2025-06-17 10:00:00,-1355609519,-1292303695,3546776900471250,影乾墨,0,隐姓埋名去种地，去山沟沟吃粗粮。好一个保护,2025-06-19 06:45:00,0,0
BV1ahNvzmEoz,2025-06-17 10:00:00,-1292303695,-1290184271,417492075,我真的是巴黎,38,回复 @影乾墨 :幽默三级小号，看来是真不知道机关家属大院的含金量,2025-06-19 07:16:00,0,5
BV1ahNvzmEoz,2025-06-17 10:00:00,-1292303695,-149862448,8014503,星光奥利奥,18,回复 @影乾墨 :沙比,2025-06-20 04:38:00,0,0
BV1ahNvzmEoz,2025-06-17 10:00:00,-1292303695,61072592,441210913,帆船抽象派,65,回复 @影乾墨 :你还想用激将法?[藏狐]低级下贱的50万,2025-06-22 05:02:00,0,0
BV1ahNvzmEoz,2025-06-17 10:00:00,-1355609519,-1289797455,94050471,杀死小红帽,18,一个地区大国的高级指挥员和高级科学家让对方干掉 20 多个，保卫工作也是第一了[藏狐],2025-06-19 07:21:00,0,3
BV1ahNvzmEoz,2025-06-17 10:00:00,-1355609519,-226215344,3493119528012216,古泰拉的老百姓,41,以色列投地是钻地弹啊[笑哭]躲了也很难起效果，伊朗的地下核设施和导弹基地才刚刚被打过。,2025-06-19 08:20:00,0,0
BV1ahNvzmEoz,2025-06-17 10:00:00,-1355609519,-1284950639,11187883,艾盈,76,你要知道以色列的情报部门在那nb的,2025-06-19 08:34:00,0,1
BV1ahNvzmEoz,2025-06-17 10:00:00,-1284950639,-159478336,1297028,llww,23,回复 @艾盈 :仅限于对伊朗特别灵，内奸太多,2025-06-20 02:44:00,0,0
BV1ahNvzmEoz,2025-06-17 10:00:00,-1355609519,-224564112,3546602474048005,_凡人皆有一死,54,[吃瓜]浅了，自己人卖的情报，自己思考。,2025-06-19 08:40:00,0,0
BV1ahNvzmEoz,2025-06-17 10:00:00,-1355609519,-224331824,39170511,凯德六号official,70,主要是我国战略纵深特别大，导弹在日本海就发现了，除了洲际导弹任何导弹都不可能打进来。,2025-06-19 08:42:00,0,0
BV1ahNvzmEoz,2025-06-17 10:00:00,-1355609519,-223043696,362396326,siruoqiuye,27,原子能机构收集的资料，移交给以色列的,2025-06-19 09:00:00,0,0
BV1ahNvzmEoz,2025-06-17 10:00:00,-1355609519,-221337952,565223634,静默灬如烟,12,伊朗真就跟个筛子一样，到处漏风。,2025-06-19 09:23:00,0,2
BV1ahNvzmEoz,2025-06-17 10:00:00,-1355609519,-220866432,14310935,无趣的六六,13,无论如何建议有些人说话之前先过过脑子，不要随便泄密。,2025-06-19 09:28:00,0,2
BV1ahNvzmEoz,2025-06-17 10:00:00,-1355609519,-1272544287,379190299,键盘笑千夜,28,"[doge]是我的话，直接扶持一个鸡，粉饰粉饰，包装成为了科学献身的高贵女，各种上电视，狂捞金，然后借别人的成果发表，完全就是一个工具人
[doge]",2025-06-19 11:02:00,0,1
BV1ahNvzmEoz,2025-06-17 10:00:00,-1272544287,-191181888,384558133,阿道夫爱吃鱿鱼,15,回复 @键盘笑千夜 :不但扶持了，晚上还可以深入交流一下！,2025-06-19 14:50:00,0,0
BV1ahNvzmEoz,2025-06-17 10:00:00,-1355609519,-209652816,435315314,Bili_435315314,4,重点是实力不行，只能拿这些所谓专家为自己打气了，你想想，伊朗搞核武40年，踏马的哪个有核国家用那么久还没搞出个所以然来？说白了就是菜，菜还爱玩,2025-06-19 11:30:00,0,1
BV1ahNvzmEoz,2025-06-17 10:00:00,-1355609519,-193885040,169520703,盘庚大人,54,我们哪有什么核专家，都是浏阳花炮,2025-06-19 14:19:00,0,0
BV1ahNvzmEoz,2025-06-17 10:00:00,-1355609519,-1251603103,276973165,维嘉安徒,20,人家已经退居二线了，人家有回应,2025-06-19 14:51:00,0,0
BV1ahNvzmEoz,2025-06-17 10:00:00,-1355609519,-1249447695,86385274,花落生豆,27,说不一定是借刀杀人呢？清算政治敌人，当然这是我的阴谋论而已，毕竟我觉得一个国家真有这么傻吗,2025-06-19 15:16:00,0,0
BV1ahNvzmEoz,2025-06-17 10:00:00,-1249447695,-1245816095,355551277,c0c0cafe,17,回复 @花落生豆 :这是事后看。当时伊朗还觉得自己长袖善舞，既能保持铀浓缩水平，又能减少制裁，两边捞好处很NB,2025-06-19 15:59:00,0,0
BV1ahNvzmEoz,2025-06-17 10:00:00,-1355609519,-1241871039,1525078,巧克力拌面酱,6,人家教义告诉他们现在是圣战，死了能上天堂的,2025-06-19 16:58:00,0,0
BV1ahNvzmEoz,2025-06-17 10:00:00,-1355609519,-169854800,94903844,贝塔不开坦克啊,19,伊朗科学家被刺杀的不少,2025-06-19 23:50:00,0,0
BV1ahNvzmEoz,2025-06-17 10:00:00,-1355609519,-1226357967,380447359,酸酸甜甜-小番茄,132,他们的助手可能就是间谍。伊朗这几年还是过的太安逸了。,2025-06-20 01:20:00,0,0
BV1ahNvzmEoz,2025-06-17 10:00:00,-1355609519,-1216754303,44171253,吃掉怪兽的孩子,5,我们很多行业的都要保护，怕内部间谍,2025-06-20 03:39:00,0,1
BV1ahNvzmEoz,2025-06-17 10:00:00,-1355609519,-1124340975,361217183,T南山北海,1325,这两天死了九个,2025-06-21 02:18:00,0,0
BV1ahNvzmEoz,2025-06-17 10:00:00,-1355609519,-56435776,599440941,DFToucher,32,有没有一种可能 那些出风头的是替死鬼 还有一部分人是隐姓埋名的,2025-06-21 03:04:00,0,0
BV1ahNvzmEoz,2025-06-17 10:00:00,-1355609519,-20038272,275522942,恒古联盟,3,把核弹直接搞出来什么制裁都是弟弟,2025-06-21 09:48:00,0,0
BV1ahNvzmEoz,2025-06-17 10:00:00,-1355609519,-1044600703,298080381,grabbly,6,伊朗自身都是乱成一团,2025-06-21 16:44:00,0,0
BV1ahNvzmEoz,2025-06-17 10:00:00,-1355609519,-1009766303,52417398,看到钢板就送灯牌,41,核物理学家不都是隐姓埋名国家重点保护吗？,2025-06-22 04:25:00,0,1
BV1ahNvzmEoz,2025-06-17 10:00:00,-1009766303,-801177567,543009287,哆啦AK74M,187,回复 @看到钢板就送灯牌 :奈何有些国家作死啊,2025-06-24 07:43:00,0,0
BV1ahNvzmEoz,2025-06-17 10:00:00,-1355609519,-993584383,326686090,寒武纪666666,39,"回复 @圣歧视 :小国没有谈判权,已经不错了，至少他还算是有核的。细数一下，全球有核的国家其实真没几个",2025-06-22 07:18:00,0,0
BV1ahNvzmEoz,2025-06-17 10:00:00,-993584383,81764752,1836807,圣歧视,989,回复 @寒武纪666666 :跟这都没关系，就是他们自己崇洋媚外的人太多了，太过于相信这些所谓的国际组织,2025-06-22 08:57:00,0,0
BV1ahNvzmEoz,2025-06-17 10:00:00,-1355609519,-976970447,240734686,吸大零,19,不能这么说，美国间谍挺多的，中国也有的，只是没别的国家那么严重,2025-06-22 10:28:00,0,0
