﻿视频BV号,视频发布日期,上级评论ID,评论ID,用户ID,用户名,用户粉丝数,评论内容,评论时间,回复数,点赞数
BV1AfKwzVEga,2025-06-20 09:48:00,0,66116576,115525334,張钧霖,37,你们是自卫反击，保家卫国，正义的反击。伊朗加油。,2025-06-22 05:53:00,8,45
BV1AfKwzVEga,2025-06-20 09:48:00,66116576,-998742799,396440971,逆火天空,20,你看看新闻再发言啊，拿啥反击,2025-06-22 06:17:00,0,2
BV1AfKwzVEga,2025-06-20 09:48:00,-998742799,89680304,257552623,快变成星星吧,5,回复 @逆火天空 :中东从来不惧外来者,2025-06-22 10:22:00,0,0
BV1AfKwzVEga,2025-06-20 09:48:00,-998742799,-977531823,1860799070,在下就此别过,46,回复 @逆火天空 :拿你那核桃一样的脑袋瓜反击,2025-06-22 10:23:00,0,0
BV1AfKwzVEga,2025-06-20 09:48:00,-977531823,-970675903,396440971,逆火天空,20,回复 @在下就此别过 :我起码还有脑瓜，你那最多算脑花,2025-06-22 11:32:00,0,0
BV1AfKwzVEga,2025-06-20 09:48:00,-998742799,98500208,3493075118721246,犹豫的小黄瓜,0,回复 @逆火天空 :发视频yy反击啊！[呲牙][呲牙][呲牙] 中午我说她发的视频是假的，她还删了！[呲牙][呲牙][呲牙],2025-06-22 11:51:00,0,0
BV1AfKwzVEga,2025-06-20 09:48:00,66116576,85606864,312522243,蔚蓝小行星,34,全力支持伊朗天国反击！,2025-06-22 09:39:00,0,0
BV1AfKwzVEga,2025-06-20 09:48:00,66116576,104477360,3546386503043522,iulop,62,同样的情况为啥乌克兰就要被喷 理解不了,2025-06-22 12:52:00,0,0
BV1AfKwzVEga,2025-06-20 09:48:00,104477360,-236658767,3546722781366467,灵感触动,0,回复 @iulop :自卫和作死是两回事。,2025-06-30 01:48:00,0,0
