﻿视频BV号,视频发布日期,上级评论ID,评论ID,用户ID,用户名,用户粉丝数,评论内容,评论时间,回复数,点赞数
BV1AfKwzVEga,2025-06-20 09:48:00,0,-50828144,55916017,阿飞飞阿飞-,87,伊朗这次还算有点骨气，不知道能坚持多久,2025-06-21 04:04:00,9,10
BV1AfKwzVEga,2025-06-20 09:48:00,-50828144,-50665632,3546616850024747,椰又又,5,伊朗的导弹很多。,2025-06-21 04:05:00,0,1
BV1AfKwzVEga,2025-06-20 09:48:00,-50665632,-50455248,55916017,阿飞飞阿飞-,87,回复 @椰又又 :这个和导弹多少有关系 但不大 伊朗总给人一种 主要老美松口她就能投降的感觉 不知道是不是错觉 希望这次真的硬起来吧[笑哭],2025-06-21 04:08:00,0,1
BV1AfKwzVEga,2025-06-20 09:48:00,-50455248,-50198064,3546616850024747,椰又又,5,回复 @阿飞飞阿飞- :伊朗说没有向美国投降。,2025-06-21 04:09:00,0,0
BV1AfKwzVEga,2025-06-20 09:48:00,-50198064,-49245792,55916017,阿飞飞阿飞-,87,回复 @椰又又 :没明面头像 你看看23年至今发生的 事情[笑哭][笑哭] 只要老美拉着点 他就停止 了 但这次好像是认真的剩下的就不知道了,2025-06-21 04:18:00,0,0
BV1AfKwzVEga,2025-06-20 09:48:00,-50455248,-1108138303,3493087414323468,吃vvvvvvvvvvvvv,3,回复 @阿飞飞阿飞- :事教人一教就会，被打之后才会知道该怎么做[滑稽][滑稽][滑稽],2025-06-21 05:16:00,0,0
BV1AfKwzVEga,2025-06-20 09:48:00,-1108138303,-35643776,55916017,阿飞飞阿飞-,87,回复 @吃vvvvvvvvvvvvv :也是，没得退了,2025-06-21 06:44:00,0,0
BV1AfKwzVEga,2025-06-20 09:48:00,-50665632,-40053296,32009233,黑腹楼主,11,回复 @椰又又 :再多也不及以色列的出生率快[doge_金箍],2025-06-21 05:52:00,0,0
BV1AfKwzVEga,2025-06-20 09:48:00,-50828144,-42095312,261860346,i我佛慈悲,45,我昨天刷到一个视频，那个普啥的美丽总统让伊朗投降，每次战争都有这美丽国的事,2025-06-21 05:29:00,0,0
BV1AfKwzVEga,2025-06-20 09:48:00,-50828144,-1105681327,1476272,圓湯,729,打得一拳开，免得百拳来,2025-06-21 05:42:00,0,1
