﻿视频BV号,视频发布日期,上级评论ID,评论ID,用户ID,用户名,用户粉丝数,评论内容,评论时间,回复数,点赞数
BV1AfKwzVEga,2025-06-20 09:48:00,0,-111259920,250385143,吴仲闻,23,一旦伊朗证明了自己值得别人信任，不与恶魔做交易，不在乎背刺真正的朋友，很快伊朗会发现，二十亿伊斯兰同胞和中俄或明或暗的会支持你,2025-06-20 12:10:00,6,31
BV1AfKwzVEga,2025-06-20 09:48:00,-111259920,-1141804319,481087285,墨迹南瓜,13,快别说了，人家在外交公报里，提到了欧洲三国来解决伊核问题 ，提都没提中国，就别热脸贴冷屁股了。,2025-06-20 18:19:00,0,11
BV1AfKwzVEga,2025-06-20 09:48:00,-1141804319,-63927472,35265700,紫月之魂,20,回复 @墨迹南瓜 :这不问题就来了，伊朗老是两头下注，想拿到援助可能吗,2025-06-21 01:29:00,0,3
BV1AfKwzVEga,2025-06-20 09:48:00,-111259920,-1139218175,1344026786,耿耿星河1314,6,我觉得你说的很对，只要李云龙打日本，就连一直防范他的楚云飞也得来帮帮场子。,2025-06-20 19:38:00,0,2
BV1AfKwzVEga,2025-06-20 09:48:00,-1139218175,-1139020159,1157443578,重装医疗兵,3,回复 @耿耿星河1314 :这还真是,2025-06-20 19:50:00,0,1
BV1AfKwzVEga,2025-06-20 09:48:00,-111259920,-1138946399,1336885576,妄言招灾,71,这40年，老伊一直雄着，一直在干霸权！牛B！点赞伊朗！,2025-06-20 19:51:00,0,0
BV1AfKwzVEga,2025-06-20 09:48:00,-111259920,278957232,1894710832,鹿国总统马鹿一夸夸,34,我是伊斯兰同胞,2025-06-24 09:32:00,0,0
