﻿视频BV号,视频发布日期,上级评论ID,评论ID,用户ID,用户名,用户粉丝数,评论内容,评论时间,回复数,点赞数
BV1a7MSzYE8h,2025-06-14 14:49:00,0,-1692075759,11859091,容老夫先尿一壶,13,只有社会主义才能救伊朗，要不要我们共产国际帮忙[星星眼],2025-06-15 01:28:00,8,5
BV1a7MSzYE8h,2025-06-14 14:49:00,-1692075759,-1683853631,401622856,花花的花丢了,3,中东很复杂，小心把握不住啊,2025-06-15 03:11:00,0,5
BV1a7MSzYE8h,2025-06-14 14:49:00,-1692075759,-1676887663,473078375,雪凝裘,1299,你去帮他，不跟美国帮老蒋一样，钱全打水漂，而且他们都是信教的，脑子不一样,2025-06-15 04:23:00,0,10
BV1a7MSzYE8h,2025-06-14 14:49:00,-1676887663,-1654786287,11859091,容老夫先尿一壶,13,回复 @雪凝裘 :不帮，我开个玩笑,2025-06-15 08:41:00,0,0
BV1a7MSzYE8h,2025-06-14 14:49:00,-1692075759,-1674147007,109314167,情景小推手,7,你跟信教的说什么，慈父都不跟信教的瞎BB,2025-06-15 04:51:00,0,7
BV1a7MSzYE8h,2025-06-14 14:49:00,-1692075759,-1669444831,1528868,屠夫TX,3258,宗教国家从上到下脑子都抽象的，不能用正常国家的理性思维去对待[doge],2025-06-15 05:40:00,0,4
BV1a7MSzYE8h,2025-06-14 14:49:00,-1692075759,-609425920,8716537,雾_溟,9,"问:也门胡塞为什么没有被美国和以色列间谍侵入
答:因为胡赛把波斯的顾问赶走了",2025-06-15 07:12:00,0,5
BV1a7MSzYE8h,2025-06-14 14:49:00,-1692075759,-1632384831,409294061,往烟丶醉留思,7,"你如果看过小约翰讲苏联为什么要入侵阿富汗就知道了，宗教国家里讲社会主义根本行不通的，文化越落后的地区宗教的势力越强大。
我再说个最简单的道理，让人走出舒适区是一件很困难的事，让一个国家的人走出舒适区更是一件需要长期努力的事情。",2025-06-15 12:47:00,0,2
BV1a7MSzYE8h,2025-06-14 14:49:00,-1632384831,-1630911119,11859091,容老夫先尿一壶,13,回复 @往烟丶醉留思 :嗯,2025-06-15 13:02:00,0,0
