﻿视频BV号,视频发布日期,上级评论ID,评论ID,用户ID,用户名,用户粉丝数,评论内容,评论时间,回复数,点赞数
BV1AMNxzrEbo,2025-06-19 06:37:00,0,-221644144,432777644,伙记有空唠唠嗑,323,"“善战者无赫赫之功”这句话不是其他文明背景者能轻易理解的…[doge]
兔子：学我者生 似我者死[OK]世界达成一种奇怪的共识：中国行，我也行[doge]",2025-06-19 09:17:00,6,405
BV1AMNxzrEbo,2025-06-19 06:37:00,-221644144,-190123552,1755961418,反手控不短,25,美国人其实理解的，所以他们怕中国怕得要死,2025-06-19 15:01:00,0,36
BV1AMNxzrEbo,2025-06-19 06:37:00,-221644144,-174609008,795527,wgl909,15,几千年中华文明所造就的凝聚力和包容力，同化力是世界上任何一个国家和民族都没有，也学不会的。,2025-06-19 20:02:00,0,27
BV1AMNxzrEbo,2025-06-19 06:37:00,-221644144,-160851376,10699128,波士屯圆肝,3,有没有可能中国要的就是这个奇怪的共识，只要他们都觉得自己能行，就都会想试试看，都会变的不安分，这样子治理成本变大的是美利坚这个世界帝国，要是所有国家都老老实实一潭死水，对中国反而不利,2025-06-20 02:24:00,0,19
BV1AMNxzrEbo,2025-06-19 06:37:00,-221644144,-15908864,233668843,林黛玉二桃杀三士,10,[doge]不对，他们能理解的，但是……国家太年轻。打个不恰当的比喻：“快撤！有狙！”“我看看怎么个狙”,2025-06-21 10:30:00,0,3
BV1AMNxzrEbo,2025-06-19 06:37:00,-221644144,-1063835647,104446450,天使丶丶之翼,3,经济上确实还有差距 但是军事上，已经是55开了，所以美国采取军事行动都必须要考虑我方的看法,2025-06-21 13:26:00,0,2
BV1AMNxzrEbo,2025-06-19 06:37:00,-1063835647,150498944,1429136740,会方,40,回复 @天使丶丶之翼 :恐怕已经不是55开了吧[滑稽]，我们现在和美国的差距已经越来越小，当然以后会越来越大[滑稽],2025-06-23 02:57:00,0,0
