﻿视频BV号,视频发布日期,上级评论ID,评论ID,用户ID,用户名,用户粉丝数,评论内容,评论时间,回复数,点赞数
BV1AMNxzrEbo,2025-06-19 06:37:00,0,-1291347583,350173961,偶像灬灬LZY,118,我就很好奇，为什么欧盟对于伊朗有这么大的仇恨？[笑哭]按理说这两家也没什么矛盾吧？,2025-06-19 06:58:00,22,7
BV1AMNxzrEbo,2025-06-19 06:37:00,-1291347583,-231410528,1333073324,宝你个头啦,46,伊朗倒下了，欧洲可以随便取伊朗的石油，谁都想要便宜的石油呢。,2025-06-19 06:59:00,0,22
BV1AMNxzrEbo,2025-06-19 06:37:00,-231410528,-1291192959,350173961,偶像灬灬LZY,118,回复 @宝你个头啦 :但是德国这个表现，实在是过于激进了，不知道的以为伊朗和德国有什么国仇家恨呢，政治作秀也不至于这么夸张吧[辣眼睛],2025-06-19 07:01:00,0,7
BV1AMNxzrEbo,2025-06-19 06:37:00,-1291192959,-1290902751,36337770,锋的梦里啥都有,49,回复 @偶像灬灬LZY :优秀学生表现然三德子满意啊[doge],2025-06-19 07:04:00,0,1
BV1AMNxzrEbo,2025-06-19 06:37:00,-231410528,-229529328,14794806,VKMAN,7,回复 @宝你个头啦 :不一定啊，被老美控制了原油指不定涨价呢.,2025-06-19 07:28:00,0,0
BV1AMNxzrEbo,2025-06-19 06:37:00,-231410528,-1287756399,275690078,w不知是誰w,57,回复 @宝你个头啦 :耽误欧美赚钱了呗，干掉伊朗就随便搞石油了,2025-06-19 07:53:00,0,1
BV1AMNxzrEbo,2025-06-19 06:37:00,-231410528,347708288,3492972767218649,taodamon,7,"回复 @宝你个头啦 :不可能，欧洲大陆在中东的直接影响力已经完蛋70年了，二战以前也没啥势力，都是英国管的。

中东明面上的五大势力是美英以、波斯、阿拉伯、俄罗斯、土耳其。",2025-06-25 03:46:00,0,0
BV1AMNxzrEbo,2025-06-19 06:37:00,-1291347583,-231233504,3546835551521111,恶狼之诱,5,利益啊,2025-06-19 07:01:00,0,5
BV1AMNxzrEbo,2025-06-19 06:37:00,-231233504,-1291181231,350173961,偶像灬灬LZY,118,回复 @恶狼之诱 :什么利益？,2025-06-19 07:02:00,0,2
BV1AMNxzrEbo,2025-06-19 06:37:00,-1291347583,-231142144,3493297634937021,阿叶99,20,这样可以表面他德国已经彻底洗心革面了，不是二战邪恶的faxsi了,2025-06-19 07:04:00,0,5
BV1AMNxzrEbo,2025-06-19 06:37:00,-1291347583,-231042000,3493297634937021,阿叶99,20,他和伊朗没有大冲突，但是他必须得向以色列示好啊[吃瓜]，不然试想一下德国又迫害柚子的风向他受不了,2025-06-19 07:05:00,0,12
BV1AMNxzrEbo,2025-06-19 06:37:00,-1291347583,-1287937391,595228253,香菜味辣椒巧克力,22,宗教，种族！现在欧洲各国伊斯兰和印度人成多数了。他们害怕伊斯兰变相控制国家。所以忌讳伊斯兰大国崛起,2025-06-19 07:49:00,0,3
BV1AMNxzrEbo,2025-06-19 06:37:00,-1287937391,-1286648591,350173961,偶像灬灬LZY,118,回复 @香菜味辣椒巧克力 :但是伊朗是什叶派呀？什叶派又没有入侵欧洲,2025-06-19 08:09:00,0,1
BV1AMNxzrEbo,2025-06-19 06:37:00,-1286648591,-226291392,456916600,核桃壕,54,回复 @偶像灬灬LZY :兄弟，真心推荐你看看心医林霖的新视频，虽然长，但是很过瘾。,2025-06-19 08:15:00,0,0
BV1AMNxzrEbo,2025-06-19 06:37:00,-226291392,-1285517039,350173961,偶像灬灬LZY,118,回复 @核桃壕 :好的我去看看[doge],2025-06-19 08:26:00,0,0
BV1AMNxzrEbo,2025-06-19 06:37:00,-1286648591,-226123088,456916600,核桃壕,54,回复 @偶像灬灬LZY :【德黑兰助特朗普平叛，以色列送加州国并天-哔哩哔哩】 https://b23.tv/gzZMkoB,2025-06-19 08:16:00,0,0
BV1AMNxzrEbo,2025-06-19 06:37:00,-1286648591,-225906640,456916600,核桃壕,54,回复 @偶像灬灬LZY :视频4分50秒处就有你要的答案,2025-06-19 08:21:00,0,0
BV1AMNxzrEbo,2025-06-19 06:37:00,-1291347583,-1285617423,12419393,tttwht007,0,没仇亲以而已！！！,2025-06-19 08:24:00,0,0
BV1AMNxzrEbo,2025-06-19 06:37:00,-1291347583,-1270819855,487931864,聆微听雨,28,当你家门口处处是小阿小黑的时候，就知道为什么了。舆论只能推波助澜，不能无风起浪。,2025-06-19 11:20:00,0,0
BV1AMNxzrEbo,2025-06-19 06:37:00,-1291347583,-159945536,3546749085943937,瓜脑阔,10,两伊战争就是两超代理人战争 不料忽然伊朗就被伊斯兰革命偷了家 自此结下了梁子 伊拉克被灭吧朗子的卵黄都吓成白的了 结果就是现在的千疮百孔样子了,2025-06-20 02:39:00,0,0
BV1AMNxzrEbo,2025-06-19 06:37:00,-1291347583,-132094592,646248243,不爱吃芒果?_?,4,归根结底的一件事，伊朗有核武器这个事情对我们是好还是不好？从以往的事件来看，这些个国家一旦实力有了质的提升，野心只会越来越大，中东这群没什么好鸟的，根本没几个人会在意底层过的有多苦，他们只考虑这片地方是不是我话事,2025-06-20 08:34:00,0,1
BV1AMNxzrEbo,2025-06-19 06:37:00,-1291347583,-11458688,393415513,左季高平定西北,30,"98年印度宣布拥核之后，不到几个月，巴基斯坦就也拥核了。
你猜，谁在背后？[滑稽]",2025-06-21 11:14:00,0,0
BV1AMNxzrEbo,2025-06-19 06:37:00,-1291347583,331936496,1049978637,五阿迪,14,你看看世界上非五眼的资源国家是什么现状。,2025-06-24 23:36:00,0,0
