﻿视频BV号,视频发布日期,上级评论ID,评论ID,用户ID,用户名,用户粉丝数,评论内容,评论时间,回复数,点赞数
BV1ahNvzmEoz,2025-06-17 10:00:00,0,-398737072,343895818,在下一飞,32,伊朗这么硬气的吗,2025-06-17 11:16:00,8,16
BV1ahNvzmEoz,2025-06-17 10:00:00,-398737072,-1437657007,490100463,阿强爱拧螺丝,4,哈梅内伊再懦下去，政权没了,2025-06-17 14:41:00,0,19
BV1ahNvzmEoz,2025-06-17 10:00:00,-398737072,-376590784,21443709,克村老版,6,已经很丢人了，也买了俄罗斯不少S300了，结果被打了个制空全丧核设施重创,2025-06-17 15:03:00,0,18
BV1ahNvzmEoz,2025-06-17 10:00:00,-376590784,-375348304,343895818,在下一飞,32,回复 @克村老版 :这个确实被打的惨,2025-06-17 15:16:00,0,1
BV1ahNvzmEoz,2025-06-17 10:00:00,-398737072,-1425847871,277023086,咕嘚喵柠,8,都被欺负惨了才硬气,2025-06-17 17:01:00,0,0
BV1ahNvzmEoz,2025-06-17 10:00:00,-398737072,-366824352,12114508,比奇堡老猎人,47,因为死了这么多高层 核设施被人炸，再不反击这个政权的合法性会被自己人推下去,2025-06-17 17:02:00,0,6
BV1ahNvzmEoz,2025-06-17 10:00:00,-398737072,-366671376,388974529,abyssrain8888,12,像跪人家不让啊，去年其实就有苗头了,2025-06-17 17:02:00,0,0
BV1ahNvzmEoz,2025-06-17 10:00:00,-398737072,-67546048,28487538,赞妮_不想996,455,刀都已经架到脖子上刮出血痕了，再不硬气就要死了[笑哭],2025-06-21 00:31:00,0,3
BV1ahNvzmEoz,2025-06-17 10:00:00,-398737072,-1067204319,337898899,今天没练腹肌,36,再不反击就灭国了,2025-06-21 12:53:00,0,0
