﻿视频BV号,视频发布日期,上级评论ID,评论ID,用户ID,用户名,用户粉丝数,评论内容,评论时间,回复数,点赞数
BV1AfKwzVEga,2025-06-20 09:48:00,0,-73566832,108879235,TheVanityFair,2,[支持]加油伊朗，为了加沙的死去儿童们！,2025-06-20 21:17:00,9,59
BV1AfKwzVEga,2025-06-20 09:48:00,-73566832,88828160,108879235,TheVanityFair,2,"回复多了能拿经费是吧大殖子？你从始至终都是在发些低智回复，把那些死去的孩子在当做冰冷的数字。

你看看你那狗屁倒灶的动态，黑哪吒反而去推荐烂爆米花电影，不根据老中的利益，去支持我们目前需要拉拢的一方，反而去支持乌克兰的。还聚集了人口吧那些糟粕。你这种东西吃米就是浪费粮食啊",2025-06-22 10:13:00,0,1
