﻿视频BV号,视频发布日期,上级评论ID,评论ID,用户ID,用户名,用户粉丝数,评论内容,评论时间,回复数,点赞数
BV1a7MSzYE8h,2025-06-14 14:49:00,0,-650912320,441107628,_灵境,388,这才是真实的伊朗,2025-06-14 20:16:00,26,233
BV1a7MSzYE8h,2025-06-14 14:49:00,-650912320,-649333360,6957638,明天的前天是今天吗,96,热知识：埃及也是老叛徒了，第二次中东战争就是现在大号的伊，别人在拼命志愿他，他反手就把别人卖了，自己投降了,2025-06-14 21:49:00,0,30
BV1a7MSzYE8h,2025-06-14 14:49:00,-649333360,-1698366127,391924212,梅非畏寒,8,回复 @明天的前天是今天吗 :不一样好吧，当时埃及再不停战，整个国家就完了，其他阿拉伯国家动动嘴，埃及在全力挨打。,2025-06-14 23:24:00,0,11
BV1a7MSzYE8h,2025-06-14 14:49:00,-649333360,-1680784735,94897184,Viva-la-vide,308,回复 @明天的前天是今天吗 :不如让胡赛做大做强,2025-06-15 03:44:00,0,2
BV1a7MSzYE8h,2025-06-14 14:49:00,-649333360,-628412384,691976127,orz天才,2,回复 @明天的前天是今天吗 :因为埃及再不跟以色列和谈整个国家都要被打没了，埃及就有叙利亚勉强算一个盟友，其他的约旦沙特虽然战争的时候出冰了，但和平时期也天天发电台嘲讽埃及。但他们嘲讽埃及也是埃及活该的，因为纳赛尔把约旦、沙特这种有国王的国家称为反动政权。只能说这就是阿拉伯大区的优秀匹配机制,2025-06-15 03:49:00,0,3
BV1a7MSzYE8h,2025-06-14 14:49:00,-650912320,-1700531135,431939793,冰羽_魄,27,不得不说，可汗讲的很中肯了，这也是他在介绍埃及的时候极力避免了这个在前四次中东战争中中东内部的最关键因素的原因之一了。,2025-06-14 21:50:00,0,32
BV1a7MSzYE8h,2025-06-14 14:49:00,-1700531135,-649131536,20526210,普普w,42,回复 @冰羽_魄 :避免了什么？ 你这句话不通顺 看不出意思,2025-06-14 21:56:00,0,1
BV1a7MSzYE8h,2025-06-14 14:49:00,-649131536,-1700372207,431939793,冰羽_魄,27,回复 @普普w :你可以看看可汗的那三期埃及介绍视频，完全没有提到伊朗。但是在那四次中东战争中，伊朗在里面实际上是对美以有极强的支持的（不少还是决定性因素）。对美来说，当时伊朗的巴列维王朝可比以要重要的多。至于为什么不提伊朗，这两张截图已经为我们解释了一部分了。,2025-06-14 22:02:00,0,29
BV1a7MSzYE8h,2025-06-14 14:49:00,-1700372207,-626909776,20526210,普普w,42,回复 @冰羽_魄 :感谢解答。避免提及伊朗 这样就通了。两张图片内容都看完了，说的很透彻。,2025-06-15 04:03:00,0,1
BV1a7MSzYE8h,2025-06-14 14:49:00,-650912320,-646399216,230129928,真红逆袭,6,[吃瓜]埃及现在也靠不住 粮食命脉不能自己掌控 谁把他粮食掐死 他就听谁的,2025-06-14 23:42:00,0,8
BV1a7MSzYE8h,2025-06-14 14:49:00,-650912320,-646048272,68086522,srlb2008,5,伊朗就是小族临大国才导致现在这样的,2025-06-14 23:49:00,0,3
BV1a7MSzYE8h,2025-06-14 14:49:00,-646048272,-1679573711,502366170,得分后卫恩比德,16,回复 @srlb2008 :哈梅内伊是波斯人好吧,2025-06-15 03:57:00,0,0
BV1a7MSzYE8h,2025-06-14 14:49:00,-1679573711,-621354880,13743100,latherman,4,回复 @得分后卫恩比德 :哈梅内伊不是阿塞拜疆族吗？,2025-06-15 04:57:00,0,0
BV1a7MSzYE8h,2025-06-14 14:49:00,-621354880,-1670925039,502366170,得分后卫恩比德,16,回复 @latherman :卢克文发了个视频全网就开始什么小族临大国了，拿着清廷往人家身上套，首先阿塞拜疆人占了伊朗百分之25左右，波斯人也才百分之50多，不是清廷那种几十万人统治几亿人，其次阿塞拜疆人和波斯人一起生活了上千年，不是清廷那种边疆民族入关，伊斯兰教的国家组成和东亚欧洲差别很大，小民族是可以通过宗教信仰组织多民族大国的，历史上撒拉丁、奥斯曼都是小族统治大国，而且奥斯曼帝国有将近500年历史。以己度人是不能看到本质的。伊朗的问题是，它现在部分采用西方的选举制，那就必然损害了传统伊斯兰统治模式，选举制的特色就是不断找内部矛盾，不断大欺小，那就必然民族矛盾严重，无法统一内部利益。伊斯兰国家在现代社会比较成功模式大概是两种，1.是土耳其这类回归单一民族国家，2.是沙特、阿富汗这类回归原教旨主义。,2025-06-15 05:23:00,0,3
BV1a7MSzYE8h,2025-06-14 14:49:00,-646048272,-622223408,390304442,龙头山的薄雾微雨,52,回复 @srlb2008 :总共8千万人，阿族两千多万人。不算小族了,2025-06-15 04:49:00,0,0
BV1a7MSzYE8h,2025-06-14 14:49:00,-646048272,-619546096,34863312,骑士战鹰,11,回复 @srlb2008 :跟叙利亚不太一样，叙利亚才是,2025-06-15 05:16:00,0,0
BV1a7MSzYE8h,2025-06-14 14:49:00,-650912320,-1697159295,457240850,不知取什么名_阿余,4,得了吧，别下大棋了，不然还会有伊朗大棋的结果[嗑瓜子],2025-06-14 23:58:00,0,1
BV1a7MSzYE8h,2025-06-14 14:49:00,-1697159295,-624846176,51885514,明天没有早课嘻嘻,25,回复 @不知取什么名_阿余 :认字吗,2025-06-15 04:23:00,0,0
BV1a7MSzYE8h,2025-06-14 14:49:00,-624846176,-1605541167,457240850,不知取什么名_阿余,4,回复 @明天没有早课嘻嘻 :你认字吗？,2025-06-15 18:29:00,0,0
BV1a7MSzYE8h,2025-06-14 14:49:00,-650912320,-629762512,258410207,丶镜花水月,2,不错，写的挺好,2025-06-15 03:36:00,0,0
BV1a7MSzYE8h,2025-06-14 14:49:00,-650912320,-1681131359,278479855,Johnny萝ド牙丶,90,阿朗连自己都不了解自己怎么个情况，外人就更难懂了[笑哭],2025-06-15 03:41:00,0,2
BV1a7MSzYE8h,2025-06-14 14:49:00,-1681131359,-1677914159,31069165,长空飞歌,244,回复 @Johnny萝ド牙丶 :晚清,2025-06-15 04:14:00,0,1
BV1a7MSzYE8h,2025-06-14 14:49:00,-650912320,-1675613135,16225695,西南唯一毛肚,164,里面有句话说得经典，一个政权可以弱可以穷，但不可以失能,2025-06-15 04:36:00,0,10
BV1a7MSzYE8h,2025-06-14 14:49:00,-650912320,-1675011119,3546894758316560,晚风明信片,0,很多人就是不信伊朗就是这吊样[笑哭]其实就是这吊样，所以干啥都拧巴自相矛盾,2025-06-15 04:41:00,0,5
BV1a7MSzYE8h,2025-06-14 14:49:00,-650912320,-622266592,243175248,忙时偷个闲123,12,真是又臭又长,2025-06-15 04:48:00,0,0
BV1a7MSzYE8h,2025-06-14 14:49:00,-650912320,-621133792,13743100,latherman,4,伊朗就是阿塞拜疆小族临大国，推翻教士集团，波斯人掌握政权才能恢复正常,2025-06-15 04:59:00,0,1
BV1a7MSzYE8h,2025-06-14 14:49:00,-621133792,-619483184,34863312,骑士战鹰,11,回复 @latherman ::跟叙利亚不太一样，叙利亚才是,2025-06-15 05:16:00,0,0
