﻿视频BV号,视频发布日期,上级评论ID,评论ID,用户ID,用户名,用户粉丝数,评论内容,评论时间,回复数,点赞数
BV1ahKuzyERV,2025-06-24 04:48:00,0,262646352,19811304,给我点赞的皆为咸鱼,111,中国监测船:挺好，收集了一波导弹攻防数据，还赚了一波b2的[脱单doge],2025-06-24 05:53:00,6,223
BV1ahKuzyERV,2025-06-24 04:48:00,262646352,-804956111,444661182,回梦灵昌,31,你打你的，我测我的[脱单doge],2025-06-24 06:46:00,0,32
BV1ahKuzyERV,2025-06-24 04:48:00,262646352,-796572127,16098467,漆黑流星雨,23,"B2过来815录入身份证[doge]
你还会飞过来吗[妙啊]",2025-06-24 08:47:00,0,14
BV1ahKuzyERV,2025-06-24 04:48:00,262646352,-782439951,553949478,西瓜味的炒土豆,2,B2从欧洲过来的，没走印度洋波斯湾。不清楚815探测范围是否覆盖了伊朗的三个核设施，也不确定是否探测到了,2025-06-24 11:21:00,0,2
BV1ahKuzyERV,2025-06-24 04:48:00,-782439951,297117328,19811304,给我点赞的皆为咸鱼,111,回复 @西瓜味的炒土豆 :那就不知道带没带米波雷达了，理论上这个距离应该不是啥问题吧…,2025-06-24 12:41:00,0,0
BV1ahKuzyERV,2025-06-24 04:48:00,262646352,341898384,479713237,硬币多就是改着玩,33,815：（眼镜一摘）让我看看！,2025-06-25 02:32:00,0,0
BV1ahKuzyERV,2025-06-24 04:48:00,341898384,415045216,3546663293552905,围观群众吃瓜路人甲,0,回复 @硬币多就是改着玩 :看中会不会在巴基斯坦边境去探？,2025-06-25 16:38:00,0,0
