﻿视频BV号,视频发布日期,上级评论ID,评论ID,用户ID,用户名,用户粉丝数,评论内容,评论时间,回复数,点赞数
BV1ajMmz4Egg,2025-06-14 09:54:00,0,-699649920,10512719,一一家的嘎嘎,1581,这个让我想起前一次伊朗被袭也是打了一波以色列，后来就没下文了[笑哭][笑哭]…不知道这次会不会复制上次,2025-06-14 10:03:00,10,106
BV1ajMmz4Egg,2025-06-14 09:54:00,-699649920,-699660800,242328,白牛,16,包复制的,2025-06-14 10:04:00,0,49
BV1ajMmz4Egg,2025-06-14 09:54:00,-699649920,-1749804495,3493283630156073,着B站重名太多了,3,一样的，伊朗反制以色列的手段少，胆子也小。刷会火箭就行了。,2025-06-14 10:05:00,0,38
BV1ajMmz4Egg,2025-06-14 09:54:00,-699649920,-1749168879,512687978,米拉茉莉,2,还能咋样？伊朗这个前现代国家没前途的！,2025-06-14 10:10:00,0,14
BV1ajMmz4Egg,2025-06-14 09:54:00,-699649920,-1749203295,267087652,忆碎梦归,86,没啥下文了，导弹发射车没几辆了，就算想反击也没多少手了[笑哭],2025-06-14 10:11:00,0,7
BV1ajMmz4Egg,2025-06-14 09:54:00,-699649920,-698576848,279041243,爬上秦岭钓大鱼,37,升旗！,2025-06-14 10:14:00,0,1
BV1ajMmz4Egg,2025-06-14 09:54:00,-699649920,-698365840,295339011,柒号司马懿,97,还手是单纯[doge]为了不丧失执法权的合理，，，,2025-06-14 10:15:00,0,2
BV1ajMmz4Egg,2025-06-14 09:54:00,-699649920,-698427360,358269546,戒骄戒躁静心神,19,他俩国隔了一千多公里，中间还有伊拉克叙利亚，除了互射导弹地面战不现实。,2025-06-14 10:16:00,0,3
BV1ajMmz4Egg,2025-06-14 09:54:00,-699649920,-697483120,224033211,筑城院小灰灰,21,听别人分析伊朗的导弹可能没有大部分人预料的多,2025-06-14 10:25:00,0,3
BV1ajMmz4Egg,2025-06-14 09:54:00,-699649920,-686882480,3493261498911431,余贰22,14,其实除了打一波导弹，多发射些无人机，大伊能做出的选择本就不多。跨越上千公里和两个其他国家派陆军去打以色列，这个可操作性太小了，先不说伊拉克叙利亚现zf都不会同意，就是同意了，上千公里的后勤补给线，在完全失去空优的情况，几乎可以肯定无法保障，这样的装甲集团长途奔袭容易成靶子，纯步兵渗透大概率也不会有啥成果。,2025-06-14 12:11:00,0,1
BV1ajMmz4Egg,2025-06-14 09:54:00,-699649920,-1674061359,22115687,好吃不过肉包子,34,我觉得伊朗要么一开始就苟着，要么就一波把以色列灭了，不然就是在消耗自己。,2025-06-15 04:52:00,0,1
