﻿视频BV号,视频发布日期,上级评论ID,评论ID,用户ID,用户名,用户粉丝数,评论内容,评论时间,回复数,点赞数
BV1AMNxzrEbo,2025-06-19 06:37:00,0,-1152957023,237655686,清松明月清风,4,伊朗永远都在，在的是被现代文明沐浴下的伊朗，女人被尊重的伊朗,2025-06-20 15:35:00,7,5
BV1AMNxzrEbo,2025-06-19 06:37:00,-1152957023,-1138232399,11243999,czhou65,42,指的是打砸特斯拉的美国人吗？,2025-06-20 20:33:00,0,0
BV1AMNxzrEbo,2025-06-19 06:37:00,-1152957023,-1030752927,1382413656,熏风入弦声声慢,10,伊朗高校学生380万人，其中女性220万，现代文明沐浴下的美国有这比例吗？,2025-06-21 23:42:00,0,5
BV1AMNxzrEbo,2025-06-19 06:37:00,-1030752927,168327824,72192427,有意逃避,0,回复 @熏风入弦声声慢 : 不用着急，神权统治迟早药丸，我们看得到,2025-06-23 06:25:00,0,0
BV1AMNxzrEbo,2025-06-19 06:37:00,168327824,177994320,652344707,哈鸭库已存在,0,回复 @有意逃避 :那也应该是伊朗人自己的革命，不是由美西方主导的,2025-06-23 08:42:00,0,0
BV1AMNxzrEbo,2025-06-19 06:37:00,177994320,267828880,72192427,有意逃避,0,回复 @冲击我已经怒火中烧了 : 看看伊朗人的反应，伊朗人好像并不反感美西方的介入。没有美西方的介入，伊朗人想推翻神权统治最少还要几十年。,2025-06-24 07:05:00,0,0
BV1AMNxzrEbo,2025-06-19 06:37:00,267828880,-626571583,1382413656,熏风入弦声声慢,10,回复 @有意逃避 :伊朗的底层民众不反对教士集团，但伊朗的文官集团极度反对教士集团。买办不依靠外部势力，怎么推翻伊朗教士集团，他们又不维护底层民众,2025-06-26 04:54:00,0,0
BV1AMNxzrEbo,2025-06-19 06:37:00,-626571583,657925392,72192427,有意逃避,0,回复 @熏风入弦声声慢 :你是开玩笑，那个人会喜欢神权统治，一般的国家是被统治阶级剥削一次，伊朗是2次。,2025-06-28 05:46:00,0,0
