﻿视频BV号,视频发布日期,上级评论ID,评论ID,用户ID,用户名,用户粉丝数,评论内容,评论时间,回复数,点赞数
BV1ahNvzmEoz,2025-06-17 10:00:00,0,-335310768,689490325,好大一只咕咕鸡,2,伊朗和以色列宣布开战了吗[吃瓜],2025-06-18 04:38:00,20,12
BV1ahNvzmEoz,2025-06-17 10:00:00,-335310768,-1393363615,8980179,彩色线条CL,9,没宣，以色列没有很好的借口，伊朗目前看态势还觉得不到宣战时刻，都打算跪了，但是川宝不给。,2025-06-18 04:51:00,0,26
BV1ahNvzmEoz,2025-06-17 10:00:00,-1393363615,-310130368,689490325,好大一只咕咕鸡,2,回复 @彩色线条CL :这样子啊，我看打得还挺激烈的，还以为要开战了[笑哭],2025-06-18 10:05:00,0,0
BV1ahNvzmEoz,2025-06-17 10:00:00,-335310768,-327254496,95353010,排行第二的老六,77,宣战不了的，只能激情互射，因为两国直接有个约旦，约旦不开放通道让陆军过，就宣战不起来,2025-06-18 06:17:00,0,14
BV1ahNvzmEoz,2025-06-17 10:00:00,-327254496,-310186048,689490325,好大一只咕咕鸡,2,回复 @排行第二的老六 :这样子啊，我看打得还挺激烈的，还以为要开战了[笑哭],2025-06-18 10:06:00,0,0
BV1ahNvzmEoz,2025-06-17 10:00:00,-310186048,-306311968,95353010,排行第二的老六,77,回复 @好大一只咕咕鸡 :领土不接壤怎么开战[喜极而泣]，又不是俄乌那种接壤的，没地面进攻怎么占领[喜极而泣],2025-06-18 10:48:00,0,1
BV1ahNvzmEoz,2025-06-17 10:00:00,-335310768,-319401872,16022017,丸山汽修店,108,中间隔着别的国呢，战不了一点[脱单doge],2025-06-18 08:12:00,0,12
BV1ahNvzmEoz,2025-06-17 10:00:00,-319401872,-310110320,689490325,好大一只咕咕鸡,2,回复 @丸山汽修店 :哦哦，我看打得还挺激烈的，还以为要开战了[笑哭],2025-06-18 10:06:00,0,0
BV1ahNvzmEoz,2025-06-17 10:00:00,-335310768,-1367778079,10059395,HaterOfWealth,13,都不接壤怎么宣战？而且宣战都是上个世纪的玩法了，俄乌打了三年也没宣战,2025-06-18 10:19:00,0,7
BV1ahNvzmEoz,2025-06-17 10:00:00,-1367778079,-1312058671,411213168,防水摄影师,486,回复 @HaterOfWealth :宣不宣有什么意义嘛,2025-06-19 02:27:00,0,0
BV1ahNvzmEoz,2025-06-17 10:00:00,-335310768,-1367214671,155945471,黑檀之心,21,"近现代有几个宣战的，俄罗斯说特别军事行动，印度说反恐。
宣战就是道德陷阱，明确表示是自己挑起战争，就算是反击，那别人不宣你为什么要宣。以后恐怕也没几个宣战的，有那么多借口不用为什么要置自己于道德不利的地位",2025-06-18 10:25:00,0,11
BV1ahNvzmEoz,2025-06-17 10:00:00,-1367214671,-1359017775,3546720424167759,碰撞-,0,回复 @黑檀之心 :一语中的,2025-06-18 11:53:00,0,0
BV1ahNvzmEoz,2025-06-17 10:00:00,-335310768,-307753616,350302534,Wildplants,23,首选宣战就代表没有回旋余地了，后续想停战，那就是一方投降而不是和谈，再者先宣战的会被认为好战国家影响国际地位无人支持，不宣战的反而可以打着抵抗侵略的口号出战,2025-06-18 10:33:00,0,1
BV1ahNvzmEoz,2025-06-17 10:00:00,-335310768,-1363962879,600660179,bili_600660179,65,伊朗 领导人 都没了 伊朗确实 没有 办法宣战了,2025-06-18 10:58:00,0,0
BV1ahNvzmEoz,2025-06-17 10:00:00,-335310768,-302498928,1117226118,月亮不是弯的吗,1,伊朗这宣言像不像慈禧说的：“我要洋人死”[微笑],2025-06-18 11:28:00,0,0
BV1ahNvzmEoz,2025-06-17 10:00:00,-335310768,-1360313087,39326596,新的不能再新了啊,181,这宣战，中间国家直接懵逼了,2025-06-18 11:38:00,0,1
BV1ahNvzmEoz,2025-06-17 10:00:00,-335310768,-1358682559,3546720424167759,碰撞-,0,不要看他们说什么，要看他们做什么，都发射导弹了还不算打仗那怎样才算,2025-06-18 11:55:00,0,0
BV1ahNvzmEoz,2025-06-17 10:00:00,-1358682559,-293529008,387492108,看你个信球,31,回复 @碰撞- :所以炸了哪些重要的设施？,2025-06-18 13:04:00,0,0
BV1ahNvzmEoz,2025-06-17 10:00:00,-293529008,-1346347311,3546720424167759,碰撞-,0,回复 @看你个信球 :自己看新闻啊，你问我我问谁去,2025-06-18 14:09:00,0,0
BV1ahNvzmEoz,2025-06-17 10:00:00,-335310768,-289936576,99271729,NIFE夜永夕,1534,是这样，国际法里合法攻击他国只有自卫，所以一般都是打着生存受威胁或反恐的名义搞点特别军事行动，即使是美国现在也不敢轻易跟别国宣战。,2025-06-18 13:44:00,0,1
BV1ahNvzmEoz,2025-06-17 10:00:00,-335310768,-1279769647,35140960,原生生物界,321,除非美军下场，否则以战胜不了伊朗，只能用飞机扔扔炸弹这样子，陆军又过不去伊朗大多是高原，战争潜力也比以大多了[妙啊],2025-06-19 09:43:00,0,0
