﻿视频BV号,视频发布日期,上级评论ID,评论ID,用户ID,用户名,用户粉丝数,评论内容,评论时间,回复数,点赞数
BV1aANRzqE5d,2025-06-22 10:19:00,0,168441808,8970420,徐mera,34,流浪传统[喜极而泣],2025-06-23 06:26:00,7,13
BV1aANRzqE5d,2025-06-22 10:19:00,168441808,-888520239,30997,御坂小鱼,43,学下历史吧，波斯人怎么就流浪了,2025-06-23 09:12:00,0,0
BV1aANRzqE5d,2025-06-22 10:19:00,-888520239,182595280,1111479414,阿嫲门前的葡萄树,1,回复 @御坂小鱼 :他说的是犹太人[嫌弃],2025-06-23 09:37:00,0,3
BV1aANRzqE5d,2025-06-22 10:19:00,-888520239,-885819983,216993081,丨干净又卫生嗷丨,10,回复 @御坂小鱼 :流浪不是和犹太捆绑的词吗你是怎么跟波斯联想上的,2025-06-23 09:46:00,0,1
BV1aANRzqE5d,2025-06-22 10:19:00,-888520239,191725264,8970420,徐mera,34,回复 @御坂小鱼 :铁板咸鱼[妙啊]丢人玩意,2025-06-23 11:10:00,0,1
BV1aANRzqE5d,2025-06-22 10:19:00,-888520239,-873379055,10170089,少司命的情书,58,回复 @御坂小鱼 :日语讲多了连关联词句联想都做不到了么,2025-06-23 11:54:00,0,0
BV1aANRzqE5d,2025-06-22 10:19:00,-873379055,-862852783,30997,御坂小鱼,43,回复 @少司命的情书 : 点开主页，米哈游，合理,2025-06-23 13:45:00,0,0
BV1aANRzqE5d,2025-06-22 10:19:00,168441808,183389104,392809341,龙女家的大萝卜,12,以及剥削传统和下毒传统[藏狐],2025-06-23 09:45:00,0,0
