﻿视频BV号,视频发布日期,上级评论ID,评论ID,用户ID,用户名,用户粉丝数,评论内容,评论时间,回复数,点赞数
BV1ahNvzmEoz,2025-06-17 10:00:00,0,-1351430575,337438166,咯本儿,1,不趁着这时候中东团结一把[doge],2025-06-18 13:17:00,6,8
BV1ahNvzmEoz,2025-06-17 10:00:00,-1351430575,-292158160,1323879900,一十一二二1313,28,中东团结以色列早没了[doge],2025-06-18 13:20:00,0,5
BV1ahNvzmEoz,2025-06-17 10:00:00,-1351430575,-1350995439,270830887,蓝莓鹦鹉,67,六国论,2025-06-18 13:21:00,0,0
BV1ahNvzmEoz,2025-06-17 10:00:00,-1351430575,-288662960,99271729,NIFE夜永夕,1534,要团结，之前那么多次中东战争和以色列搞的斩首暗杀轰炸，早团结了,2025-06-18 13:56:00,0,0
BV1ahNvzmEoz,2025-06-17 10:00:00,-1351430575,-1329506447,61205453,,0,一盘散沙，都有自己的算盘，团结不起来的。,2025-06-18 17:37:00,0,0
BV1ahNvzmEoz,2025-06-17 10:00:00,-1351430575,-242487824,10270892,番茄暖墨,0,中东团结起来以色列都建不了国,2025-06-19 04:34:00,0,0
BV1ahNvzmEoz,2025-06-17 10:00:00,-1351430575,-239232688,1435937,Galactic_Wonders,49,真团结第一次中东战争埃及就把耶路撒冷打下来了，还能等到现在？,2025-06-19 05:09:00,0,0
