﻿视频BV号,视频发布日期,上级评论ID,评论ID,用户ID,用户名,用户粉丝数,评论内容,评论时间,回复数,点赞数
BV1aaMvzoEDN,2025-06-16 03:34:00,0,-1585533199,112962074,红の猩猩队长,765,能给特拉维夫干成加沙我就服你朗哥还是条汉子[doge],2025-06-16 03:38:00,6,136
BV1aaMvzoEDN,2025-06-16 03:34:00,-1585533199,-1529564031,499590782,我要看第一集小樱吃饭,14,[doge]波斯猫会让你失望的,2025-06-16 14:52:00,0,3
BV1aaMvzoEDN,2025-06-16 03:34:00,-1585533199,-1492350623,488740559,bili_81834795375,0,"能打击到以色列的火力规模比加沙的千分之一都不到。
以色列现在战斗机带着jdam在德黑兰上空飞行找目标炸。",2025-06-17 03:59:00,0,5
BV1aaMvzoEDN,2025-06-16 03:34:00,-1492350623,-1480779823,17031761,遊歷子,18,回复 @bili_81834795375 :人机,2025-06-17 06:12:00,0,4
BV1aaMvzoEDN,2025-06-16 03:34:00,-1480779823,-402650800,411201842,未完成的特奥菲洛维奇,356,回复 @遊歷子 :主页IP湖北，评论IP吉林，认证复旦的人机？,2025-06-17 10:37:00,0,0
BV1aaMvzoEDN,2025-06-16 03:34:00,-1585533199,-416811376,18258826,夏荷碧水动风凉日月长,41,在让人失望这件事上波斯从来没让人失望[妙啊],2025-06-17 07:45:00,0,3
BV1aaMvzoEDN,2025-06-16 03:34:00,-1585533199,-1459869727,525425578,ReinhardtWinter,4,干成火星表面我就给你朗哥磕一晚上,2025-06-17 10:47:00,0,2
