﻿视频BV号,视频发布日期,上级评论ID,评论ID,用户ID,用户名,用户粉丝数,评论内容,评论时间,回复数,点赞数
BV1aANRzqE5d,2025-06-22 10:19:00,0,100473600,33821624,啃西瓜崩了牙,25,美国使中东大团结？[疑惑][笑哭],2025-06-22 12:11:00,7,110
BV1aANRzqE5d,2025-06-22 10:19:00,100473600,110044928,9055818,撑起雨伞,94,真能大团结以色列也不至于做大了,2025-06-22 13:48:00,0,33
BV1aANRzqE5d,2025-06-22 10:19:00,110044928,-933449359,36521096,小鱼星空,2,回复 @撑起雨伞 :本来都一直在等老美，他自己也知道不然怎么炸一下就跑了，不过也行，反正有理由都出来了,2025-06-22 19:58:00,0,0
BV1aANRzqE5d,2025-06-22 10:19:00,100473600,-951510527,47731190,床上有只猫,8,不可能，世仇当了奴隶也是世仇,2025-06-22 14:48:00,0,11
BV1aANRzqE5d,2025-06-22 10:19:00,100473600,133533776,14969043,燕麦菌,104,类似于国共合作，一致对外，外敌赶跑了大概率还要接着内战,2025-06-22 19:13:00,0,3
BV1aANRzqE5d,2025-06-22 10:19:00,100473600,-933591487,4514868,咖喱肥肠,11,主要以色列这样玩，已经超出界限了，连本子棒子都反对，万一改明别的国家也学它不宣而战呢,2025-06-22 19:49:00,0,2
BV1aANRzqE5d,2025-06-22 10:19:00,-933591487,-932138639,163585795,极吧湾评测室,32,回复 @咖喱肥肠 :我是不理解 为什么以色列在这个节骨眼上这么玩 不集中力量解决加沙问题 难道是转移矛盾 就没人关注加沙问题 还是说毒打内部反对派,2025-06-22 21:36:00,0,0
BV1aANRzqE5d,2025-06-22 10:19:00,100473600,-933173103,109845668,已习惯了幸福,12,从这个角度来看，诺贝尔和平奖名副其实。[脱单doge],2025-06-22 20:13:00,0,1
