﻿视频BV号,视频发布日期,上级评论ID,评论ID,用户ID,用户名,用户粉丝数,评论内容,评论时间,回复数,点赞数
BV1aANRzqE5d,2025-06-22 10:19:00,0,104167184,432703825,xhs123cn,6,我想请问下，美国的海外基地一晚上能扛住几颗导弹？[思考],2025-06-22 12:50:00,8,0
BV1aANRzqE5d,2025-06-22 10:19:00,104167184,112016352,434155342,唯你不辜负,8,军事基地的防御一般导弹还真没法破防,2025-06-22 14:08:00,0,0
BV1aANRzqE5d,2025-06-22 10:19:00,112016352,-947092655,3493288472479763,老铜山药,43,回复 @唯你不辜负 : 扯，美国自己都没有防御导弹，都要从乌克兰韩国拆，他防御啥？,2025-06-22 15:33:00,0,4
BV1aANRzqE5d,2025-06-22 10:19:00,112016352,147308048,35018526,鹊桥仙人,175,回复 @唯你不辜负 : 你是真不懂还装不懂，军事基地的防御一般也就档一波攻击，给基地大兵逃生的时间罢了。没人敢打美军基地可不是因为基地防御多强,2025-06-23 02:09:00,0,3
BV1aANRzqE5d,2025-06-22 10:19:00,112016352,-918099183,160054,Augustノ凛,44,回复 @唯你不辜负 :想多了，又不是塔防游戏，给你无限弹药……能挡住第一波导弹打击就不错了,2025-06-23 02:55:00,0,0
BV1aANRzqE5d,2025-06-22 10:19:00,112016352,-918019567,485991674,御坂15568号,19,回复 @唯你不辜负 :现在防空比的是数量而不是质量，防御系统再好对于饱和打击也没用。你同时可以防10个，我打20个。,2025-06-23 02:55:00,0,0
BV1aANRzqE5d,2025-06-22 10:19:00,112016352,151263648,16980246,喵呜嗷旺,70,回复 @唯你不辜负 : 一个军事基地难道部署几十套萨德?[吃瓜]老美再有钱也没这么任性吧,2025-06-23 03:07:00,0,1
BV1aANRzqE5d,2025-06-22 10:19:00,104167184,161232464,241380703,不-敢-,10,军事基地又不是星灵枢纽，坏了就是坏了,2025-06-23 04:54:00,0,1
BV1aANRzqE5d,2025-06-22 10:19:00,104167184,-902856719,4016868,我是大椿驴,7,一颗都防不了，军事基地不是要塞。,2025-06-23 05:51:00,0,0
