﻿视频BV号,视频发布日期,上级评论ID,评论ID,用户ID,用户名,用户粉丝数,评论内容,评论时间,回复数,点赞数
BV1ahNvzmEoz,2025-06-17 10:00:00,0,-321762752,115434,有没有搞错,189,不是说伊朗已经被摩萨德摧毁了多个导弹基地了吗，看到一篇分析说伊朗的导弹很快就会打完[思考],2025-06-18 07:38:00,13,2
BV1ahNvzmEoz,2025-06-17 10:00:00,-321762752,-1379723631,331725188,隔壁吴老大爷,48,应该是以色列的导弹打完了吧？美国运不进去。伊朗后面有很多国家给输送，比如大鹅和巴基斯坦[doge],2025-06-18 07:51:00,0,8
BV1ahNvzmEoz,2025-06-17 10:00:00,-1379723631,-1379535375,100375383,炒鸡晒鸭人x,11,回复 @隔壁吴老大爷 :转赠是吧[doge],2025-06-18 07:54:00,0,3
BV1ahNvzmEoz,2025-06-17 10:00:00,-1379723631,-1362088399,12850455,Astinus410,24,回复 @隔壁吴老大爷 : 美军怎么会运不进去。。。开什么玩笑。。中东这些国家的海军全加一块再乘个100也不是美军一个航母编队的对手。。,2025-06-18 11:18:00,0,0
BV1ahNvzmEoz,2025-06-17 10:00:00,-321762752,-319942960,19753125,加里妹妹,55,伊朗把摩萨德都给炸了[喜极而泣]（央视信息）,2025-06-18 08:05:00,0,1
BV1ahNvzmEoz,2025-06-17 10:00:00,-319942960,-1362921983,53780074,我名字六个硬币,41,回复 @加里妹妹 :炸了总部大楼，但是估计人早转移了吧,2025-06-18 11:09:00,0,0
BV1ahNvzmEoz,2025-06-17 10:00:00,-321762752,-319937856,2021906126,Zhuo-_-lin,7,伊朗导弹库存不说多，也得有个小一万枚吧,2025-06-18 08:05:00,0,0
BV1ahNvzmEoz,2025-06-17 10:00:00,-321762752,-1378783279,429811081,传球啊坤坤,11,伊朗是核设施跟核人才被一锅端了吧,2025-06-18 08:05:00,0,3
BV1ahNvzmEoz,2025-06-17 10:00:00,-1378783279,-1370016559,501701553,芝智芝,1,回复 @传球啊坤坤 :核设施倒是没什么事，核科学家嘛就不知道了,2025-06-18 09:57:00,0,1
BV1ahNvzmEoz,2025-06-17 10:00:00,-1370016559,-1361615807,49907366,双鱼座的下午茶,3,回复 @芝智芝 :伊朗可以有核设施，但是不能有优秀的核科学家,2025-06-18 11:23:00,0,0
BV1ahNvzmEoz,2025-06-17 10:00:00,-321762752,-319206992,10416104,Stuka_s,186,。。如果以色列防空系统完整的话，可能有效的导弹确实不多。但是防空系统被摧毁的话，那冷战存货都能拿出来了。,2025-06-18 08:15:00,0,0
BV1ahNvzmEoz,2025-06-17 10:00:00,-321762752,-315803680,3546386228316812,九品仙医,37,"1,伊朗面积是乌克兰2.6倍，同时伊朗有地下长城。2，伊朗有完整无人机和导弹生产线。3，巴基斯坦立刻援助武器。你猜背后是谁",2025-06-18 09:00:00,0,3
BV1ahNvzmEoz,2025-06-17 10:00:00,-315803680,-309581536,416103539,不知道取什么名的我-,6,回复 @九品仙医 :大白象,2025-06-18 10:14:00,0,0
BV1ahNvzmEoz,2025-06-17 10:00:00,-321762752,-1367112079,67216499,这不是我了,60,伊朗的导弹会不会很快打完，我不知道。但以色列的导弹是肯定不多的。,2025-06-18 10:27:00,0,1
