﻿视频BV号,视频发布日期,上级评论ID,评论ID,用户ID,用户名,用户粉丝数,评论内容,评论时间,回复数,点赞数
BV1ahNvzmEoz,2025-06-17 10:00:00,0,-1393171775,253776473,悲愤的哈士奇,12,我们一个重装合成旅能把以色列打下来么····[呆],2025-06-18 04:52:00,44,0
BV1ahNvzmEoz,2025-06-17 10:00:00,-1393171775,-333617232,67517042,墲谓工业,18,你想犁几遍[doge_金箍],2025-06-18 04:55:00,0,10
BV1ahNvzmEoz,2025-06-17 10:00:00,-333617232,-1391821711,253776473,悲愤的哈士奇,12,回复 @墲谓工业 : 多犁几遍啊，下层土壤耕肥沃。。。种庄稼美滋滋[笑哭],2025-06-18 05:07:00,0,1
BV1ahNvzmEoz,2025-06-17 10:00:00,-1393171775,-333400416,109826707,无忌哥哥帮你捏jio,139,你太看得起以色列了,2025-06-18 04:57:00,0,5
BV1ahNvzmEoz,2025-06-17 10:00:00,-1393171775,-333167248,509981039,雾雨秋津舟,39,效果：犁庭扫穴。,2025-06-18 04:59:00,0,2
BV1ahNvzmEoz,2025-06-17 10:00:00,-1393171775,-327008832,263215734,破破破破尘,121,一个重装合成旅足够整个中东安静下来,2025-06-18 06:18:00,0,3
BV1ahNvzmEoz,2025-06-17 10:00:00,-1393171775,-321908096,3917016,?????????,470,没问题的   提前和敌人规定好不能用热感  不能用卫星,2025-06-18 07:37:00,0,0
BV1ahNvzmEoz,2025-06-17 10:00:00,-321908096,-1343797695,1658834457,漫人由歌,68,回复 @????????? :怎么不是也有？,2025-06-18 14:34:00,0,0
BV1ahNvzmEoz,2025-06-17 10:00:00,-1393171775,-1380649471,125602789,寒春生,19,以色列空军被摧毁后才行。,2025-06-18 07:39:00,0,0
BV1ahNvzmEoz,2025-06-17 10:00:00,-1393171775,-318107424,23322636,回不到的岁月,304,你懂的，我们有火力不足恐惧症[喜极而泣]一个重装合成旅能把对面打出史,2025-06-18 08:30:00,0,2
BV1ahNvzmEoz,2025-06-17 10:00:00,-1393171775,-1367639455,480260788,B战未成年,22,恐惧到极点了，出一个团就够了,2025-06-18 10:21:00,0,0
BV1ahNvzmEoz,2025-06-17 10:00:00,-1393171775,-1366802335,3494370567260967,大沒叔叔,9,去库存够几遍了，人为什么要过去,2025-06-18 10:30:00,0,0
BV1ahNvzmEoz,2025-06-17 10:00:00,-1393171775,-305016048,696484615,知鸦RAVEN,6,只能想象  要跟国足一样真上场就好笑了[汤圆][汤圆],2025-06-18 11:01:00,0,0
BV1ahNvzmEoz,2025-06-17 10:00:00,-305016048,-1357158463,416015571,ZGO_伟子,36,回复 @知鸦RAVEN :bro可太会想象了，天天活在梦里吧[偷笑],2025-06-18 12:12:00,0,2
BV1ahNvzmEoz,2025-06-17 10:00:00,-305016048,-235796480,396689118,kai飒i,12,回复 @知鸦RAVEN :我们的士兵绝对不会差，就我们平时能了解到的训练内容和刻苦程度，就是没有实战经验，也弱不了哪去，指挥就不好说了。,2025-06-19 05:54:00,0,0
BV1ahNvzmEoz,2025-06-17 10:00:00,-305016048,-228487824,431117906,通辽选帝侯小Q豹,16,回复 @知鸦RAVEN :属实抽象乐子人,2025-06-19 07:43:00,0,2
BV1ahNvzmEoz,2025-06-17 10:00:00,-305016048,-214737680,454901233,亗文,34,回复 @知鸦RAVEN :想象派赶紧带着你的理性观点去宣扬吧，我怕再过段时间陆军不行也说不出口咯，还有原来理性的古希腊式学者喜欢用臆想来推断结果啊，不愧是逻辑学的发源地,2025-06-19 10:36:00,0,2
BV1ahNvzmEoz,2025-06-17 10:00:00,-305016048,-207129712,8995936,冰鲜大鱿鱼280g,18,回复 @知鸦RAVEN :记得开上你的飙风战机,2025-06-19 11:56:00,0,3
BV1ahNvzmEoz,2025-06-17 10:00:00,-305016048,-205969232,16980246,喵呜嗷旺,70,回复 @知鸦RAVEN :你可以去军事禁区试试解放军战士的火力,2025-06-19 12:08:00,0,2
BV1ahNvzmEoz,2025-06-17 10:00:00,-305016048,-1241506687,179343357,柒柒伍玖,61,回复 @知鸦RAVEN :哥们对歼10也是这么幻想的，你猜怎么着？,2025-06-19 17:05:00,0,0
BV1ahNvzmEoz,2025-06-17 10:00:00,-305016048,-1226723247,430644757,开源之神在此还不参拜,57,回复 @知鸦RAVEN :皮牙子太松导致的,2025-06-20 01:14:00,0,0
BV1ahNvzmEoz,2025-06-17 10:00:00,-1226723247,-117204448,696484615,知鸦RAVEN,6,回复 @开源之神在此还不参拜 :傻了吧唧的土老帽,2025-06-20 11:11:00,0,0
BV1ahNvzmEoz,2025-06-17 10:00:00,-305016048,-1207766927,573785255,q_O-O_p,4,回复 @知鸦RAVEN :祝你钓鱼空军[吃瓜],2025-06-20 05:20:00,0,0
BV1ahNvzmEoz,2025-06-17 10:00:00,-305016048,-11396928,3493078300100845,不够白的黑猫,3,回复 @知鸦RAVEN :跟我的东风说去吧，我以为是靶子呢，我们都在用力的飞着[大哭][大哭][大哭],2025-06-21 11:15:00,0,0
BV1ahNvzmEoz,2025-06-17 10:00:00,-305016048,-952489487,423837888,暴躁嗷大猫,12,回复 @知鸦RAVEN :别活在梦里了鸽们，跪太久了不知道百度一下一个重装合成旅是什么力量么,2025-06-22 14:38:00,0,0
BV1ahNvzmEoz,2025-06-17 10:00:00,-1393171775,-1348731199,348049271,鬼水,39,导弹犁几遍就可以了,2025-06-18 13:45:00,0,0
BV1ahNvzmEoz,2025-06-17 10:00:00,-1393171775,-1346651071,6332688,tuskiy,10,地图上看一下，以色列真就弹丸之地刚查了下差不多2.5万平方公里的实控土地，100公里乘以250公里的长方形那么大，[doge]没有美国撑腰，早被周边国家平推了。,2025-06-18 14:06:00,0,1
BV1ahNvzmEoz,2025-06-17 10:00:00,-1346651071,-1239980559,1357822156,太合衬の收藏家,5,回复 @tuskiy :刚查了下，就是我们这边两个城市管辖面积那么大，都没一个省的一半[呆],2025-06-19 17:38:00,0,0
BV1ahNvzmEoz,2025-06-17 10:00:00,-1393171775,-286625888,19404741,爱辣的大叔,96,这个看后勤的，你这么问不准确。不考虑后勤问题基本上除俄罗斯美国以外   打谁都像打菜鸡。,2025-06-18 14:18:00,0,0
BV1ahNvzmEoz,2025-06-17 10:00:00,-1393171775,-1330886175,353334874,肥肥鸭掌quq,6,重装合成铝并不直接包含空军部队，只算合成旅的话空军力量就不够了,2025-06-18 17:10:00,0,2
BV1ahNvzmEoz,2025-06-17 10:00:00,-1393171775,-1315169679,500794677,爱玩My,21,打下来容易，赢却很难,2025-06-19 01:36:00,0,1
BV1ahNvzmEoz,2025-06-17 10:00:00,-1315169679,-1235365135,397586886,橘子辛biubiu,6,回复 @爱玩My : 应该是打下来容易守住比较难，打进去清理一遍工业设施再退出就完事了，和当年打越南一样就行[吃瓜],2025-06-19 20:17:00,0,0
BV1ahNvzmEoz,2025-06-17 10:00:00,-1393171775,-1303557855,15756780,憨憨二蛋,170,不占领的话其实不难，给这种国家的工业民生全打废这点实力还是有的,2025-06-19 04:17:00,0,0
BV1ahNvzmEoz,2025-06-17 10:00:00,-1393171775,-238048784,57319842,玉龙寒彻001,50,交给河北，给他们做个钢铁盖子,2025-06-19 05:23:00,0,0
BV1ahNvzmEoz,2025-06-17 10:00:00,-1393171775,-226156640,3546374681397432,tffhuuvvgjj,2,海陆空体系化过去才行,2025-06-19 08:18:00,0,1
BV1ahNvzmEoz,2025-06-17 10:00:00,-1393171775,-218484048,3546738180753439,深邃黑暗艺术享受者,8,如果是在交通线触及范围的地方没问题，但如果说是空输过去打的话，我倾向于没戏。我们国家在战略投放这方面的能力确实还有待发展。,2025-06-19 09:56:00,0,0
BV1ahNvzmEoz,2025-06-17 10:00:00,-1393171775,-1278541855,14840264,蜗居宅貓,130,那就不止以色列了，阿拉伯半岛可以考虑一下,2025-06-19 09:58:00,0,0
BV1ahNvzmEoz,2025-06-17 10:00:00,-1393171775,-209036160,615971218,bili_44948636499,1,看不要留活口，不留活口容易，留活口难,2025-06-19 11:37:00,0,0
BV1ahNvzmEoz,2025-06-17 10:00:00,-1393171775,-1258487327,474223983,赛博矿工_Net,6,一个旅应该不够，还需要配套的空军海军以及远程支援力量，还有后勤等等，战争不是红警那样鼠标一框A上去就行的。以色列虽然跟中国不在一个量级上，但是也没有烂到那个地步[笑哭]不过假设真的干起来的话，在取得绝对制空和制海权以后，一个重装合成旅打以色列，炸着玩应该不难。,2025-06-19 13:35:00,0,2
BV1ahNvzmEoz,2025-06-17 10:00:00,-1393171775,-151701712,11369144,破防man,15,领土面积只有一个半北京那么大，大城市加起来还没一个北京那么大，轰炸机跑个把月就能犁个遍,2025-06-20 04:20:00,0,0
BV1ahNvzmEoz,2025-06-17 10:00:00,-1393171775,-1212572703,416015571,ZGO_伟子,36,合成旅的地面部队就配备了海陆空的打击能力，踹那的空军也肯定不像毛衣那样看戏，海军应该会派055打头阵，除了大漂亮，我想不出谁能扛得住一波[滑稽],2025-06-20 04:26:00,0,0
BV1ahNvzmEoz,2025-06-17 10:00:00,-1393171775,-132394656,74520639,逼逼叨叨乐子人,20,不够，起码要空军先把制空权拿下来,2025-06-20 08:31:00,0,0
BV1ahNvzmEoz,2025-06-17 10:00:00,-1393171775,-1096517359,392569062,大林达瓦里氏,100,不行，没制空,2025-06-21 07:35:00,0,0
BV1ahNvzmEoz,2025-06-17 10:00:00,-1393171775,-1084177503,486662372,路灯上的红色身影,4,完全不可能。我国目前完全没有把一个旅，投放到以色列的能力。你完全可以吧以色列看作美国一个海外州。你问这种问题。就相当于。问美国一个旅能否打下海南岛一样可笑。以色列和海南岛都不是独立存在的。都是某大国德一部分,2025-06-21 10:00:00,0,0
BV1ahNvzmEoz,2025-06-17 10:00:00,-1084177503,-1013829039,253776473,悲愤的哈士奇,12,回复 @路灯上的红色身影 :不能什么都要依赖东风啊···,2025-06-22 03:44:00,0,0
