﻿视频BV号,视频发布日期,上级评论ID,评论ID,用户ID,用户名,用户粉丝数,评论内容,评论时间,回复数,点赞数
BV1a7MSzYE8h,2025-06-14 14:49:00,0,-654135520,390008601,爱灬本祸劫,1,没用的，这么多年，伊朗的强硬派被杀了多少？每次都是一怒之下怒了一下。就算有导弹也没用，就像毛熊一样，有核武器不敢用就等于没有。没人害怕的。,2025-06-14 18:26:00,7,49
BV1a7MSzYE8h,2025-06-14 14:49:00,-654135520,-1692664863,3598566,嘤嘤嘤的蒲公英,37,核武不能乱丢，但是俄罗斯导弹管够,2025-06-15 01:19:00,0,10
BV1a7MSzYE8h,2025-06-14 14:49:00,-654135520,-1690344767,44390563,cellsuper,2,核武器是真不能用，用了就完犊子了，反人类会被全世界孤立，导弹随便用都没事。,2025-06-15 01:53:00,0,7
BV1a7MSzYE8h,2025-06-14 14:49:00,-1690344767,-1669654191,1528868,屠夫TX,3258,回复 @cellsuper : [吃瓜]核武器分战略级跟战术级，用战术级叫精准打击，压根儿就没孤立这种说法[doge],2025-06-15 05:38:00,0,1
BV1a7MSzYE8h,2025-06-14 14:49:00,-1669654191,-610599344,171522002,tyson-豹子头零充版,46,回复 @屠夫TX :战术级也不能随便用兄弟。俄国佬啥都有，就是等个借口用。,2025-06-15 06:56:00,0,0
BV1a7MSzYE8h,2025-06-14 14:49:00,-610599344,-1662956287,1528868,屠夫TX,3258,回复 @tyson-豹子头零充版 :俄罗斯打乌克兰，大毛打二毛——祖上是一家，伊朗打以色列有必要顾及那么多么,2025-06-15 06:58:00,0,0
BV1a7MSzYE8h,2025-06-14 14:49:00,-610599344,-518295728,413649234,星月传器,6,回复 @tyson-豹子头零充版 :你根本就不明白。如果俄罗斯用核弹炸了一个欧洲城市，美国真的会为了那个城市跟俄罗斯相互毁灭？核武器在于你不但要有，还要让别人相信你真的会扔，这才是真正的核威慑。大毛就是被别人看穿了他们不敢扔才被欺了又欺，现在更是让人知道他们连常规武器都拉胯。说的过分一点，如果俄罗斯往欧洲扔个核弹，欧洲那些人还敢支持乌克兰？这么说吧，俄罗斯现在跟普京一样，老了，没那种不顾一切的心气了。美国有低人权优势高层不把平民当人看，我们有充足的劳动力，俄罗斯凭什么打核大战。如果真的爆发核大战俄罗斯会彻底衰落，这才是俄罗斯不敢用核弹的原因,2025-06-16 06:06:00,0,0
BV1a7MSzYE8h,2025-06-14 14:49:00,-654135520,-1682773167,571786582,杠精杠杠精,10,一个国家的最高领导是卧底[笑哭]，强硬派真的的送人头的，除非最高领导也得清洗一遍。,2025-06-15 03:24:00,0,0
