﻿视频BV号,视频发布日期,上级评论ID,评论ID,用户ID,用户名,用户粉丝数,评论内容,评论时间,回复数,点赞数
BV1ahNvzmEoz,2025-06-17 10:00:00,0,-1340125119,2240166,我是晓苇,97,[doge_金箍]我小时候做过一个奇怪的梦，天上都是飞机，河里都是有大炮的船，反正很荒诞，拿出手机还没信号,2025-06-18 15:13:00,7,38
BV1ahNvzmEoz,2025-06-17 10:00:00,-1340125119,-1336811231,194571162,柴米油盐酱醋茶姜,30,孟婆汤没喝完，差一口,2025-06-18 15:49:00,0,20
BV1ahNvzmEoz,2025-06-17 10:00:00,-1340125119,-271911584,17536025,萌鱼舍长,15,我也是梦到过,2025-06-18 17:16:00,0,0
BV1ahNvzmEoz,2025-06-17 10:00:00,-1340125119,-267300144,216947740,青青园中葵qaq,24,我小时候真遇到过，在95年左右中秋的时候，天上不停地飞各种各样的飞机，当时真的害怕得不得了,2025-06-18 19:18:00,0,1
BV1ahNvzmEoz,2025-06-17 10:00:00,-1340125119,-1319299007,1097726577,Mua爱捡石头,59,我也梦到过，我右手扒着直升机，左手单押m249,2025-06-19 00:22:00,0,0
BV1ahNvzmEoz,2025-06-17 10:00:00,-1319299007,-1316216895,353876688,惊鸿云迹,139,回复 @Mua爱捡石头 :黄金的吧,2025-06-19 01:19:00,0,0
BV1ahNvzmEoz,2025-06-17 10:00:00,-1319299007,-1204523327,86681366,乔七J,218,回复 @Mua爱捡石头 :耳边响起早安越南？,2025-06-20 06:02:00,0,0
BV1ahNvzmEoz,2025-06-17 10:00:00,-1340125119,-1268680351,335851774,亦云忆墨,7,这是太平洋战争来的老兵了[doge],2025-06-19 11:43:00,0,1
