﻿视频BV号,视频发布日期,上级评论ID,评论ID,用户ID,用户名,用户粉丝数,评论内容,评论时间,回复数,点赞数
BV1ahNvzmEoz,2025-06-17 10:00:00,0,-1379020783,785575,国产小猪,5,作为一个打工人我就问遭到轰炸还要上班吗，工资怎么算，房子断供怎么办[委屈],2025-06-18 08:02:00,8,2
BV1ahNvzmEoz,2025-06-17 10:00:00,-1379020783,-319966144,3119028,黒翼白狼,18,还有胡思乱想的劲，证明你还很安全,2025-06-18 08:04:00,0,3
BV1ahNvzmEoz,2025-06-17 10:00:00,-1379020783,-319950496,3546731650222716,维也纳的圣弥撒,1,算你倒霉,2025-06-18 08:04:00,0,3
BV1ahNvzmEoz,2025-06-17 10:00:00,-1379020783,-1378448319,12109864,名字有点短的索然,24,你怎么不加一句，被炸死了怎么办？[doge],2025-06-18 08:09:00,0,3
BV1ahNvzmEoz,2025-06-17 10:00:00,-1378448319,-318783392,309492000,min-o,36,回复 @名字有点短的索然 :风光大办[滑稽],2025-06-18 08:23:00,0,0
BV1ahNvzmEoz,2025-06-17 10:00:00,-1379020783,-1378368431,333755368,旁了个白又白,76,抢到谁手就是谁的，老一辈的一些陋习和没素质的表现反而更适合你说的这种情况,2025-06-18 08:09:00,0,1
BV1ahNvzmEoz,2025-06-17 10:00:00,-1379020783,-319366992,2117743521,柯7692,15,我也在广东，没有遭到轰炸，你在广东哪里,2025-06-18 08:14:00,0,2
BV1ahNvzmEoz,2025-06-17 10:00:00,-1379020783,-319066800,16022017,丸山汽修店,108,老板都可能被炸死了，还考虑班和工资呢[脱单doge],2025-06-18 08:17:00,0,1
BV1ahNvzmEoz,2025-06-17 10:00:00,-1379020783,-1377619807,578059095,卤味牛板筋,0,城中村吊丝在出租屋发霉了脑子都不清醒了,2025-06-18 08:21:00,0,1
