﻿视频BV号,视频发布日期,上级评论ID,评论ID,用户ID,用户名,用户粉丝数,评论内容,评论时间,回复数,点赞数
BV1ahNvzmEoz,2025-06-17 10:00:00,0,-1464227439,326908573,傲娇的钟堉,40,前几天嘲讽升旗的现在也没声了[doge],2025-06-17 10:01:00,36,167
BV1ahNvzmEoz,2025-06-17 10:00:00,-1464227439,-1463808095,2258753,王八蛋老板黄鹤,20,[doge]就是得嘲讽才行，不然可能又是怒了一怒之下了，,2025-06-17 10:05:00,0,90
BV1ahNvzmEoz,2025-06-17 10:00:00,-1463808095,-403058160,387642135,遗世紫丁香,1792,回复 @王八蛋老板黄鹤 :太阳是鸡叫出来的是吧[doge],2025-06-17 10:32:00,0,4
BV1ahNvzmEoz,2025-06-17 10:00:00,-1463808095,-326660992,231554443,来杯大卫,0,回复 @王八蛋老板黄鹤 :bro以为波斯人会关注中文互联网,2025-06-18 06:24:00,0,1
BV1ahNvzmEoz,2025-06-17 10:00:00,-326660992,-1370837727,2258753,王八蛋老板黄鹤,20,回复 @来杯大卫 :??人不关注，妨碍我们嘲讽么，,2025-06-18 09:47:00,0,0
BV1ahNvzmEoz,2025-06-17 10:00:00,-326660992,-1370665471,2258753,王八蛋老板黄鹤,20,回复 @来杯大卫 :一个三天两头又想吃中俄好处，又想讨好美国的国家。反不反抗都不影响我回复层主的不该嘲讽伊朗，,2025-06-18 09:49:00,0,0
BV1ahNvzmEoz,2025-06-17 10:00:00,-1370665471,-173805680,231554443,来杯大卫,0,回复 @王八蛋老板黄鹤 :问题是你说是因为我们嘲讽伊朗才不会一怒之下怒了一下，请问你这话的逻辑是？,2025-06-19 20:51:00,0,0
BV1ahNvzmEoz,2025-06-17 10:00:00,-1464227439,-405327264,105227935,过期月光,5,现在是觉得没必要嘲讽了，小伊国力上限就这了，一个本土制空权都没有的国家你指望他能用导弹炸平以色列么,2025-06-17 10:08:00,0,31
BV1ahNvzmEoz,2025-06-17 10:00:00,-405327264,-405149264,633822338,被啃的仙人球,0,回复 @过期月光 :以色列也差不多 他们只能用飞机，这种带的弹就少。这次战机好，突袭还是起了很大作用。,2025-06-17 10:10:00,0,12
BV1ahNvzmEoz,2025-06-17 10:00:00,-405327264,-1462510543,326908573,傲娇的钟堉,40,回复 @过期月光 :让子弹再飞一飞[doge],2025-06-17 10:18:00,0,2
BV1ahNvzmEoz,2025-06-17 10:00:00,-405327264,-404101376,22458204,已过中二,82,回复 @过期月光 :放血战术，看谁能吃伤害喽,2025-06-17 10:21:00,0,0
BV1ahNvzmEoz,2025-06-17 10:00:00,-405327264,-1461590367,92699564,an643285379,5,回复 @过期月光 :没有打出统战价值 要是大规模冲突 把霉菌拉下场 那它们就会发现世界各地而来的爱心捐款以及沙漠中长武器和部分人员获得特别培训的机会[doge],2025-06-17 10:30:00,0,19
BV1ahNvzmEoz,2025-06-17 10:00:00,-1464227439,-1463308335,26659562,天野_明,94,不打就说升旗升旗，打了就话又说回来[doge],2025-06-17 10:11:00,0,20
BV1ahNvzmEoz,2025-06-17 10:00:00,-1464227439,-405030448,472923709,一口一个小狐兔,65,毕竟每次都是升旗[doge]路径依赖了,2025-06-17 10:12:00,0,8
BV1ahNvzmEoz,2025-06-17 10:00:00,-1464227439,-404936992,177756713,观者如云603,1328,现在真打了，抖撤侨了，那就不应该再嘲笑了,2025-06-17 10:14:00,0,15
BV1ahNvzmEoz,2025-06-17 10:00:00,-1464227439,-1462526543,32676690,白嫖党总部,30,口风改了，拦截率九十  炸的都是民房[doge],2025-06-17 10:18:00,0,8
BV1ahNvzmEoz,2025-06-17 10:00:00,-1464227439,-404291200,385424820,卡瓦哈尔滨,293,并不 我依然嘲讽 本来这是伊朗第一天该做的事[doge],2025-06-17 10:20:00,0,16
BV1ahNvzmEoz,2025-06-17 10:00:00,-1464227439,-404131824,51689616,PathDestinys,1,强大的伊朗干掉了哪个以色列有名有姓的领导？哈梅内伊都在求着中间国找老美要和谈了[doge],2025-06-17 10:20:00,0,1
BV1ahNvzmEoz,2025-06-17 10:00:00,-404131824,-1462255983,326908573,傲娇的钟堉,40,回复 @PathDestinys :你问内塔去啊，别问我，人家消息都封闭了，国外记者都撵出去了[脱单doge],2025-06-17 10:22:00,0,5
BV1ahNvzmEoz,2025-06-17 10:00:00,-404131824,-403067872,283965840,Eureka007,11,回复 @PathDestinys : 打不过才搞暗杀[doge_金箍],2025-06-17 10:32:00,0,1
BV1ahNvzmEoz,2025-06-17 10:00:00,-1464227439,-1462541375,13988076,墨璃痕,7,感觉不冲突啊[doge],2025-06-17 10:20:00,0,0
BV1ahNvzmEoz,2025-06-17 10:00:00,-1464227439,-403727392,35858623,燎日Gao,13,其实我看到反而更生气，波斯要真是无能为力就算了，明明有这个能力。去年一年时间既不打以也没有对内打击以情报网。纳斯鲁拉和辛瓦尔都白死了，白白浪费战略窗口期[大哭],2025-06-17 10:25:00,0,13
BV1ahNvzmEoz,2025-06-17 10:00:00,-1464227439,-1457308383,299185373,智识学爆,46,谁知道这次打是不是为了投降,2025-06-17 11:13:00,0,0
BV1ahNvzmEoz,2025-06-17 10:00:00,-1457308383,-398518768,89641226,泽上鸣鹤,10,回复 @智识学爆 :肯定不是。这种规模可不是开玩笑了,2025-06-17 11:18:00,0,0
BV1ahNvzmEoz,2025-06-17 10:00:00,-398518768,-1442034159,299185373,智识学爆,46,回复 @泽上鸣鹤 :谁知道呢  卖小弟也不止一次了,2025-06-17 13:56:00,0,0
BV1ahNvzmEoz,2025-06-17 10:00:00,-1457308383,-1448268479,326908573,傲娇的钟堉,40,回复 @智识学爆 :哈哈哈,2025-06-17 12:50:00,0,0
BV1ahNvzmEoz,2025-06-17 10:00:00,-1464227439,-399043392,323743736,OhMyBosonStar,227,好像也不冲突吧，该嘲讽还是得嘲讽,2025-06-17 11:14:00,0,4
BV1ahNvzmEoz,2025-06-17 10:00:00,-1464227439,-398721360,89641226,泽上鸣鹤,10,总得看一下嘛。鬼知道是不是又是怒了一下,2025-06-17 11:16:00,0,0
BV1ahNvzmEoz,2025-06-17 10:00:00,-1464227439,-368856032,131697319,奶茶_不加冰,167,要是打2000枚导弹那才是真好戏上演了,2025-06-17 16:33:00,0,0
BV1ahNvzmEoz,2025-06-17 10:00:00,-1464227439,-1418051631,1416442756,号升但北,3,还是嘲讽，以色列也没停手啊，伊朗还不是在被揍,2025-06-17 21:26:00,0,0
BV1ahNvzmEoz,2025-06-17 10:00:00,-1464227439,-1416904559,385828558,我的甲方爸爸,124,这你们也能赢，我是真的佩服[doge_金箍],2025-06-17 22:38:00,0,0
BV1ahNvzmEoz,2025-06-17 10:00:00,-1464227439,-357535552,15313145,国服第一苍蝇拍,22,伊朗这是是动真格了，小以没理由发狗粮了，狗就停止吠叫了[doge],2025-06-17 22:40:00,0,0
BV1ahNvzmEoz,2025-06-17 10:00:00,-1464227439,-1400932175,2357990,鱼生寥寥无几の咸鱼王,5,[doge]甭管你射多少导弹，战果在以色列摇号阵亡机制面前那都不够看,2025-06-18 03:27:00,0,1
BV1ahNvzmEoz,2025-06-17 10:00:00,-1400932175,-1393891183,326908573,傲娇的钟堉,40,回复 @鱼生寥寥无几の咸鱼王 :[脱单doge][脱单doge],2025-06-18 04:45:00,0,0
BV1ahNvzmEoz,2025-06-17 10:00:00,-1464227439,-1395506431,350735159,66枚硬币消耗,45,被嘲讽是应该的，内部投降派太多 故意泄露信息。,2025-06-18 04:30:00,0,0
BV1ahNvzmEoz,2025-06-17 10:00:00,-1464227439,-272846416,129440414,索隆OL丶,14,搞得我这都禁飞,2025-06-18 16:59:00,0,0
BV1ahNvzmEoz,2025-06-17 10:00:00,-1464227439,-263237296,3546607937128681,啊呀你这,4,哀其不幸怒其不争,2025-06-18 23:07:00,0,0
