﻿视频BV号,视频发布日期,上级评论ID,评论ID,用户ID,用户名,用户粉丝数,评论内容,评论时间,回复数,点赞数
BV1AMNxzrEbo,2025-06-19 06:37:00,0,-196355456,65715844,闪耀kira,1763,生于忧患，死于安乐[吃瓜]，不想当将军的士兵不是好士兵，不想统一地球的国家不是好国家[吃瓜],2025-06-19 13:53:00,12,9
BV1AMNxzrEbo,2025-06-19 06:37:00,-196355456,-195645056,239893647,夏风寄梦,21,纳粹德国和昭和日本怎么评价,2025-06-19 14:01:00,0,0
BV1AMNxzrEbo,2025-06-19 06:37:00,-195645056,-195460320,65715844,闪耀kira,1763,回复 @夏风寄梦 : 只是战败了，要是真统一了，历史不会这样写了,2025-06-19 14:04:00,0,2
BV1AMNxzrEbo,2025-06-19 06:37:00,-195460320,-1253548623,515880865,河狸2号,21,回复 @闪耀kira : 它确实不会这么写，但是它只会在历史里短暂存在，勉强的维持几年，最多几十年，必然压不住反抗，最终倒台。不要轻易的陷入胜者为王的悖论。思考思考稳固政权的稳定根基在哪。别说历史已经给出了答案，德国纳粹、日本军国主义输了，就算赢了，也会马上失败，想不通为什么装备那么优良，谋划那么处心积虑还是赢不了，就是它们失败的根源。,2025-06-19 14:29:00,0,2
BV1AMNxzrEbo,2025-06-19 06:37:00,-1253548623,-191555056,65715844,闪耀kira,1763,回复 @河狸2号 : 只不过那时他们没有核武，所以失败了...火力就是正义，人类永远不会停止内战的，基因里遗传千年了，中国的历史就是证明,2025-06-19 14:45:00,0,0
BV1AMNxzrEbo,2025-06-19 06:37:00,-191555056,-1251134719,515880865,河狸2号,21,回复 @闪耀kira :那你想想为什么爱因斯坦等大批科学家逃去了美国？爱因斯坦生于德国，长于德国，学成于德国哦。你觉得如果不是这批科学家的逃离，美国可能先德国掌握核武吗？多想想。再说个例子，中国的元朝，元人大屠杀侵略得来的王朝，持续了多少年，就被推翻了？为什么推翻啊，为什么维持不住。以史为鉴可以知兴衰。现在的中国，我党的目标不是做那跳不出历史周期律的王朝，以前的经验也只能参考，什么胜者为王败者寇等等的，都要辩证的去看，要开创前所未有的未来，就得打破惯性思维，多方研究，小心取证，不是脑门一拍，肯定就是这样。,2025-06-19 14:56:00,0,2
BV1AMNxzrEbo,2025-06-19 06:37:00,-1251134719,-189717520,65715844,闪耀kira,1763,回复 @河狸2号 : 推翻和统一不矛盾，都是打仗，成王败寇，树欲静而风不止，和平要有实力，朋友有很多种,2025-06-19 15:06:00,0,0
BV1AMNxzrEbo,2025-06-19 06:37:00,-191555056,-1250177343,515880865,河狸2号,21,回复 @闪耀kira :你说人类基因决定了永远不会停止内战，这观点又从何而来，自己怕是都说不清楚，以为这是中国历史里自己总结来的？跟你说这就是认知战。人一旦认定了什么事，如果没人从旁点破，是很危险的。犹太或者西方控制的媒体输出的观点无处不在，假如大家都信奉这种观点，那么毫无疑问，世界大战永远会反复，这可真是流浪千年的智慧啊，呵呵。真的要控制自身思维，不被他人观点左右，有个简单办法，就是学会推演，一步、十步、百步，一直推演出结果。而如果人类都崇尚弱肉强食观点的推演结果就是人类一直内耗，没法团结互助，走向高级文明，走向宇宙，最终太阳如果出事，或者陨石来临，人类轻易就灭绝了。显然的，西方灌输的观点毫无建设性。起码我不希望人类灭绝或者内耗，我希望大家有个美好的未来，幸福美满，那么自己该采取什么主义，怎么行动，都是要思考的。,2025-06-19 15:07:00,0,0
BV1AMNxzrEbo,2025-06-19 06:37:00,-1250177343,-189121888,65715844,闪耀kira,1763,回复 @河狸2号 : 你相信现在的文明都够支撑起整个人类共同体么，秦始皇是怎么统一的？我希望世界会更美好，但是事实告诉我现在就在打仗,2025-06-19 15:13:00,0,0
BV1AMNxzrEbo,2025-06-19 06:37:00,-189121888,-1248719375,515880865,河狸2号,21,回复 @闪耀kira :所以要辩证的看问题，我否定弱肉强食的定律，因为它不会带来好结果，但我正视弱肉强食信奉者带来的历史结果，所以这与发展军备不冲突。需要理清的只是，新中国的军备不是传统意义的王者之师，而是人民之师，不该沉溺在西方信奉的弱肉强食理念里，最后反噬自己的人民，而是用于保护人民的生命财产免遭弱肉强食信奉者的掠夺侵犯。在一次次的击败这种侵略的过程中，逐步的迫使它们反省，为什么就是赢不了，迫使它们对自身信奉的弱肉强食观点产生怀疑，进而反思，转变，最终理解，从而和解，实现世界人民大团结，这个过程很漫长，但如果不走出第一步，那他将是永远的幻想。,2025-06-19 15:25:00,0,0
BV1AMNxzrEbo,2025-06-19 06:37:00,-1248719375,-187542656,65715844,闪耀kira,1763,回复 @河狸2号 : 是是是，战争是最后的手段，要师出有名，不能为了战争而战争，要讲道理，要多交流，用真心换真心，? 核武库再补充10倍，大家坐下来慢慢聊,2025-06-19 15:30:00,0,0
BV1AMNxzrEbo,2025-06-19 06:37:00,-187542656,-1245046863,515880865,河狸2号,21,回复 @闪耀kira : 重要的是提升自己的演算能力，这能力提高了，能事事去推演、深究一番，力求得出一个经过认真推算的结果而非轻率估计的结果，很多宣传言论自然就会变的挺可笑的。所以好好学习。未来在于教育，教育在于提高人的算力与良知，这样才能导向美好的未来，当然不要误以为算力不会推导出必须死人的行动，我虽然不信佛，但佛家有句话不错，用来形容，以佛祖心肠，施雷霆手段。只是被权力迷失的人很容易只沉溺于雷霆手段了，圣母心态的人只看到佛祖心肠了，我认为重要的是去多尝试输入不同的变量，进行不同的推演，然后再依照最好的结果决定行动方案。,2025-06-19 16:09:00,0,0
BV1AMNxzrEbo,2025-06-19 06:37:00,-195460320,-192637392,239893647,夏风寄梦,21,回复 @闪耀kira :它们也是这么想的，所以它们输了,2025-06-19 14:34:00,0,0
