﻿视频BV号,视频发布日期,上级评论ID,评论ID,用户ID,用户名,用户粉丝数,评论内容,评论时间,回复数,点赞数
BV1ahNvzmEoz,2025-06-17 10:00:00,0,-398448240,246994024,维rank,29,伊朗是打了一下，发现，不对。我好像有机会，对面好像也很菜[doge],2025-06-17 11:18:00,17,194
BV1ahNvzmEoz,2025-06-17 10:00:00,-398448240,-383605216,26465913,世界本不同,47,中东优秀的匹配机制,2025-06-17 13:54:00,0,24
BV1ahNvzmEoz,2025-06-17 10:00:00,-398448240,-383129360,19859032,单刀索尔,17,以色列有核弹别真急了[吃瓜],2025-06-17 13:59:00,0,1
BV1ahNvzmEoz,2025-06-17 10:00:00,-383129360,-382707200,12865747,啃宅基,68,回复 @单刀索尔 :它敢，欲要其亡必欲其狂,2025-06-17 14:04:00,0,25
BV1ahNvzmEoz,2025-06-17 10:00:00,-383129360,-1440928735,95903694,找个美国妞空抱着猎色,18,回复 @单刀索尔 :现在扔核弹还能威胁谁啊，他敢扔伊朗， 伊朗就敢扔他，就算伊朗没有，也会有人给他，不管是我们还是俄罗斯，随便找个理由说突然研究成功，之前隐瞒了进度就行了,2025-06-17 14:07:00,0,44
BV1ahNvzmEoz,2025-06-17 10:00:00,-1440928735,-1436631823,122386195,东风破晓,79,回复 @找个美国妞空抱着猎色 :没核弹可以扔原材料，把原材料扔出去也挺好看的[笑哭],2025-06-17 14:51:00,0,17
BV1ahNvzmEoz,2025-06-17 10:00:00,-1440928735,-1403057119,8829977,脸上全是快乐,48,回复 @找个美国妞空抱着猎色 :伊朗是真没核弹[doge],2025-06-18 02:59:00,0,0
BV1ahNvzmEoz,2025-06-17 10:00:00,-1403057119,-335298864,500419821,efcjjikndt,4,回复 @脸上全是快乐 :等他被核弹炸了，就会有了,2025-06-18 04:38:00,0,7
BV1ahNvzmEoz,2025-06-17 10:00:00,-335298864,-1385682943,26141252,白日paper,9,回复 @efcjjikndt :你认为全球核协议只是一纸文书？,2025-06-18 06:26:00,0,0
BV1ahNvzmEoz,2025-06-17 10:00:00,-1440928735,-1343275823,98602094,想不出叫啥好了,9,回复 @找个美国妞空抱着猎色 :核武器这个是真不可能，至少我们是绝对不会提供的，无论从各方面看，百害而无一利，至于常规武器嘛，就看伊朗能支棱多久了，利益足够大的话，说不定会从沙漠里长出来一些奇奇怪怪的东西哟[吃瓜][吃瓜][吃瓜]前提是利益必须足够大！！,2025-06-18 14:40:00,0,2
BV1ahNvzmEoz,2025-06-17 10:00:00,-383129360,-1435927599,1659227382,别加我没这人,9,回复 @单刀索尔 :它敢丢吗，真敢丢那事后各国把它给灭了。,2025-06-17 14:57:00,0,20
BV1ahNvzmEoz,2025-06-17 10:00:00,-383129360,-371704608,3287507,前方不是高能,336,回复 @单刀索尔 :虽然伊朗没有核，但是我相信伊朗整几个脏弹的技术应该还是有的[doge],2025-06-17 15:55:00,0,12
BV1ahNvzmEoz,2025-06-17 10:00:00,-383129360,-350935040,6824704,千華繚乱た,18,回复 @单刀索尔 :它要是真扔了，那波斯人就能在沙漠里捡到核武核心技术了[吃瓜],2025-06-18 01:16:00,0,11
BV1ahNvzmEoz,2025-06-17 10:00:00,-383129360,-1381095327,254232258,CY辰阳,3,回复 @单刀索尔 :中国是唯一保证不在非核武器国家使用核武器的[doge_金箍]以色列要是有核武器的话，嘿嘿,2025-06-18 07:33:00,0,0
BV1ahNvzmEoz,2025-06-17 10:00:00,-383129360,-1370166767,188767760,空格-_--_-,71,回复 @单刀索尔 :支持以色列投弹,2025-06-18 09:55:00,0,0
BV1ahNvzmEoz,2025-06-17 10:00:00,-383129360,-1280321631,60265686,花满天-_,25,回复 @单刀索尔 :以色列敢用，中东那边可就乱咯[doge],2025-06-19 09:37:00,0,1
BV1ahNvzmEoz,2025-06-17 10:00:00,-398448240,-1441260095,370327560,行走的迫击炮,49,乘胜 谈判 大清不是没有过,2025-06-17 14:05:00,0,1
BV1ahNvzmEoz,2025-06-17 10:00:00,-398448240,-381741856,32752921,馆二喵,83,以色列在等美国的导弹[呲牙],2025-06-17 14:13:00,0,0
