﻿视频BV号,视频发布日期,上级评论ID,评论ID,用户ID,用户名,用户粉丝数,评论内容,评论时间,回复数,点赞数
BV1AfKwzVEga,2025-06-20 09:48:00,0,-1170431167,471048574,了不起的杰夫,46,伊朗不仅要反击，还要主动出击，现在是生死存亡的时候，不是玩回合制游戏。,2025-06-20 12:44:00,7,10
BV1AfKwzVEga,2025-06-20 09:48:00,-1170431167,-64528512,477597516,心宇20,23,两个不是邻国,2025-06-21 01:19:00,0,0
BV1AfKwzVEga,2025-06-20 09:48:00,-64528512,-1041776287,362942854,一只安安静静的兔子,423,"回复 @心宇20 :德国和苏联当年也不是邻国
别幻想能和平了，你不打别人，别人也一样会打你
除非伊朗真有核武器，直接全覆盖以色列，让以色列让美国知道，在打下去就是两败俱伤，以后中东这片土地在也没有美军存在下去的资格和理由，那时候才有资格说胜利，反过来也一样，以色列全面控制中东地区，封锁东西方交流，成为世界一霸，和美国一起瓜分世界
或许沙漠化的原因也包括核武全覆盖导致的[doge_金箍]
上面这句话不是猜想，只是单纯的吐槽",2025-06-21 17:24:00,0,3
BV1AfKwzVEga,2025-06-20 09:48:00,-1170431167,-1082511951,1015655890,桃的小橙,31,中间隔着两个国家，不好主动出击啊,2025-06-21 10:17:00,0,0
BV1AfKwzVEga,2025-06-20 09:48:00,-1170431167,-1030102111,21715557,0有趣的女人0,97,隔2国家出不了,2025-06-21 23:57:00,0,0
BV1AfKwzVEga,2025-06-20 09:48:00,-1170431167,-919930367,52507597,Donhgtua,2,可惜伊朗政府和人民对美国报有幻想，现在的动作也只是在争取和美国对话的机会[笑哭],2025-06-23 02:29:00,0,0
BV1AfKwzVEga,2025-06-20 09:48:00,-1170431167,157072400,1914007712,狼龘,6,我只能告诉你，伊朗有美国梦，打美国的爹，他们的美国梦不要了吗,2025-06-23 04:14:00,0,0
BV1AfKwzVEga,2025-06-20 09:48:00,-1170431167,183873648,287959735,樱落雁未归,4,所以你这不给个扭，一起扭了[doge],2025-06-23 09:51:00,0,1
