﻿视频BV号,视频发布日期,上级评论ID,评论ID,用户ID,用户名,用户粉丝数,评论内容,评论时间,回复数,点赞数
BV1A9MvzkE7u,2025-06-16 02:53:00,0,-1516641311,576649152,小胡子还是做不到,13,赶紧叫他们回来吧，战地记者太危险了。,2025-06-16 17:48:00,20,114
BV1A9MvzkE7u,2025-06-16 02:53:00,-1516641311,-458154160,1151312826,神夜sunyear,1,总要有人把世界各地真实的情况带回来,2025-06-16 18:37:00,0,87
BV1A9MvzkE7u,2025-06-16 02:53:00,-1516641311,-1513960991,387997559,shyjenny,12,那他们工作干啥的？[doge_金箍],2025-06-16 18:59:00,0,19
BV1A9MvzkE7u,2025-06-16 02:53:00,-1516641311,-455208688,17140624,暗中观察中国地区,28,战地记者超高年薪[惊讶]，有什么意外的话超高赔偿金[笑哭],2025-06-16 20:45:00,0,11
BV1A9MvzkE7u,2025-06-16 02:53:00,-455208688,-450189968,669410304,不喝牛奶的牛奶eve,19,回复 @暗中观察中国地区 :跟钱有什么关系？给你这么高的年薪你去吗？战地记者是有理想的好不好你以为每个新闻专业的都会当战地记者吗？,2025-06-17 00:09:00,0,34
BV1A9MvzkE7u,2025-06-16 02:53:00,-450189968,-446301968,1542221811,冰块骨头汤,84,回复 @不喝牛奶的牛奶eve :正确的，记者遍地都是，但是有理想有抱负有操守的却很少,2025-06-17 01:24:00,0,24
BV1A9MvzkE7u,2025-06-16 02:53:00,-450189968,-1492579583,49461279,魅东城,14,回复 @不喝牛奶的牛奶eve :我去，我记得小时候水均益去的时候好像是一百万来着。现在20多年过去了应该更多吧,2025-06-17 03:57:00,0,1
BV1A9MvzkE7u,2025-06-16 02:53:00,-1492579583,-430159472,669410304,不喝牛奶的牛奶eve,19,回复 @魅东城 :那你愿意去吗，你去问问新闻学的专业是每个这个专业的都愿意去吗跟钱有关系吗？就算有那也是应得的,2025-06-17 04:48:00,0,7
BV1A9MvzkE7u,2025-06-16 02:53:00,-1516641311,-445141712,113595612,鄂州-王添翼,191,很多国家都有记者在这里，一线记者是必须要有的,2025-06-17 01:43:00,0,16
BV1A9MvzkE7u,2025-06-16 02:53:00,-1516641311,-1500788479,24953,树懒,49,总要有人带回真实信息，难道让大家去相信，个人营销号的游戏画面吗,2025-06-17 02:06:00,0,56
BV1A9MvzkE7u,2025-06-16 02:53:00,-1516641311,-438666992,492336038,哦-买了买了卡,75,师傅，你是做什么工作的？,2025-06-17 03:15:00,0,8
BV1A9MvzkE7u,2025-06-16 02:53:00,-1516641311,-1487458767,200757183,英俊的史蒂夫,816,说这种不切实际的话不如说加强防护措施提高待遇,2025-06-17 04:49:00,0,4
BV1A9MvzkE7u,2025-06-16 02:53:00,-1516641311,-419001424,9816317,叔叔不是坏人不骗你,103,没什么危险的，真正危险的俄乌前线他们都不敢去,2025-06-17 07:11:00,0,1
BV1A9MvzkE7u,2025-06-16 02:53:00,-1516641311,-1462781839,37812491,方袋公主与皮盖王子,41,人长大后，身上就赋予了不同的使命，保重！,2025-06-17 10:17:00,0,1
BV1A9MvzkE7u,2025-06-16 02:53:00,-1516641311,-403487696,10514544,腿腿狸,736,那谁去报道情况,2025-06-17 10:27:00,0,1
BV1A9MvzkE7u,2025-06-16 02:53:00,-1516641311,-1461348719,603680381,Eisenste-Arsenal,40,这是他们的身为记者使命，赶在第一线报道最真实、最可信的情况，如果人类单单因为危险就不去做，全世界估计都还停留在原始社会,2025-06-17 10:32:00,0,6
BV1A9MvzkE7u,2025-06-16 02:53:00,-1516641311,-1456474655,90076374,依桥枫叶,12,打仗总有人上,2025-06-17 11:22:00,0,1
BV1A9MvzkE7u,2025-06-16 02:53:00,-1516641311,-394727824,3494364533754643,ok爸爸bb,9,战地记者升值很快，记者也知道危险，拼一份前程而已。,2025-06-17 11:58:00,0,0
BV1A9MvzkE7u,2025-06-16 02:53:00,-1516641311,-1441336175,1664067658,南海九江,37,没办法，听说又去了一个，因为伊朗把整个，国际国内航空全给封了，所以说记者只能跨边境走更危险,2025-06-17 14:04:00,0,2
BV1A9MvzkE7u,2025-06-16 02:53:00,-1516641311,-368563376,3493105577757328,hualahuala222,1,求仁得仁，就是一种成全。她有她自己的理想。,2025-06-17 16:36:00,0,0
BV1A9MvzkE7u,2025-06-16 02:53:00,-1516641311,-1418704335,409794785,唳唳哒儿,203,加沙附近可是驻扎了大量战地记者，都被idf拦在外面不让拍加沙灾难,2025-06-17 20:49:00,0,0
