﻿视频BV号,视频发布日期,上级评论ID,评论ID,用户ID,用户名,用户粉丝数,评论内容,评论时间,回复数,点赞数
BV1AAK8zsEvP,2025-06-23 10:22:00,0,-878710943,525938883,足休,20,据说以色列现在的地盘是当初从英国殖民者手里买的？这些地方当时都是英国殖民地[笑哭]真的吗？有知道这段历史和真相的人吗？,2025-06-23 11:00:00,8,5
BV1AAK8zsEvP,2025-06-23 10:22:00,-878710943,191729248,25653608,墨轩kou,5,是真的，当时是托管在英国手里的,2025-06-23 11:10:00,0,4
BV1AAK8zsEvP,2025-06-23 10:22:00,-878710943,192752800,415254532,西部无战事,3,贝尔福宣言，大蝇是真不当人呀。,2025-06-23 11:20:00,0,7
BV1AAK8zsEvP,2025-06-23 10:22:00,-878710943,199220288,13161836,兀兀穷年2291,0,我可以把你家卖了，就是这么离谱，然后你和买主打生打死,2025-06-23 12:27:00,0,4
BV1AAK8zsEvP,2025-06-23 10:22:00,-878710943,-869840431,281788088,思科菲儿烈,16,英国的大缺大德,2025-06-23 12:31:00,0,1
BV1AAK8zsEvP,2025-06-23 10:22:00,-878710943,201004096,1867629743,CFM水枪含家产,46,有一部分是买的，还有一部分是抢的，就是现在耶路撒冷地区，这地方就是抢的，反正都是英国留下来的烂摊子[笑哭],2025-06-23 12:44:00,0,7
BV1AAK8zsEvP,2025-06-23 10:22:00,201004096,-865847983,525938883,足休,20,回复 @CFM水枪含家产 :多谢解惑！[抱拳][抱拳][抱拳],2025-06-23 13:14:00,0,0
BV1AAK8zsEvP,2025-06-23 10:22:00,-878710943,214682752,21525308,三三不熬夜,228,确实是买的，但是只有一丢丢地盘，也就占以色列现有面积的30/1可能都没有，其余都是抢的,2025-06-23 15:02:00,0,1
BV1AAK8zsEvP,2025-06-23 10:22:00,-878710943,217711408,27170044,巨泯,661,犹太人想建国，英国人也想借犹太人控制中东地区，然后就支持他们建立了以色列，建国后犹太跟阿拉伯人爆发冲突，但犹太财阀购买了大量尖端武器进行抵抗，第一次中东战争，阿拉怕联军讨伐失败，以色列从此就落地生根了,2025-06-23 15:34:00,0,1
