﻿视频BV号,视频发布日期,上级评论ID,评论ID,用户ID,用户名,用户粉丝数,评论内容,评论时间,回复数,点赞数
BV1ahNvzmEoz,2025-06-17 10:00:00,0,-1455468319,1797129956,呆滞的小鳄鱼先森,76,伊总统已经申请和谈了，不知道是怎么想的[笑哭],2025-06-17 11:33:00,38,4
BV1ahNvzmEoz,2025-06-17 10:00:00,-1455468319,-396906080,2062909,何晓岚,6,这个存疑，是以方媒体爆出来的,2025-06-17 11:35:00,0,15
BV1ahNvzmEoz,2025-06-17 10:00:00,-1455468319,-396663936,369114630,不愿浮生,10,你不要看他说什么，你要看他干了什么,2025-06-17 11:37:00,0,5
BV1ahNvzmEoz,2025-06-17 10:00:00,-396663936,-1454659327,1797129956,呆滞的小鳄鱼先森,76,回复 @不愿浮生 :我看到的是想和谈[呆],2025-06-17 11:41:00,0,0
BV1ahNvzmEoz,2025-06-17 10:00:00,-1454659327,-387386592,369114630,不愿浮生,10,回复 @呆滞的小鳄鱼先森 :看吧,2025-06-17 13:15:00,0,0
BV1ahNvzmEoz,2025-06-17 10:00:00,-387386592,-1445690815,1797129956,呆滞的小鳄鱼先森,76,回复 @不愿浮生 :https://b23.tv/BV1SJMiz9EVA,2025-06-17 13:18:00,0,0
BV1ahNvzmEoz,2025-06-17 10:00:00,-387386592,-1443263727,1797129956,呆滞的小鳄鱼先森,76,回复 @不愿浮生 :https://b23.tv/BV1kpM8ztEPi 俩圆脸都不看好伊朗，其中一个还是穆斯林,2025-06-17 13:44:00,0,0
BV1ahNvzmEoz,2025-06-17 10:00:00,-1454659327,-386558608,3546670644070724,我应该还能抢救一下,1,回复 @呆滞的小鳄鱼先森 :一直都说在谈[吃瓜][吃瓜][吃瓜]还不是照样下手,2025-06-17 13:24:00,0,2
BV1ahNvzmEoz,2025-06-17 10:00:00,-386558608,-1444592047,1797129956,呆滞的小鳄鱼先森,76,回复 @我应该还能抢救一下 :虽然他是个怂逼但我还是希望他勇一下,2025-06-17 13:29:00,0,0
BV1ahNvzmEoz,2025-06-17 10:00:00,-1454659327,-1440101087,1130312757,不敢苟同啊,12,回复 @呆滞的小鳄鱼先森 :说明这是你愿意看到的[doge]系统推送嘛,2025-06-17 14:15:00,0,1
BV1ahNvzmEoz,2025-06-17 10:00:00,-1440101087,-1439120287,1797129956,呆滞的小鳄鱼先森,76,回复 @不敢苟同啊 :啊??？我还是比较希望伊朗能够硬气些，奈何他不争气啊,2025-06-17 14:26:00,0,0
BV1ahNvzmEoz,2025-06-17 10:00:00,-1439120287,-360758896,43945201,曾经我叫孙日天丶,0,回复 @呆滞的小鳄鱼先森 :要怎么争气，你是站在中国角度上去看这个事，首先你肯定不能把以色列灭国，这种事全世界都不会让它发生，最后还是要谈判。而且伊朗的这次反击做的很好了，你不能要求他和咱们一样，世界上有几个能和咱们一样。,2025-06-17 19:35:00,0,0
BV1ahNvzmEoz,2025-06-17 10:00:00,-1455468319,-396454160,3546899772606906,人群知名靓崽,0,这个消息我听了三天。,2025-06-17 11:41:00,0,5
BV1ahNvzmEoz,2025-06-17 10:00:00,-1455468319,-395905456,90957908,流年哥哥啊,113,反伊媒体和美国官媒华盛顿邮报的报道。舆论战，同时说明美国最想和谈。,2025-06-17 11:46:00,0,7
BV1ahNvzmEoz,2025-06-17 10:00:00,-395905456,-1453212271,1797129956,呆滞的小鳄鱼先森,76,回复 @流年哥哥啊 :这个就不太清楚了，有消息称6月16日凌晨，至少30架美军KC-135和KC-46加油机从美国本土基地紧急升空，横跨大西洋直扑欧洲前线。 与此同时，原本在南海巡航的“尼米兹”号核动力航母突然调头，全速穿越马六甲海峡驶向中东。,2025-06-17 11:57:00,0,0
BV1ahNvzmEoz,2025-06-17 10:00:00,-1453212271,-1436803359,435285056,夏虫不可语冰钓鱼,20,回复 @呆滞的小鳄鱼先森 :胡赛堵着红海这头，估计要绕一圈，不然是真挨揍，美胡协议明确美不能帮以，否则就挨揍，拖鞋哥是真猛，定期给上强度,2025-06-17 14:48:00,0,1
BV1ahNvzmEoz,2025-06-17 10:00:00,-1436803359,-1412936031,1797129956,呆滞的小鳄鱼先森,76,回复 @夏虫不可语冰钓鱼 :这个还不太清楚到时候看看局势发展吧，希望伊朗可以支楞起来把老美拖下水,2025-06-18 00:27:00,0,0
BV1ahNvzmEoz,2025-06-17 10:00:00,-395905456,-1452943967,89549960,叶棂quq,6,回复 @流年哥哥啊 :美国说对面想和谈的时候，说明美国自己想和谈。,2025-06-17 12:01:00,0,1
BV1ahNvzmEoz,2025-06-17 10:00:00,-395905456,-1422413055,1495484964,我好穷能不能便宜点,18,回复 @流年哥哥啊 :川普现在最想的是跟伊朗达成协议，刚跟普京说好这个事情（有点感觉普京在转移地区矛盾），这是民意上的重大加分项[笑哭]但以色列不乐意，要把美拖下水,2025-06-17 18:12:00,0,0
BV1ahNvzmEoz,2025-06-17 10:00:00,-1455468319,-395382736,429755423,我在B站讲巫蛊,13,刚有消息说要轰炸以色列全境，下午的消息，消息是真的，但到底打不打就不知道了。,2025-06-17 11:51:00,0,1
BV1ahNvzmEoz,2025-06-17 10:00:00,-1455468319,-394754320,5249328,酒里乾坤,10,先问是不是再问为什么，关于伊朗“高级消息人士”的采访跟大鸡院时报告诉你七长老在海子里打得头破血流一个性质。另外抛开假新闻不谈，伊朗本来革命卫队和文官政府就是左右脑互搏的态势，如果真能统一思想怕不是早就动员所谓“弧”系武装一起给恁以上强度了，还用的着cos传奇升旗手？,2025-06-17 11:57:00,0,3
BV1ahNvzmEoz,2025-06-17 10:00:00,-1455468319,-394398848,2935322,故里青衫客,48,来源呢？还是你代表伊朗去谈判？,2025-06-17 12:01:00,0,1
BV1ahNvzmEoz,2025-06-17 10:00:00,-394398848,-1452440479,1797129956,呆滞的小鳄鱼先森,76,回复 @故里青衫客 :佩泽希齐扬在6月14日主动打电话给法国总统马克龙，向他诉说伊朗的无奈与憋屈。佩泽希齐扬明确表示，伊朗并不想与以色列继续冲突，但如果被逼急了，伊朗也不排除反击。同时，他要求将与美国的谈判暂时搁置，条件只有一个：以色列必须停止军事行动。,2025-06-17 12:05:00,0,0
BV1ahNvzmEoz,2025-06-17 10:00:00,-1452440479,-1440052703,1130312757,不敢苟同啊,12,回复 @呆滞的小鳄鱼先森 :马克虫这么有排面吗[尴尬],2025-06-17 14:17:00,0,0
BV1ahNvzmEoz,2025-06-17 10:00:00,-1440052703,-1438952527,1797129956,呆滞的小鳄鱼先森,76,回复 @不敢苟同啊 :不知道，反正据说伊朗是各方求人调停，脸都快丢到地板上摩擦了[无语],2025-06-17 14:27:00,0,0
BV1ahNvzmEoz,2025-06-17 10:00:00,-1438952527,-356964048,1682534013,戒子说,1,回复 @呆滞的小鳄鱼先森 :主观性很强,2025-06-17 23:02:00,0,0
BV1ahNvzmEoz,2025-06-17 10:00:00,-356964048,-1412961279,1797129956,呆滞的小鳄鱼先森,76,回复 @戒子说 :看似主观其实都是客观消息,2025-06-18 00:26:00,0,0
BV1ahNvzmEoz,2025-06-17 10:00:00,-394398848,-1452315151,1797129956,呆滞的小鳄鱼先森,76,回复 @故里青衫客 :佩泽希齐扬就是个投降派你不知道吗？他一直主张和美国和解,2025-06-17 12:07:00,0,0
BV1ahNvzmEoz,2025-06-17 10:00:00,-394398848,-1447094799,1797129956,呆滞的小鳄鱼先森,76,回复 @故里青衫客 :https://b23.tv/BV1SJMiz9EVA,2025-06-17 13:03:00,0,0
BV1ahNvzmEoz,2025-06-17 10:00:00,-1455468319,-394362960,348484002,绯色鱼雷,117,莱西死了 现总统本来就是求和派,2025-06-17 12:02:00,0,0
BV1ahNvzmEoz,2025-06-17 10:00:00,-1455468319,-1447053199,197607960,请把猫咪给我,1,毛子也天天嚷嚷着和谈 不照样一边送冰棍 一边炸基辅？ 不能看别人说什么， 得看怎么操作[doge],2025-06-17 13:04:00,0,2
BV1ahNvzmEoz,2025-06-17 10:00:00,-1447053199,-1445916335,1797129956,呆滞的小鳄鱼先森,76,回复 @请把猫咪给我 :性质不一样，俄罗斯有打下去的底气和动力，这个伊朗没有或者说伊朗的统治阶层没有。给你发个圆脸的视频看看https://b23.tv/BV1SJMiz9EVA,2025-06-17 13:16:00,0,1
BV1ahNvzmEoz,2025-06-17 10:00:00,-1455468319,-1439270495,638081,乖乖乖乖乖乖乖乖,4,老美还说关税战的时候，咱们主动想找他们呢[妙啊]能信？,2025-06-17 14:24:00,0,0
BV1ahNvzmEoz,2025-06-17 10:00:00,-1439270495,-1438719631,1797129956,呆滞的小鳄鱼先森,76,回复 @乖乖乖乖乖乖乖乖 :看看后续吧，先插个眼,2025-06-17 14:29:00,0,0
BV1ahNvzmEoz,2025-06-17 10:00:00,-1455468319,-1417209007,53278352,海洋的绿宝石,35,战争从来都是一边打一边谈啊，而且这是美国人的老把戏了，谈判的艺术，说什么从来不重要，重要的是怎么做的,2025-06-17 22:21:00,0,0
BV1ahNvzmEoz,2025-06-17 10:00:00,-1455468319,-1129297551,35611267,不会说话所以胡乱说话,98,如果是真的也很正常，它才多大，能有多少武器储备。,2025-06-21 01:08:00,0,0
BV1ahNvzmEoz,2025-06-17 10:00:00,-1129297551,-1128020591,1797129956,呆滞的小鳄鱼先森,76,回复 @不会说话所以胡乱说话 :伊朗算是个中型国家吧[微笑]，100多万平方公里9000多万人口，有自己的工业体系,2025-06-21 01:27:00,0,0
BV1ahNvzmEoz,2025-06-17 10:00:00,-1455468319,144327952,88541641,时詡,10,哪里都有赢学[滑稽],2025-06-23 01:23:00,0,0
BV1ahNvzmEoz,2025-06-17 10:00:00,144327952,-922127039,1797129956,呆滞的小鳄鱼先森,76,回复 @时詡 :[惊讶]什么赢学,2025-06-23 01:53:00,0,0
