﻿视频BV号,视频发布日期,上级评论ID,评论ID,用户ID,用户名,用户粉丝数,评论内容,评论时间,回复数,点赞数
BV1aANRzqE5d,2025-06-22 10:19:00,0,101151168,70613678,啊啦啦伏地魔,9,四分钟视频，60S广告[doge][无语],2025-06-22 12:17:00,57,213
BV1aANRzqE5d,2025-06-22 10:19:00,101151168,105993616,543740049,无极尊v,26,人家不要赚钱？你不会快进？,2025-06-22 13:08:00,0,46
BV1aANRzqE5d,2025-06-22 10:19:00,105993616,-948719807,384190357,空旷奈何桥,63,回复 @无极尊v :打广告可以，这么短的视频这么长的广告过分了吧,2025-06-22 15:16:00,0,9
BV1aANRzqE5d,2025-06-22 10:19:00,-948719807,121201328,543740049,无极尊v,26,回复 @空旷奈何桥 :你不会快进？手机不是触屏的么？,2025-06-22 15:40:00,0,2
BV1aANRzqE5d,2025-06-22 10:19:00,101151168,-956907439,493915967,咕骨鼓,18,人都要吃饭的,2025-06-22 13:54:00,0,26
BV1aANRzqE5d,2025-06-22 10:19:00,-956907439,117054032,316670443,丨乐不思蜀,4,回复 @咕骨鼓 :人吃饭跟广告有关？[点赞][点赞],2025-06-22 14:58:00,0,1
BV1aANRzqE5d,2025-06-22 10:19:00,117054032,-949529903,336482982,无虚妄233,10,回复 @丨乐不思蜀 : 这么逆天的么？,2025-06-22 15:07:00,0,21
BV1aANRzqE5d,2025-06-22 10:19:00,117054032,-948652735,350540798,琉璃龙龙like,32,回复 @丨乐不思蜀 :真没在串吗,2025-06-22 15:16:00,0,7
BV1aANRzqE5d,2025-06-22 10:19:00,117054032,120132560,5847841,曼珠沙华bibi,275,回复 @丨乐不思蜀 : 不接广告你给UP直接打钱更快一点，这下有关了吗？[点赞][点赞],2025-06-22 15:28:00,0,4
BV1aANRzqE5d,2025-06-22 10:19:00,117054032,122633824,225183134,怪咖_mm,46,回复 @丨乐不思蜀 :？,2025-06-22 15:55:00,0,0
BV1aANRzqE5d,2025-06-22 10:19:00,117054032,122880288,237686513,我叫逗你玩a,37,回复 @丨乐不思蜀 : 自媒体不靠光靠吃饭靠什么？靠流量？,2025-06-22 15:58:00,0,0
BV1aANRzqE5d,2025-06-22 10:19:00,117054032,-943112463,319384860,纸鹞蕴,22,回复 @丨乐不思蜀 :你给up主发工资不就行了[嗑瓜子],2025-06-22 16:17:00,0,0
BV1aANRzqE5d,2025-06-22 10:19:00,117054032,126803280,380941416,摸鱼队的猫,12,回复 @丨乐不思蜀 :不懂就好好问，发那吊表情是不会说话吗？,2025-06-22 16:47:00,0,0
BV1aANRzqE5d,2025-06-22 10:19:00,117054032,131839808,19391543,律者心,5,回复 @丨乐不思蜀 : 制作视频，收集情报也需要时间的，up也不是全职，就算再热爱，低收入保持每天一更的频率也吃不消啊,2025-06-22 18:20:00,0,0
BV1aANRzqE5d,2025-06-22 10:19:00,131839808,138844272,38872040,附件12345,53,回复 @律者心 :不是全职，开玩笑呢,2025-06-22 23:27:00,0,0
BV1aANRzqE5d,2025-06-22 10:19:00,117054032,133195376,1542014239,锅里有肉没汤,3,回复 @丨乐不思蜀 :挺可爱的[嗑瓜子],2025-06-22 19:12:00,0,0
BV1aANRzqE5d,2025-06-22 10:19:00,117054032,-931109391,11360089,咖喱的洗澡水,4,回复 @丨乐不思蜀 :你爸不上班挣钱就把你养大了？,2025-06-22 22:24:00,0,0
BV1aANRzqE5d,2025-06-22 10:19:00,117054032,139623600,3546753974405420,侏儒西跳水罗,3,回复 @丨乐不思蜀 :??,2025-06-22 23:48:00,0,0
BV1aANRzqE5d,2025-06-22 10:19:00,117054032,141799984,16639605,古街丶小巷,32,回复 @丨乐不思蜀 :。。。,2025-06-23 00:36:00,0,0
BV1aANRzqE5d,2025-06-22 10:19:00,117054032,151683296,3546916849715902,上天入地小白鱼,0,回复 @丨乐不思蜀 :不接广，你给up打钱？,2025-06-23 03:14:00,0,0
BV1aANRzqE5d,2025-06-22 10:19:00,101151168,-956897327,493915967,咕骨鼓,18,你不看可以快进啊,2025-06-22 13:54:00,0,4
BV1aANRzqE5d,2025-06-22 10:19:00,101151168,-954761519,476789390,开岁-Acer,27,事实,2025-06-22 14:14:00,0,3
BV1aANRzqE5d,2025-06-22 10:19:00,101151168,114744896,679280728,旁骛DK,2,手划一下就能跳过啊,2025-06-22 14:35:00,0,1
BV1aANRzqE5d,2025-06-22 10:19:00,101151168,-952152847,272409969,干呗-B裏,27,以前很多平台播放视频前置广告，现在平台不放广告，up植入广告，还一堆人叫好,2025-06-22 14:41:00,0,27
BV1aANRzqE5d,2025-06-22 10:19:00,-952152847,116251904,2203312,就当是做梦吧,6,回复 @干呗-B裏 :人家也要吃饭啊，用爱给你放电，不喜欢看可以不看吧，也有没有放广告的up呀[笑哭],2025-06-22 14:50:00,0,14
BV1aANRzqE5d,2025-06-22 10:19:00,116251904,-931963679,389997750,此账号已被禁用三连,20,回复 @就当是做梦吧 :就事论事，作为观众，我就觉得这个视频制作者植入这么长且违和的广告很低俗，理应号召更多人抵制。至于吃饭，就别拿影响观众观影体验去找饭吃，楼主既然支持up，不把广告看完很说不过去??,2025-06-22 21:31:00,0,0
BV1aANRzqE5d,2025-06-22 10:19:00,116251904,145257104,16555725,摸一下就爆炸,68,回复 @就当是做梦吧 :隔壁有个也要恰饭，但人家进度条分了节。而且准确性比这个严谨多了,2025-06-23 01:37:00,0,0
BV1aANRzqE5d,2025-06-22 10:19:00,145257104,149120512,2203312,就当是做梦吧,6,回复 @摸一下就爆炸 :[笑哭]随意吧，用爱发电的可太少了,2025-06-23 02:37:00,0,0
BV1aANRzqE5d,2025-06-22 10:19:00,-952152847,-948583855,33276896,NOVA2003,143,回复 @干呗-B裏 :前置广告你能跳过？,2025-06-22 15:17:00,0,2
BV1aANRzqE5d,2025-06-22 10:19:00,-952152847,-945739967,1659227382,别加我没这人,9,回复 @干呗-B裏 :那为什么叫好而以前骂，你就不能再想想呢，再想下很费精力吗？,2025-06-22 15:47:00,0,0
BV1aANRzqE5d,2025-06-22 10:19:00,-952152847,-936849759,268437259,seewhatsee3,9,回复 @干呗-B裏 :那你来做,2025-06-22 18:00:00,0,0
BV1aANRzqE5d,2025-06-22 10:19:00,-952152847,-930082719,37042175,叫我小艾吧,20,回复 @干呗-B裏 :up吃不到饭，不做视频，你做视频给我们看么[笑哭],2025-06-22 23:07:00,0,0
BV1aANRzqE5d,2025-06-22 10:19:00,-952152847,-929103391,44037455,cb86915908,10,回复 @干呗-B裏 :因为前置广告强制喂你，植入我三秒跳过。,2025-06-22 23:38:00,0,0
BV1aANRzqE5d,2025-06-22 10:19:00,-952152847,140495280,32597442,丶丶dadie,3,回复 @干呗-B裏 :以前那玩意跳过得开会员，现在植入的动动小手指就能跳过,2025-06-23 00:11:00,0,0
BV1aANRzqE5d,2025-06-22 10:19:00,140495280,-927288047,272409969,干呗-B裏,27,回复 @丶丶dadie :不是跳不跳过的问题，吃饭的时候时不时出现一粒沙子能让人舒服吗？虽然也能吐掉,2025-06-23 00:20:00,0,0
BV1aANRzqE5d,2025-06-22 10:19:00,-927288047,144216384,1658374321,黑猫的反击,0,回复 @干呗-B裏 : 吃饭的时候时不时出现一粒沙子能让人舒服，但是饭是你自己要吃的吧，饭你花过钱吗？自己选的免费的午餐，还怪饭里面有沙子，你不感觉有点问题吗？,2025-06-23 01:21:00,0,0
BV1aANRzqE5d,2025-06-22 10:19:00,-952152847,144001088,1658374321,黑猫的反击,0,回复 @干呗-B裏 : 对，UP就应该直接把钱塞到你手里，太过分了，他居然敢挣钱。,2025-06-23 01:19:00,0,0
BV1aANRzqE5d,2025-06-22 10:19:00,101151168,115351600,9094329,Yy西红柿鸡蛋面,41,不会跳过吗,2025-06-22 14:41:00,0,0
BV1aANRzqE5d,2025-06-22 10:19:00,101151168,118269248,431752818,ST段弓背向下抬高,57,b站可以了，至少广告可以拖进度条，去优酷爱奇艺跳都跳不了,2025-06-22 15:08:00,0,9
BV1aANRzqE5d,2025-06-22 10:19:00,101151168,-948635471,314888895,明---玉,107,其实可以不看[笑哭],2025-06-22 15:17:00,0,1
BV1aANRzqE5d,2025-06-22 10:19:00,101151168,119076912,261746415,白话经济学,107,你人还怪好咧[doge_金箍]。为了不让广告污染大脑，我3分58秒就按暂停,2025-06-22 15:17:00,0,0
BV1aANRzqE5d,2025-06-22 10:19:00,101151168,-946759455,389997750,此账号已被禁用三连,20,很多人都觉得有广告很正常，并不知道60秒广告意味着什么，温水煮青蛙啊,2025-06-22 15:36:00,0,6
BV1aANRzqE5d,2025-06-22 10:19:00,-946759455,120952912,12056611,小柴胡汤治百病,34,回复 @此账号已被禁用三连 :你玛德拉不来进度条吗？没手？,2025-06-22 15:37:00,0,2
BV1aANRzqE5d,2025-06-22 10:19:00,120952912,-932047247,389997750,此账号已被禁用三连,20,回复 @小柴胡汤治百病 :我表达不同观点何以招致你的攻击，凡是不想拉进度的都没有手吗？有广告是不是影响观看体验，你选择逆来顺受，为什么阻止别人勇于反抗？,2025-06-22 21:19:00,0,0
BV1aANRzqE5d,2025-06-22 10:19:00,101151168,122769632,3493122717780728,GIenQuagmire,90,要是给个进度条分段也还行吧，刚才看了一个有广告分节的视频,2025-06-22 15:55:00,0,0
BV1aANRzqE5d,2025-06-22 10:19:00,101151168,123537312,340184931,此菜不是彼菜,41,这还算好的了，有些B一分钟的视频40秒的广告,2025-06-22 16:06:00,0,0
BV1aANRzqE5d,2025-06-22 10:19:00,101151168,124060480,33800935,窗外青山楼外楼,1,3分56秒[doge_金箍],2025-06-22 16:11:00,0,0
BV1aANRzqE5d,2025-06-22 10:19:00,101151168,-942230015,7044177,Tzyer,8,广告狗是这样的 直接拉黑就行了,2025-06-22 16:29:00,0,1
BV1aANRzqE5d,2025-06-22 10:19:00,101151168,-940963455,886872,夜奈星空,10,天天想别人用爱发电，以后b站没了就好了,2025-06-22 16:47:00,0,0
BV1aANRzqE5d,2025-06-22 10:19:00,101151168,133004656,16605122,hobbyhwa,41,可以跳过,2025-06-22 18:54:00,0,0
BV1aANRzqE5d,2025-06-22 10:19:00,101151168,-931960895,401018480,别逼我肘你喵,6,这个只能说是b站转移的问题，视频激励太低，只能加广告了,2025-06-22 21:32:00,0,0
BV1aANRzqE5d,2025-06-22 10:19:00,101151168,-930166255,26831462,Toothles,135,总比某些2分钟视频1分钟广告30秒阴间祝福30秒复读官方内容要好吧,2025-06-22 23:01:00,0,0
BV1aANRzqE5d,2025-06-22 10:19:00,101151168,-929922159,49534688,各种未命中,4,看个视频分逼不掏，事儿还挺多,2025-06-22 23:08:00,0,0
BV1aANRzqE5d,2025-06-22 10:19:00,101151168,138655984,352461030,瀚天润海山川百岳,57,到广告处我就直接划走的，后面就不看了除非广告在最后面。,2025-06-22 23:24:00,0,0
BV1aANRzqE5d,2025-06-22 10:19:00,101151168,138976176,393053132,小楼冲雨不似当时,7,要不，你去爱奇艺看吧，也就开局不能关掉的两分钟广告而已[无语],2025-06-22 23:41:00,0,0
BV1aANRzqE5d,2025-06-22 10:19:00,101151168,-927503455,6553554,丶司夜丶,47,还是b站把你惯的太好，别的优酷芒果爱奇艺腾讯168s广告 还不能拉进度,2025-06-23 00:19:00,0,0
BV1aANRzqE5d,2025-06-22 10:19:00,101151168,-923159327,272265197,卖二向箔咯,12,能跳过就谢天谢地了，给你爱奇艺腾讯那种开头15s广告无法跳过就老实了,2025-06-23 01:38:00,0,0
BV1aANRzqE5d,2025-06-22 10:19:00,101151168,-916531295,34569595,我爱恋的,14,b友特有的人穷b事多,2025-06-23 03:15:00,0,1
