﻿视频BV号,视频发布日期,上级评论ID,评论ID,用户ID,用户名,用户粉丝数,评论内容,评论时间,回复数,点赞数
BV1ahNvzmEoz,2025-06-17 10:00:00,0,-232299600,700930117,是零不是零号,110,突然有个问题，无人机能不能做防空,2025-06-19 06:49:00,43,18
BV1ahNvzmEoz,2025-06-17 10:00:00,-232299600,-1291672255,41977877,分母竟然就是我,16,你无人机和导弹比速度啊，你疯了,2025-06-19 06:53:00,0,37
BV1ahNvzmEoz,2025-06-17 10:00:00,-1291672255,-1247798975,244425185,小土豆重生,7,回复 @分母竟然就是我 :用矩阵无人机铺满天空。形成一张网，10万不行百万无人机,2025-06-19 15:35:00,0,0
BV1ahNvzmEoz,2025-06-17 10:00:00,-1247798975,-1246745951,41977877,分母竟然就是我,16,回复 @小土豆重生 :你算过成本没有？就算导弹比无人机贵很多，但是无人机也不是大白菜啊，你地面都罩不起来还想着覆盖天空了，你比楼主还要离谱,2025-06-19 15:48:00,0,0
BV1ahNvzmEoz,2025-06-17 10:00:00,-1291672255,-1240259039,1357822156,太合衬の收藏家,5,回复 @分母竟然就是我 :之前没怎么关注过，以为导弹也没多快。昨天看了伊朗那个超音速的，咻一下就落地炸了，太震撼了[呆]直接刷新我的认知了。,2025-06-19 17:27:00,0,0
BV1ahNvzmEoz,2025-06-17 10:00:00,-1240259039,-1145495855,28876485,Moira丿莫相离,140,回复 @太合衬の收藏家 :现在肉眼根本就观测不到了，不然哪来的那么多卫星协助扫描锁定,2025-06-20 17:11:00,0,0
BV1ahNvzmEoz,2025-06-17 10:00:00,-1240259039,92981872,43180736,卡猫不卡,71,回复 @太合衬の收藏家 :你没看去年俄罗斯那个吗这可不算快,2025-06-22 10:56:00,0,0
BV1ahNvzmEoz,2025-06-17 10:00:00,92981872,-941403503,1357822156,太合衬の收藏家,5,回复 @卡猫不卡 :哪个，我平时不是特别关注[喜极而泣]那天看到这个其实都感觉很快很震撼了[笑哭],2025-06-22 16:40:00,0,0
BV1ahNvzmEoz,2025-06-17 10:00:00,-1291672255,-59906048,700930117,是零不是零号,110,"回复 @分母竟然就是我 :那就看未来无人机发展方向了
三个方向，拦截，预警，干扰",2025-06-21 02:23:00,0,0
BV1ahNvzmEoz,2025-06-17 10:00:00,-232299600,-230410192,116035734,温和争辩求同存异,23,就像几千上万个绿皮地精能不能戳下来高精星耀龙一样,2025-06-19 07:14:00,0,19
BV1ahNvzmEoz,2025-06-17 10:00:00,-230410192,-162020912,209407,袁叔前来拜访,49,回复 @温和争辩求同存异 :俺寻思俺能行！,2025-06-20 02:08:00,0,0
BV1ahNvzmEoz,2025-06-17 10:00:00,-232299600,-1287647215,454474362,_hanker,20,这个问题等同于：体育生能不能追上步枪子弹,2025-06-19 07:53:00,0,33
BV1ahNvzmEoz,2025-06-17 10:00:00,-1287647215,-1282116847,356793289,为之不为之,22,回复 @_hanker :体育生可以[doge],2025-06-19 09:12:00,0,1
BV1ahNvzmEoz,2025-06-17 10:00:00,-1287647215,-1223417679,2051574,僞僐者,12,回复 @_hanker :那确实可以[doge],2025-06-20 02:07:00,0,0
BV1ahNvzmEoz,2025-06-17 10:00:00,-232299600,-227118320,488813136,是歉,61,直接用地面拦截不是一样的吗[doge],2025-06-19 08:04:00,0,6
BV1ahNvzmEoz,2025-06-17 10:00:00,-232299600,-226704928,3546374681397432,tffhuuvvgjj,2,除非你把无人机布满天空,2025-06-19 08:10:00,0,4
BV1ahNvzmEoz,2025-06-17 10:00:00,-232299600,-218765040,416977624,愿勇往,142,不能，太慢了,2025-06-19 09:52:00,0,0
BV1ahNvzmEoz,2025-06-17 10:00:00,-232299600,-1276641231,1953176769,擦边究极品鉴大师,50,又开始无人机无敌论了,2025-06-19 10:19:00,0,4
BV1ahNvzmEoz,2025-06-17 10:00:00,-232299600,-1275670847,1439159455,TheXEnd,323,认真的吗,2025-06-19 10:29:00,0,0
BV1ahNvzmEoz,2025-06-17 10:00:00,-232299600,-1273301343,381260,欧皇金橙五,42,那你这操作员得是阿斯塔特，人类的反应速度可操纵不了东西去追导弹,2025-06-19 10:53:00,0,1
BV1ahNvzmEoz,2025-06-17 10:00:00,-1273301343,-162618448,1403635,X1aoD,27,回复 @欧皇金橙五 :[呆]意识跟得上 但是无人机硬件跟不上啊,2025-06-20 01:59:00,0,0
BV1ahNvzmEoz,2025-06-17 10:00:00,-1273301343,-1215843887,288632792,攒钱买nineT,90,回复 @欧皇金橙五 :阿斯塔特也没法子，你操纵者反应再快机器跟不上啊，你让狮王开辆攻击摩托去打山阵号，那能打吗？,2025-06-20 03:51:00,0,0
BV1ahNvzmEoz,2025-06-17 10:00:00,-232299600,-212269712,7724922,风间今天好好摸鱼了吗,44,你如果能用步枪打下来迫击炮弹，那就可以研究无人机拦截导弹了,2025-06-19 11:02:00,0,2
BV1ahNvzmEoz,2025-06-17 10:00:00,-232299600,-211743632,17311118,画分形的修道妖,1821,那小叶片儿，跟烧燃料的怎么比,2025-06-19 11:08:00,0,4
BV1ahNvzmEoz,2025-06-17 10:00:00,-232299600,-1271176415,515521882,春风立蛋,6,基本不行  速度不行,2025-06-19 11:18:00,0,0
BV1ahNvzmEoz,2025-06-17 10:00:00,-232299600,-209798096,4813419,嗷嗷叫你回家,69,[吃瓜]有亚空间力量可以，加上机魂祝福,2025-06-19 11:27:00,0,0
BV1ahNvzmEoz,2025-06-17 10:00:00,-232299600,-209146512,179466929,窥屏看初音,21,突然用的好，毕竟正常脑子是想不出这种东西的,2025-06-19 11:34:00,0,1
BV1ahNvzmEoz,2025-06-17 10:00:00,-232299600,-208432000,393612826,__墨___,44,你无人机能追上子弹再说吧，想追导弹？,2025-06-19 11:42:00,0,0
BV1ahNvzmEoz,2025-06-17 10:00:00,-208432000,-1247783503,244425185,小土豆重生,7,回复 @__墨___ :无人机矩阵形成一张网去拦截，被动拦截。,2025-06-19 15:36:00,0,0
BV1ahNvzmEoz,2025-06-17 10:00:00,-1247783503,-1246559407,41977877,分母竟然就是我,16,回复 @小土豆重生 :这样覆盖你想过无人机之间的互相干扰吗？1台无人机撞了直接变成链式反应，然后天上开始下饺子,2025-06-19 15:51:00,0,1
BV1ahNvzmEoz,2025-06-17 10:00:00,-1247783503,48642112,393612826,__墨___,44,回复 @小土豆重生 :无人机能挡住导弹？你搞笑呢，除非无人机提前爆炸让导弹空爆，但只要空爆，周围一大片携带炸药的无人机全都得炸，全覆盖的情况下引发链式爆炸全炸了[微笑],2025-06-22 02:56:00,0,0
BV1ahNvzmEoz,2025-06-17 10:00:00,-232299600,-202708320,630769009,_莫茗_,2,唯无人机论不可取,2025-06-19 12:45:00,0,0
BV1ahNvzmEoz,2025-06-17 10:00:00,-232299600,-1258927519,10682297,熟果果,60,达到天幕的数量，且有一定的机动性，应该就可以防空了,2025-06-19 13:29:00,0,0
BV1ahNvzmEoz,2025-06-17 10:00:00,-232299600,-194712560,26747524,果勉那塞,19,以后不好说，现在肯定不行,2025-06-19 14:11:00,0,0
BV1ahNvzmEoz,2025-06-17 10:00:00,-232299600,-184432928,1694513,yzcdragon,44,没有什么不可能，但不能是一架，最起码一架预警无人机，其他无人机带空对空放空导弹。不过这种导弹不知道有没有,2025-06-19 16:07:00,0,0
BV1ahNvzmEoz,2025-06-17 10:00:00,-184432928,-1244788975,41977877,分母竟然就是我,16,回复 @yzcdragon :不是，那你这到底是无人机防空还是导弹防空？导弹装无人机上你是想依赖那个逼续航吗,2025-06-19 16:13:00,0,0
BV1ahNvzmEoz,2025-06-17 10:00:00,-232299600,-1235676671,26330658,爆破脸书大楼,13,火箭弹飞过来的风会干扰到无人机吧,2025-06-19 19:58:00,0,0
BV1ahNvzmEoz,2025-06-17 10:00:00,-232299600,-172929264,873406,丶煙袅,17,不能。速度追不上,2025-06-19 21:48:00,0,0
BV1ahNvzmEoz,2025-06-17 10:00:00,-232299600,-171704480,1422635,画册,650,用刀剑格挡子弹[笑哭],2025-06-19 22:48:00,0,1
BV1ahNvzmEoz,2025-06-17 10:00:00,-232299600,-1229315455,341597299,繁星翊熠,1,不行，太慢了,2025-06-20 00:24:00,0,0
BV1ahNvzmEoz,2025-06-17 10:00:00,-232299600,-1176629183,266238870,子午和卯酉,144,"分哪种。
九天那个级别的有可能。用武装起来的空中平台 进行 中段拦截。",2025-06-20 11:43:00,0,0
BV1ahNvzmEoz,2025-06-17 10:00:00,-232299600,-1145447407,28876485,Moira丿莫相离,140,除非你能提前预判或者饱和式攻击，不然你怎么可能打得到导弹呢？,2025-06-20 17:10:00,0,0
BV1ahNvzmEoz,2025-06-17 10:00:00,-232299600,-1140009023,1580195259,堇色安年皆是梦,278,时速2000公里的无人机的话，或许有可能,2025-06-20 19:08:00,0,0
BV1ahNvzmEoz,2025-06-17 10:00:00,-232299600,44815536,259088111,看_试手-补_天裂,24,火箭飞行兵打V3火箭车是吧？[笑哭],2025-06-22 02:10:00,0,0
