﻿视频BV号,视频发布日期,上级评论ID,评论ID,用户ID,用户名,用户粉丝数,评论内容,评论时间,回复数,点赞数
BV1ahNvzmEoz,2025-06-17 10:00:00,0,-1453670927,20274858,如意郎君king,82,国土不相邻的打起来，顶多就是回合制，除非老美下场，战争泥潭都得陷下去[吃瓜],2025-06-17 11:53:00,6,94
BV1ahNvzmEoz,2025-06-17 10:00:00,-1453670927,-1443602511,10339355,欧阳这儿这儿,27,美子给航母子停波斯湾子了,2025-06-17 13:41:00,0,11
BV1ahNvzmEoz,2025-06-17 10:00:00,-1443602511,-1441104287,1130312757,不敢苟同啊,12,回复 @欧阳这儿这儿 :这不算下场,2025-06-17 14:07:00,0,0
BV1ahNvzmEoz,2025-06-17 10:00:00,-1443602511,-362077040,22780146,起飞的kilo,1,回复 @欧阳这儿这儿 :让胡赛打航母[doge],2025-06-17 18:48:00,0,0
BV1ahNvzmEoz,2025-06-17 10:00:00,-1453670927,-367412640,71607136,一木头人一,27,不是哦，对伊朗来说以色列不接壤，对以色列来说不是，加沙和约旦河西岸还有一群巴勒斯坦人，以色列如果失去了还手的能力，你猜猜他们会不会拿起武器冲过去给加沙的儿童报仇。,2025-06-17 16:53:00,0,4
BV1ahNvzmEoz,2025-06-17 10:00:00,-367412640,-363628608,296051500,HMS-Aurora,50,回复 @一木头人一 :以色列陆军摆在那了，伊朗不可能靠导弹把几十万以色列陆军炸死。以色列陆军仍然可以对周边保持威慑。,2025-06-17 18:02:00,0,1
BV1ahNvzmEoz,2025-06-17 10:00:00,-363628608,-1422258415,248285,PintoCat,36,回复 @HMS-Aurora : ? 问题是，哪里纵深太小了。 你不集中， 把士兵分散出去和游击队打麻雀战？? ?你集中了， 这边一旦拿到某些情报就直接导弹打过去了，不用多少伤亡，只要炸的你不敢吧部队集中就行。? 然后你就能看到俄乌那边一样， 2 3个巴勒斯坦抵抗组织去拔除 3 - 5个小犹太守的据点了?[doge_金箍],2025-06-17 18:15:00,0,1
