﻿视频BV号,视频发布日期,上级评论ID,评论ID,用户ID,用户名,用户粉丝数,评论内容,评论时间,回复数,点赞数
BV1aaMvzoEDN,2025-06-16 03:34:00,0,-431431696,24966436,听说很长-人生路,72,如果有人对我们放咋办[脸红],2025-06-17 04:36:00,11,0
BV1aaMvzoEDN,2025-06-16 03:34:00,-431431696,-1488545391,3546914194721092,乔克丽特小姐,0,揍它呗,2025-06-17 04:39:00,0,0
BV1aaMvzoEDN,2025-06-16 03:34:00,-431431696,-430817264,364220427,尔康老哥哥,7,我们有先进的拦截系统,2025-06-17 04:42:00,0,0
BV1aaMvzoEDN,2025-06-16 03:34:00,-430817264,-427615296,108203325,浑元形意太极拳接班人,10,回复 @尔康老哥哥 :拦截没能百分百，但是谁敢打我们，就要能承受住我们的反击。只要不考虑人道主义。我们能把小国家的炸成平地,2025-06-17 05:14:00,0,0
BV1aaMvzoEDN,2025-06-16 03:34:00,-431431696,-1486186911,433951064,嘤雄所见略痛,266,你要搞清楚能不能进来还是问题,2025-06-17 05:02:00,0,0
BV1aaMvzoEDN,2025-06-16 03:34:00,-431431696,-428314048,95930902,??蕾米莉亚斯卡雷特,111,还击呗，谁脑袋抽了碰五常,2025-06-17 05:07:00,0,0
BV1aaMvzoEDN,2025-06-16 03:34:00,-431431696,-427461904,108203325,浑元形意太极拳接班人,10,那得问问我们的核潜艇，核武器轰炸机，核威慑，无时无刻都在对峙着。,2025-06-17 05:15:00,0,0
BV1aaMvzoEDN,2025-06-16 03:34:00,-431431696,-425308704,454009241,跳马出驹,20,在对方导弹还没到之前就把对方干掉,2025-06-17 05:41:00,0,0
BV1aaMvzoEDN,2025-06-16 03:34:00,-431431696,-419109328,526477938,我的金阔在哪里,12,没办法啊，毕竟拦截也很难百分百成功，不过对我们放的最好祈祷能把所有设施所有在外潜艇什么的都打崩，不然就等着被夷平吧,2025-06-17 07:12:00,0,0
BV1aaMvzoEDN,2025-06-16 03:34:00,-431431696,-417970208,800308,OMEGA帕瓦,105,碰五常? 那这个国家一定很勇哟~[doge],2025-06-17 07:26:00,0,0
BV1aaMvzoEDN,2025-06-16 03:34:00,-417970208,-415099536,435724415,天鹅之内,10,回复 @OMEGA帕瓦 : 卡扎菲表示很赞,2025-06-17 08:10:00,0,0
BV1aaMvzoEDN,2025-06-16 03:34:00,-417970208,-415099552,435724415,天鹅之内,10,回复 @OMEGA帕瓦 : 卡扎菲表示很赞,2025-06-17 08:10:00,0,0
