﻿视频BV号,视频发布日期,上级评论ID,评论ID,用户ID,用户名,用户粉丝数,评论内容,评论时间,回复数,点赞数
BV1aANRzqE5d,2025-06-22 10:19:00,0,89566656,275298136,正在爬坡的小黑,94,打得一拳出，免得百拳来,2025-06-22 10:21:00,15,10
BV1aANRzqE5d,2025-06-22 10:19:00,89566656,-977591631,698829567,穆然很棒,6,现在是打的一拳出惹的百拳来[笑哭],2025-06-22 10:23:00,0,7
BV1aANRzqE5d,2025-06-22 10:19:00,-977591631,90502512,15002904,葵恩摸鱼official,300,回复 @穆然很棒 :你不打就不挨拳了？,2025-06-22 10:31:00,0,6
BV1aANRzqE5d,2025-06-22 10:19:00,-977591631,90744720,4083129,楚爷啊,56,回复 @穆然很棒 : 你这话就好像不出拳就不会挨揍了一样,2025-06-22 10:34:00,0,3
BV1aANRzqE5d,2025-06-22 10:19:00,90744720,-956400287,698829567,穆然很棒,6,回复 @楚爷啊 :我这话讲的出与不出照样挨打只不过出拳挨的会更多一点这是事实呀[doge_金箍],2025-06-22 13:59:00,0,0
BV1aANRzqE5d,2025-06-22 10:19:00,-977591631,-975639487,33037558,鼠鼠鸭我玩具,40,回复 @穆然很棒 :打电话完全胜利为止,2025-06-22 10:41:00,0,0
BV1aANRzqE5d,2025-06-22 10:19:00,-975639487,-955247135,698829567,穆然很棒,6,回复 @鼠鼠鸭我玩具 :哈哈哈,2025-06-22 14:09:00,0,0
BV1aANRzqE5d,2025-06-22 10:19:00,-977591631,94754800,375536022,全息宇宙DIO,6,回复 @穆然很棒 :你跪下就可以免打了？,2025-06-22 11:13:00,0,1
BV1aANRzqE5d,2025-06-22 10:19:00,94754800,-955666031,698829567,穆然很棒,6,回复 @全息宇宙DIO :你这话说的没逻辑,2025-06-22 14:06:00,0,0
BV1aANRzqE5d,2025-06-22 10:19:00,94754800,-955251615,698829567,穆然很棒,6,回复 @全息宇宙DIO :你这话说的好像人家有预谋有组织欺负人家你这只看到一方面而没有看到另一方面我的小孩哥要换位思考一下我的小孩哥万事都是有原因的[笑哭],2025-06-22 14:09:00,0,0
BV1aANRzqE5d,2025-06-22 10:19:00,-977591631,100376080,91550015,慢车开来,9,回复 @穆然很棒 :这一拳不打你看看是什么后果？且不说别人是奔着整死你目的去的，你不打这一拳，别人准备的是千拳万拳,2025-06-22 12:10:00,0,1
BV1aANRzqE5d,2025-06-22 10:19:00,89566656,90190864,3546738086381732,三观要正然后审题,8,拳头不够硬，打不过的，就是消耗。,2025-06-22 10:26:00,0,2
BV1aANRzqE5d,2025-06-22 10:19:00,90190864,90780528,22920544,1-trojan,6,回复 @三观要正然后审题 :以色列鼻屎大的国家，一天一颗就受不了了,2025-06-22 10:32:00,0,6
BV1aANRzqE5d,2025-06-22 10:19:00,89566656,-975649151,412754058,时间分配革命,17,伊朗没那个能力，也没那个骨气。,2025-06-22 10:40:00,0,0
BV1aANRzqE5d,2025-06-22 10:19:00,89566656,-955768767,698829567,穆然很棒,6,所以我说惹得百拳来,2025-06-22 14:04:00,0,0
BV1aANRzqE5d,2025-06-22 10:19:00,89566656,-955137103,698829567,穆然很棒,6,回顾历史看看朝鲜和这个差不多不过人家朝鲜走运造出来了,2025-06-22 14:11:00,0,0
