﻿视频BV号,视频发布日期,上级评论ID,评论ID,用户ID,用户名,用户粉丝数,评论内容,评论时间,回复数,点赞数
BV1ALNtzyEM8,2025-06-19 08:14:00,0,-1030137967,89600757,Flanker-W,53,说到“你不惹他，他不惹你”我就开始笑了,2025-06-21 23:59:00,8,21
BV1ALNtzyEM8,2025-06-19 08:14:00,-1030137967,36592816,203462804,乱码后缀zzz,90,嗯呢看到你我也笑了,2025-06-22 00:02:00,0,16
BV1ALNtzyEM8,2025-06-19 08:14:00,36592816,-1028086079,89600757,Flanker-W,53,回复 @乱码后缀zzz :笑了，有人急了投诉删评捏,2025-06-22 00:40:00,0,0
BV1ALNtzyEM8,2025-06-19 08:14:00,36592816,623097424,626816327,猫猫的大长腿,9,回复 @乱码后缀zzz :这场战争的开端从那场音乐节开始[笑哭],2025-06-27 21:00:00,0,0
BV1ALNtzyEM8,2025-06-19 08:14:00,623097424,721396048,488897260,aholic0972,3,回复 @猫猫的大长腿 :对对对，人类历史从10月7日音乐节开始,2025-06-28 16:32:00,0,1
BV1ALNtzyEM8,2025-06-19 08:14:00,-1030137967,36857424,3546560216435347,雪媚niang,4,说的不对？ 看看现在伊朗和以色列的轰炸情况 和说辞确实这样,2025-06-22 00:08:00,0,1
BV1ALNtzyEM8,2025-06-19 08:14:00,36857424,-1029000015,89600757,Flanker-W,53,回复 @雪媚niang :辽宁人忘了之前沈阳前几年大街上（是中街，不是铁西那起，比铁西人多）的事儿了？,2025-06-22 00:20:00,0,0
BV1ALNtzyEM8,2025-06-19 08:14:00,-1029000015,-1007083407,384771565,纵使过往逝去,146,回复 @Flanker-W :我只能说你不惹他，他就要来惹你。,2025-06-22 04:49:00,0,8
BV1ALNtzyEM8,2025-06-19 08:14:00,-1030137967,-529335311,1095733481,?哥白尼,6,大体上是这样也没错吧,2025-06-27 05:26:00,0,0
