﻿视频BV号,视频发布日期,上级评论ID,评论ID,用户ID,用户名,用户粉丝数,评论内容,评论时间,回复数,点赞数
BV1AfKwzVEga,2025-06-20 09:48:00,0,-1160768799,1595079,賽琉就是正義,58,唇亡齿寒，中国有脑子的人都支持伊朗。,2025-06-20 14:18:00,12,7
BV1AfKwzVEga,2025-06-20 09:48:00,-1160768799,-1139299183,236097176,xinjiff402,33,人家有大毛子当大哥，不用我们,2025-06-20 19:38:00,0,2
BV1AfKwzVEga,2025-06-20 09:48:00,-1139299183,-73568928,2034407002,当梦想遇上现实,192,回复 @xinjiff402 :人家大使昨天都发表声明感谢中国政府的支持了，你就别在这挑拨了,2025-06-20 21:17:00,0,0
BV1AfKwzVEga,2025-06-20 09:48:00,-73568928,265525168,3493108582975916,SW-水鬼,269,回复 @当梦想遇上现实 :？,2025-06-24 06:33:00,0,0
BV1AfKwzVEga,2025-06-20 09:48:00,-1160768799,-69533296,301841135,邪恶的猪猪酱,243,干以色列没问题，但是美帝四搜航母来搞海湾战争2.0怎么办,2025-06-20 23:54:00,0,0
BV1AfKwzVEga,2025-06-20 09:48:00,-69533296,-1128990159,1415141788,小小乔乔的异想世界,10,回复 @邪恶的猪猪酱 :他现在下场都晚了，明显怂了,2025-06-21 01:12:00,0,0
BV1AfKwzVEga,2025-06-20 09:48:00,-69533296,-1107326639,3546903987881998,追随教员的道路,1,回复 @邪恶的猪猪酱 :他有四艘能送到波斯湾吗？能动的才几艘,2025-06-21 05:22:00,0,0
BV1AfKwzVEga,2025-06-20 09:48:00,-1107326639,-42599472,301841135,邪恶的猪猪酱,243,回复 @追随教员的道路 :好像去了三搜再加英法各一搜,2025-06-21 05:24:00,0,0
BV1AfKwzVEga,2025-06-20 09:48:00,-42599472,-1106743439,3546903987881998,追随教员的道路,1,回复 @邪恶的猪猪酱 :那就值得期待了。789还没有节假日呢。不得来个统一节,2025-06-21 05:30:00,0,0
BV1AfKwzVEga,2025-06-20 09:48:00,-42599472,-1106295839,3546903987881998,追随教员的道路,1,回复 @邪恶的猪猪酱 :中东 西太 东欧 常山之蛇,2025-06-21 05:35:00,0,0
BV1AfKwzVEga,2025-06-20 09:48:00,-69533296,447089520,348959909,歌恶鸽,1275,回复 @邪恶的猪猪酱 :老美现在能抽出两条航母放一块都烧高香了,2025-06-26 04:28:00,0,0
BV1AfKwzVEga,2025-06-20 09:48:00,-1160768799,265601808,3493108582975916,SW-水鬼,269,乐子,2025-06-24 06:33:00,0,0
BV1AfKwzVEga,2025-06-20 09:48:00,-1160768799,-797631519,2137573266,四十五岁初学吉他,4,IP正确,2025-06-24 08:32:00,0,0
