﻿视频BV号,视频发布日期,上级评论ID,评论ID,用户ID,用户名,用户粉丝数,评论内容,评论时间,回复数,点赞数
BV1ahNvzmEoz,2025-06-17 10:00:00,0,-337500016,171222815,小易tybdf,17,"战争只是斗争的一小分支而已。
各种体育竞技，不都是在斗争吗？",2025-06-18 04:17:00,15,3
BV1ahNvzmEoz,2025-06-17 10:00:00,-337500016,-337281296,57132228,rmcaj6ya,6,体育算个啥？游戏罢了。,2025-06-18 04:18:00,0,0
BV1ahNvzmEoz,2025-06-17 10:00:00,-337500016,-336741488,46869730,瞧那锅吧的树,22,把战争和体育混为一谈吗？哈吉易，你这家伙…,2025-06-18 04:24:00,0,2
BV1ahNvzmEoz,2025-06-17 10:00:00,-337500016,-336713840,650123239,暖色调的苹果,1,啊？让你生活在十九世纪三四十年代就老实了，还是吃太饱[OK],2025-06-18 04:25:00,0,0
BV1ahNvzmEoz,2025-06-17 10:00:00,-337500016,-336252432,38204825,六月的红宝石,65,这么干净的6级，哪位老b登被盗号了吧[翻白眼],2025-06-18 04:29:00,0,2
BV1ahNvzmEoz,2025-06-17 10:00:00,-336252432,-326052704,171222815,小易tybdf,17,"回复 @六月的红宝石 :其实是b站的一个bug，我回复错地方了。
应为有个评论提出战争的兴奋是人类的本质。
我说的是那个兴奋的本质是“斗争”战争只是一小部分，还有各种竞争，竞技等等，都会产生兴奋，并不是说战争就是所有",2025-06-18 06:33:00,0,0
BV1ahNvzmEoz,2025-06-17 10:00:00,-337500016,-1395168767,10090978,天风天华,20,电子生命？,2025-06-18 04:32:00,0,0
BV1ahNvzmEoz,2025-06-17 10:00:00,-337500016,-335927072,331982139,coolboygkj,20,你要表达的是什么？让伊朗以色列美国拉出三个人比百米去？,2025-06-18 04:32:00,0,1
BV1ahNvzmEoz,2025-06-17 10:00:00,-337500016,-335631376,525108914,用户已注销6868,2527,??,2025-06-18 04:35:00,0,0
BV1ahNvzmEoz,2025-06-17 10:00:00,-337500016,-335355952,492012134,不与狗计较H,5,战争会死人，体育会死人是吧[调皮],2025-06-18 04:38:00,0,0
BV1ahNvzmEoz,2025-06-17 10:00:00,-337500016,-1394486687,109801595,远音2233,15,你是小蝌蚪的时候就开始斗争了[doge_金箍],2025-06-18 04:39:00,0,0
BV1ahNvzmEoz,2025-06-17 10:00:00,-337500016,-1394284367,12400755,太激光,7,你小子把话说全，完全不知道你是不是真没睡醒,2025-06-18 04:41:00,0,0
BV1ahNvzmEoz,2025-06-17 10:00:00,-337500016,-334599568,646826701,轻划竹舟,13,你没睡醒吗？需要帮你送到伊朗吹吹风清醒一下吗,2025-06-18 04:44:00,0,0
BV1ahNvzmEoz,2025-06-17 10:00:00,-337500016,-334359104,267657235,扬帆加勒比,15,拿战争和体育比，你真是个人才,2025-06-18 04:47:00,0,0
BV1ahNvzmEoz,2025-06-17 10:00:00,-337500016,-334304640,40566514,青青草原上青青草,0,体育生吧，不然我想不到谁还能说出这么抽象的话,2025-06-18 04:48:00,0,0
BV1ahNvzmEoz,2025-06-17 10:00:00,-337500016,-333932416,16595918,骑空土,15,…..war game玩多了说是,2025-06-18 04:52:00,0,0
