﻿视频BV号,视频发布日期,上级评论ID,评论ID,用户ID,用户名,用户粉丝数,评论内容,评论时间,回复数,点赞数
BV1aaMvzoEDN,2025-06-16 03:34:00,0,-1511693919,18030156,998w,53,外交部已经让在以中国人离境了，但这次恐怕不能军舰撤侨了吧[笑哭],2025-06-16 20:59:00,10,26
BV1aaMvzoEDN,2025-06-16 03:34:00,-1511693919,-451296720,492003837,少冰的柠檬水,77,可以，军舰威慑，谁挡我撤侨，我射谁,2025-06-16 23:45:00,0,11
BV1aaMvzoEDN,2025-06-16 03:34:00,-1511693919,-450966864,151059823,锶の羧,57,中东地区我们有的是军舰[doge],2025-06-16 23:52:00,0,10
BV1aaMvzoEDN,2025-06-16 03:34:00,-1511693919,-443341520,386160814,你的海底月,5,你当这么多批次护航舰队是干什么的[doge],2025-06-17 02:10:00,0,2
BV1aaMvzoEDN,2025-06-16 03:34:00,-1511693919,-431671680,290294133,浮屠之下-,7,据说有一俩万人在以色列，撤的过来吗,2025-06-17 04:34:00,0,2
BV1aaMvzoEDN,2025-06-16 03:34:00,-1511693919,-430671008,12424149,十二楼五重,281,组个六舰编队过去以色列就要头皮发麻了,2025-06-17 04:42:00,0,1
BV1aaMvzoEDN,2025-06-16 03:34:00,-1511693919,-430700400,652041008,被黍踩在脚下的植物,237,不可能不让的，以色列再傻也不至于得罪东大，该给的面子还是要给的,2025-06-17 04:43:00,0,2
BV1aaMvzoEDN,2025-06-16 03:34:00,-1511693919,-430299984,316305605,皆城家的孩子们,15,如果战况再恶化的话估计是会的，东大是五常这面子肯定要给,2025-06-17 04:47:00,0,3
BV1aaMvzoEDN,2025-06-16 03:34:00,-1511693919,-1486640959,490941370,WaleyHU,51,已经发布通知让从约旦方面的陆路走了～,2025-06-17 04:58:00,0,3
BV1aaMvzoEDN,2025-06-16 03:34:00,-1511693919,-1484365791,11052396,Elias丶caster,55,不太方便上军舰，双方都怕中是来给对方帮忙的。很容易反应过激。,2025-06-17 05:23:00,0,2
BV1aaMvzoEDN,2025-06-16 03:34:00,-1484365791,-426297408,86483826,枫若子衿,25,回复 @Elias丶caster :那应该不至于，我国真想打，真想帮助一方的话，另外一方也拦不住，这对面也知道，而且以前我国也并没有发生过说是撤侨结果是过来打架的，所以对面不至于为了这点事就得罪东大,2025-06-17 05:29:00,0,1
