﻿视频BV号,视频发布日期,上级评论ID,评论ID,用户ID,用户名,用户粉丝数,评论内容,评论时间,回复数,点赞数
BV1A3Ntz7E8K,2025-06-19 09:46:00,0,-1266274911,87192156,清風明月路千秋,26,这个高超音速导弹自带末端高速机动变轨，飞出匪夷所思的路线，成功引诱了地面三四枚反导导弹攻击后成功击中目标，真是厉害了,2025-06-19 12:09:00,42,679
BV1A3Ntz7E8K,2025-06-19 09:46:00,-1266274911,-202174336,402040322,禁止回答,57,伊朗真的有这技术?这不科学,2025-06-19 12:49:00,0,13
BV1A3Ntz7E8K,2025-06-19 09:46:00,-202174336,-195223280,13939442,大爱诺诺酱,2,回复 @禁止回答 :他有个独步天下的中短程导弹变轨，很牛逼，中美俄都没有,2025-06-19 14:06:00,0,216
BV1A3Ntz7E8K,2025-06-19 09:46:00,-195223280,-1253112063,38288050,敬传奇,73,回复 @大爱诺诺酱 :wc那确实厉害,2025-06-19 14:35:00,0,4
BV1A3Ntz7E8K,2025-06-19 09:46:00,-1253112063,-191806960,394541,贞洁圣女璐璐安,113,回复 @敬传奇 :咱们觉得伊朗菜是因为咱们是世界第一工业大国……,2025-06-19 14:42:00,0,82
BV1A3Ntz7E8K,2025-06-19 09:46:00,-195223280,-178033104,438510748,云兰馨,23,回复 @大爱诺诺酱 :额，中国早就有了，DF17,2025-06-19 17:55:00,0,3
BV1A3Ntz7E8K,2025-06-19 09:46:00,-195223280,-1164592671,2946662,falll,3,回复 @大爱诺诺酱 :这不是钱学森弹道吗？中国那哪里没有了，只有起点和终点确定的准确的，中间过程弹道随机。,2025-06-20 13:41:00,0,0
BV1A3Ntz7E8K,2025-06-19 09:46:00,-1164592671,199482672,402040322,禁止回答,57,"回复 @falll :钱学森弹道指的是中段，随机变轨是末段，确实不是同一个技术。
末段突防主要靠的是速度，随机变轨只是作为辅助手段，实际上20马赫以上的速度垂直贯入，只要你没能提前预判到落点，提前升空拦截，那拦不住是很正常的，因为我稍微变一下轨道，就超出你的速度范围了。
钱学森弹道是中段用的，钱学森弹道的特点是我可以精确预测和控制，但你估算不了，我能控制是因为我能持续微调飞行姿态，你不知道我的目的地你就算不出来。",2025-06-23 12:28:00,0,0
BV1A3Ntz7E8K,2025-06-19 09:46:00,-202174336,-1255214095,3546887191791661,勇敢喵喵啊,2,回复 @禁止回答 :别小看伊朗，能被美国长年制裁的都是狠角色，要不是他们国内太乱了妥妥的中东霸主。,2025-06-19 14:11:00,0,166
BV1A3Ntz7E8K,2025-06-19 09:46:00,-1255214095,-1163873039,2946662,falll,3,回复 @勇敢喵喵啊 :伊朗这技术不够看，这种弹道技是中国玩剩下的，导弹技术中国断崖式领先，短中长洲际四个级别没有短板。这个技术80年代就有了，这就不是钱学森弹道，导弹轨迹完全随机，连自己无法预测，但是绝对能命中目标。,2025-06-20 13:48:00,0,1
BV1A3Ntz7E8K,2025-06-19 09:46:00,-202174336,-194446960,265534940,小仓鼠86,147,回复 @禁止回答 :伊朗好歹是中东第一大工业国[笑哭]还是有两把刷子的,2025-06-19 14:13:00,0,78
BV1A3Ntz7E8K,2025-06-19 09:46:00,-202174336,-1249924703,67811564,土木工程一建打灰员,257,回复 @禁止回答 :伊朗菜你得看跟谁比,2025-06-19 15:10:00,0,33
BV1A3Ntz7E8K,2025-06-19 09:46:00,-202174336,-187342576,257830234,兵破残阳,24,回复 @禁止回答 :他都能研发核了你觉得他不厉害[笑哭]五常不可能给核心技术只可能卖设备其他的都得自己研发[笑哭],2025-06-19 15:33:00,0,49
BV1A3Ntz7E8K,2025-06-19 09:46:00,-202174336,-1245735951,36296868,落花影舞,3,回复 @禁止回答 :伊朗有钱有人，就是太乱了,2025-06-19 16:02:00,0,11
BV1A3Ntz7E8K,2025-06-19 09:46:00,-1245735951,-177225696,9278641,-战术拖孩-,127,回复 @落花影舞 :其实以色列这个外敌一定程度团结了伊朗，从这今天反击来看，他们应该团结一致了,2025-06-19 18:19:00,0,1
BV1A3Ntz7E8K,2025-06-19 09:46:00,-202174336,-184434144,13222930,苍天意思,17,回复 @禁止回答 :以前的飞毛腿导弹还记得吗？,2025-06-19 16:07:00,0,4
BV1A3Ntz7E8K,2025-06-19 09:46:00,-184434144,-177259776,475871717,有何不可270,0,回复 @苍天意思 :[笑哭]小时候玩的那个什么纸牌上面就有飞毛腿导弹,2025-06-19 18:21:00,0,1
BV1A3Ntz7E8K,2025-06-19 09:46:00,-202174336,-1243751423,211231176,清江酒,7,回复 @禁止回答 :伊朗的军工研发水平不清楚，但是理工科的高等教育水平还是蛮高的，尤其是伊朗的博士，很多比较硬核风格的工作,2025-06-19 16:29:00,0,20
BV1A3Ntz7E8K,2025-06-19 09:46:00,-202174336,-1241503199,107465858,昵称都被取光了啊啊啊,45,回复 @禁止回答 :不要因为它天天升旗就瞧不起它啊，它都跟大漂亮刚了多少年了[笑哭],2025-06-19 17:06:00,0,7
BV1A3Ntz7E8K,2025-06-19 09:46:00,-202174336,-179342992,3546848360925648,搬个马扎吃着瓜,7,回复 @禁止回答 :伊朗的高超音速导弹比美国都牛,2025-06-19 17:29:00,0,0
BV1A3Ntz7E8K,2025-06-19 09:46:00,-202174336,-1239537695,602089794,阳之谓道,54,回复 @禁止回答 :伊朗有乘波体弹头的导弹，全球就4个国家有，你说牛不牛,2025-06-19 17:42:00,0,3
BV1A3Ntz7E8K,2025-06-19 09:46:00,-202174336,-1239612527,328088362,wawltd,38,回复 @禁止回答 :伊朗科学自研能力很强的,2025-06-19 17:42:00,0,0
BV1A3Ntz7E8K,2025-06-19 09:46:00,-1239612527,-1163064655,2946662,falll,3,回复 @wawltd :回复 @wawltd :还是中国支援很多技术，伊朗无人机技术靠的东大，十多年前，靠中国技术捕获美国mq-9无人机，作为交换，中国拿回去逆向研究，技术共享给伊朗，中国无人机摸着鹰酱起家的。,2025-06-20 13:56:00,0,0
BV1A3Ntz7E8K,2025-06-19 09:46:00,-202174336,-1239260127,179272375,网上冲浪亚军,70,回复 @禁止回答 :除了五个常任理事国伊朗也算是名列前茅的强国了,2025-06-19 17:50:00,0,1
BV1A3Ntz7E8K,2025-06-19 09:46:00,-202174336,-1239084607,12559992,洁泥鲑,7,回复 @禁止回答 :伊朗前身波斯好歹也阔过一阵子，近现代被苏联干，被美国干，都没倒，没点东西是不可能的。,2025-06-19 17:55:00,0,1
BV1A3Ntz7E8K,2025-06-19 09:46:00,-202174336,-177948944,394969115,哈哈哈哈圆碌碌,51,回复 @禁止回答 :伊朗的弹道导弹技术起源于中国卖的红旗2改弹道导弹和苏联的飞毛腿，中间还和朝鲜合作，伊朗本身也是中东前列的工业国，他只是和最强的几个国家比才显得菜而已,2025-06-19 18:00:00,0,4
BV1A3Ntz7E8K,2025-06-19 09:46:00,-202174336,-1146845663,234982369,男鬼剑唯一纯C,10,回复 @禁止回答 :不是伊朗牛逼，是以色列的防空只能打惯性弹道，稍微变轨就会受不了g值过大而自爆,2025-06-20 16:49:00,0,0
BV1A3Ntz7E8K,2025-06-19 09:46:00,-1146845663,-70865392,402040322,禁止回答,57,回复 @男鬼剑唯一纯C :就算不自爆也没办法，只要带变轨，拦不住就是正常的，问题是变轨这个技术虽然不算特别高深吧，但是伊朗为什么会有?,2025-06-20 23:22:00,0,0
BV1A3Ntz7E8K,2025-06-19 09:46:00,-202174336,-1132657695,3546710330574863,506肘法信仰玩家,9,回复 @禁止回答 :别小看伊朗，伊朗现在想甚至能搓出核弹,2025-06-21 00:09:00,0,0
BV1A3Ntz7E8K,2025-06-19 09:46:00,-202174336,-874789967,115142758,最温柔的俗时相守,4,回复 @禁止回答 :国家力量，专精一门技术，总归会很出彩,2025-06-23 11:40:00,0,1
BV1A3Ntz7E8K,2025-06-19 09:46:00,-1266274911,-1242724207,70590082,死神的約定,26,那应该把技术给我们啊，可以适当的开条件，比如要二千枚常规导弹,2025-06-19 16:45:00,0,1
BV1A3Ntz7E8K,2025-06-19 09:46:00,-1242724207,-181668384,687591047,O土土土土豆豆豆豆,5,回复 @死神的約定 :顶尖技术不可能给的，就像航母这种技术，多少东西都换不来,2025-06-19 16:49:00,0,14
BV1A3Ntz7E8K,2025-06-19 09:46:00,-181668384,-126829232,352331513,-遠空-,15,回复 @O土土土土豆豆豆豆 :伊朗技术怎么可能比我们还厉害,2025-06-20 09:36:00,0,0
BV1A3Ntz7E8K,2025-06-19 09:46:00,-126829232,-117437696,687591047,O土土土土豆豆豆豆,5,回复 @-遠空- :整体厉害，又不是所有都厉害。。都说美国科技比中国强，中国和他比就一无是处了吗,2025-06-20 11:09:00,0,0
BV1A3Ntz7E8K,2025-06-19 09:46:00,-1242724207,-178972960,451373249,月宸zz,75,回复 @死神的約定 :人家咋可能给呢，中国都不可能给伊朗没道理的,2025-06-19 17:36:00,0,3
BV1A3Ntz7E8K,2025-06-19 09:46:00,-178972960,-1239378399,70590082,死神的約定,26,回复 @月宸zz :又不是白给，可以换东西啊,2025-06-19 17:48:00,0,0
BV1A3Ntz7E8K,2025-06-19 09:46:00,-1239378399,-177918944,13999443,Keke-可--,42,回复 @死神的約定 :换只能顶尖科技来换 你觉得这边愿意吗[笑哭],2025-06-19 18:01:00,0,1
BV1A3Ntz7E8K,2025-06-19 09:46:00,-1242724207,-177500000,438510748,云兰馨,23,回复 @死神的約定 :咱们本身就有，乘波体水漂弹df17，19年的时候就出了,2025-06-19 18:11:00,0,2
BV1A3Ntz7E8K,2025-06-19 09:46:00,-1242724207,-177434736,37445438,IllidanZZ,2,回复 @死神的約定 :想的真简单,2025-06-19 18:15:00,0,0
BV1A3Ntz7E8K,2025-06-19 09:46:00,-1242724207,-46316496,1277711246,潇潇白衣,13,回复 @死神的約定 :一换一就行，但是除了核弹技术应该没啥可换的，都是给自家挖个坑,2025-06-21 04:47:00,0,0
BV1A3Ntz7E8K,2025-06-19 09:46:00,-1266274911,-1239732207,110854490,goodpeople_いいひと,38,这真是王牌了,2025-06-19 17:38:00,0,0
BV1A3Ntz7E8K,2025-06-19 09:46:00,-1266274911,-176706672,99211099,小学生_9527,12,那是拦截弹,2025-06-19 18:36:00,0,0
BV1A3Ntz7E8K,2025-06-19 09:46:00,-1266274911,-967367951,23688882,腿毛少妇madman,34,？不是拐弯的那个不是拦截弹的尾迹吗？画面糊成这样哪里看出来伊朗导弹机动变轨了？,2025-06-22 12:07:00,0,1
