﻿视频BV号,视频发布日期,上级评论ID,评论ID,用户ID,用户名,用户粉丝数,评论内容,评论时间,回复数,点赞数
BV1aANRzqE5d,2025-06-22 10:19:00,0,-930840639,40526269,鱼尾雯QAQ,0,有导弹就是好啊，可以弥补巨大的国力差距。,2025-06-22 22:36:00,11,18
BV1aANRzqE5d,2025-06-22 10:19:00,-930840639,-929871775,1568279,我爱李田所,36,所以这时代飞机大炮坦克都不如导弹用起来便捷有力！[打call],2025-06-22 23:11:00,0,0
BV1aANRzqE5d,2025-06-22 10:19:00,-929871775,139340528,291050028,韩-华,3,回复 @我爱李田所 :你这话压根就不对，没有没用的武器只有不会用的人，你光厉害一样东西很容易被人针对弱点，全方位的有力才是真的有力,2025-06-22 23:42:00,0,0
BV1aANRzqE5d,2025-06-22 10:19:00,-929871775,-925212559,6852783,香蕉鱼的海边和黑虹,13,回复 @我爱李田所 :不打的时候飞机军舰有用，打起来就导弹,2025-06-23 01:00:00,0,0
BV1aANRzqE5d,2025-06-22 10:19:00,-930840639,138534304,1492364908,无以孤遇,8,本来伊朗跟以色列比就差不了多少，以色列还没有战争潜力,2025-06-22 23:17:00,0,1
BV1aANRzqE5d,2025-06-22 10:19:00,-930840639,139590528,2040919948,余余不是宇宇,16,没有国力，哪来的导弹支撑？,2025-06-22 23:47:00,0,0
BV1aANRzqE5d,2025-06-22 10:19:00,139590528,142141648,319211,努努·,11,回复 @余余不是宇宇 :伊朗领土和人口都比以色列多几倍，国内受教育比例高，国力是伊朗更强，只不过知识分子和念经的那批人不团结，互相内斗。,2025-06-23 00:43:00,0,1
BV1aANRzqE5d,2025-06-22 10:19:00,-930840639,-928396351,12021292,麦穗霸霸,39,导弹需要卫星定位，全球只有美国 俄罗斯 中国有自己的卫星定位,2025-06-22 23:53:00,0,0
BV1aANRzqE5d,2025-06-22 10:19:00,-928396351,-926439983,3546746995083457,向灵均,3,回复 @麦穗霸霸 :欧洲也没用吗？,2025-06-23 00:37:00,0,0
BV1aANRzqE5d,2025-06-22 10:19:00,-926439983,-924621583,31435772,虫子虫子虫虫,14,回复 @向灵均 :半个,2025-06-23 01:14:00,0,0
BV1aANRzqE5d,2025-06-22 10:19:00,-930840639,142148000,3237808,苹果味姜饼人,22,伊朗被制裁了这么多年还能打成这样子。要是从来没有被制裁。。。。。。,2025-06-23 00:43:00,0,0
BV1aANRzqE5d,2025-06-22 10:19:00,-930840639,144313552,12661135,百变精君,58,从王骁那儿来的 伊朗的国力比以色列强啊,2025-06-23 01:23:00,0,0
