﻿视频BV号,视频发布日期,上级评论ID,评论ID,用户ID,用户名,用户粉丝数,评论内容,评论时间,回复数,点赞数
BV1AfKwzVEga,2025-06-20 09:48:00,0,-1085811503,70846678,三十已到,11,穿上袍子再说话。,2025-06-21 09:43:00,6,4
BV1AfKwzVEga,2025-06-20 09:48:00,-1085811503,-5389376,516780826,嫖赌毒绝不能合法,6,人家有穿衣自由。,2025-06-21 12:14:00,0,1
BV1AfKwzVEga,2025-06-20 09:48:00,-5389376,-3592752,17813627,白云山下饶舌客,210,回复 @嫖赌毒绝不能合法 :只有当她出国的时候，反而有了这个自由[星星眼],2025-06-21 12:32:00,0,0
BV1AfKwzVEga,2025-06-20 09:48:00,-3592752,-1066065263,419249363,听蝉得疯,61,回复 @白云山下饶舌客 :伊朗也有经济文化特区，好像叫什么岛的，上面全世俗化那里的法规和西方文化接轨的[辣眼睛][辣眼睛][辣眼睛],2025-06-21 13:04:00,0,0
BV1AfKwzVEga,2025-06-20 09:48:00,-1085811503,-1070368271,281788088,思科菲儿烈,16,你那女人配上桌吗,2025-06-21 12:20:00,0,1
BV1AfKwzVEga,2025-06-20 09:48:00,-1085811503,-216912,33491436,YX陈,8,艹,2025-06-21 13:06:00,0,0
BV1AfKwzVEga,2025-06-20 09:48:00,-1085811503,27016960,28280274,序slowl,3,国家都不干涩别国政权，你倒管的宽。,2025-06-21 18:08:00,0,0
