﻿视频BV号,视频发布日期,上级评论ID,评论ID,用户ID,用户名,用户粉丝数,评论内容,评论时间,回复数,点赞数
BV1aANRzqE5d,2025-06-22 10:19:00,0,119395520,313233639,Hy-006,13,川皇不会这样整合了部分伊斯兰国家吧，那也太牛了,2025-06-22 15:20:00,8,11
BV1aANRzqE5d,2025-06-22 10:19:00,119395520,121070992,3546755905882447,星之卡比喵,1,以前5次中东战争也是，但是现在东大大了，中东也有伊朗这样的导弹了，这次说不定能赢,2025-06-22 15:36:00,0,3
BV1aANRzqE5d,2025-06-22 10:19:00,121070992,128505904,485712,レレレ,996,回复 @星之卡比喵 : 中东战争 伊斯兰世界能不能赢，看美国,2025-06-22 17:13:00,0,0
BV1aANRzqE5d,2025-06-22 10:19:00,119395520,125893424,23181215,在下坂木有何贵干,6,怎么整合，伊斯兰国家他自己都说不明白什么事，宗教国那都是癫的,2025-06-22 16:33:00,0,1
BV1aANRzqE5d,2025-06-22 10:19:00,119395520,-938713311,113229364,林诺夕言,35,和平奖??????,2025-06-22 17:23:00,0,0
BV1aANRzqE5d,2025-06-22 10:19:00,119395520,-935917263,349792681,橙云居士,3,做梦呢,2025-06-22 18:27:00,0,0
BV1aANRzqE5d,2025-06-22 10:19:00,119395520,-935857343,349792681,橙云居士,3,阿拉伯人团结不了，伊斯兰教都分成好多教派，再大的外力也促进不了,2025-06-22 18:28:00,0,1
BV1aANRzqE5d,2025-06-22 10:19:00,119395520,-934653519,11969075,Budapest丶,14,埃及那次才是空前的团结 可惜又成满天星了 中东国家都挺惨 要么是被打怕 要么就是被制裁怕了 好不容易安稳发展一下都不敢急着站队 尤其还逆风,2025-06-22 19:04:00,0,0
BV1aANRzqE5d,2025-06-22 10:19:00,119395520,-934004719,3493144834345652,海蒂克拉拉,4,他敢下地面嘛 阿富汗小地方都撤军了[笑哭]俄伊朝同体系苏式武器 看吧朝鲜15000公里全球打的导弹 快用上了,2025-06-22 19:32:00,0,0
