﻿视频BV号,视频发布日期,上级评论ID,评论ID,用户ID,用户名,用户粉丝数,评论内容,评论时间,回复数,点赞数
BV1ahNvzmEoz,2025-06-17 10:00:00,0,-404851376,354884631,画质精良,314,不让投降派投降可是大忌[doge],2025-06-17 10:12:00,13,266
BV1ahNvzmEoz,2025-06-17 10:00:00,-404851376,-1462569871,412521583,Momodeviluk,22,意大利：[惊讶],2025-06-17 10:19:00,0,17
BV1ahNvzmEoz,2025-06-17 10:00:00,-404851376,-359201776,363371312,milkhere,5,鲨翔不翔,2025-06-17 21:10:00,0,5
BV1ahNvzmEoz,2025-06-17 10:00:00,-404851376,-1407589983,351932870,肥仔爱吃薯条但怕胖,1,真是兵家大忌,2025-06-18 01:59:00,0,9
BV1ahNvzmEoz,2025-06-17 10:00:00,-404851376,-1403171135,931057,蛋疼仙人,294,俄罗斯也是，如果欧盟让俄罗斯进入欧盟，哪来的几年特别军事行动[吃瓜],2025-06-18 02:57:00,0,16
BV1ahNvzmEoz,2025-06-17 10:00:00,-1403171135,-336891664,354884631,画质精良,314,回复 @蛋疼仙人 :这是真的,2025-06-18 04:22:00,0,2
BV1ahNvzmEoz,2025-06-17 10:00:00,-1403171135,-1392503263,3546869416331573,bili_89255722151,22,回复 @蛋疼仙人 :如果让俄罗斯进入欧盟？如果让游牧民族过长城？[支持]你真是个人才,2025-06-18 04:59:00,0,4
BV1ahNvzmEoz,2025-06-17 10:00:00,-1392503263,-326156144,12427041,笑面丶,10,回复 @bili_89255722151 :俄罗斯当年可是亲西方的。是美西方把大鹅踹了回来,2025-06-18 06:33:00,0,7
BV1ahNvzmEoz,2025-06-17 10:00:00,-326156144,-1383259007,3546869416331573,bili_89255722151,22,回复 @笑面丶 :太平天国最开始也是亲大清的啊那慈禧为什么不全部收编？,2025-06-18 07:01:00,0,0
BV1ahNvzmEoz,2025-06-17 10:00:00,-1383259007,-204187712,562839533,希道与寻本,116,回复 @bili_89255722151 :666太平天国亲满清  那是义和团[东方红与黑_看戏],2025-06-19 12:27:00,0,2
BV1ahNvzmEoz,2025-06-17 10:00:00,-1383259007,-195761072,455288085,县城之西,57,回复 @bili_89255722151 :呃。。。你说的义和团吧,2025-06-19 14:00:00,0,1
BV1ahNvzmEoz,2025-06-17 10:00:00,-326156144,-1242306271,384313350,Broclee,6,回复 @笑面丶 :那是因为还没加入欧盟，肯定亲啊，如果进了欧盟，那话又说回来了,2025-06-19 16:52:00,0,0
BV1ahNvzmEoz,2025-06-17 10:00:00,-404851376,-283012352,354884631,画质精良,314,这话听起来有点生草啊，游牧民族没过长城吗，你四川的ip，你能没点游牧民族的血吗。,2025-06-18 14:56:00,0,0
BV1ahNvzmEoz,2025-06-17 10:00:00,-404851376,-253824704,24497329,bili_24497329,23,现在还有游牧民族吗?不都是老老实实在卖羊肉。搞经济发展才能和平，搞西方那套排挤就是战争。,2025-06-19 02:14:00,0,1
