﻿视频BV号,视频发布日期,上级评论ID,评论ID,用户ID,用户名,用户粉丝数,评论内容,评论时间,回复数,点赞数
BV1aANRzqE5d,2025-06-22 10:19:00,0,90268416,1654206,千恺,0,流浪千年的智慧原来是这个意思啊[doge],2025-06-22 10:27:00,8,1092
BV1aANRzqE5d,2025-06-22 10:19:00,90268416,92609472,132572811,权斗士,23,对以色列人有句话叫做：你也有今天[doge],2025-06-22 10:50:00,0,69
BV1aANRzqE5d,2025-06-22 10:19:00,92609472,-961770527,107933595,call捞耶,197,回复 @权斗士 :以色列几千年前就开始了逃难,2025-06-22 13:04:00,0,4
BV1aANRzqE5d,2025-06-22 10:19:00,90268416,-973016703,630238972,风林火山-------,7,千年不够啊,2025-06-22 11:09:00,0,3
BV1aANRzqE5d,2025-06-22 10:19:00,90268416,-967215695,519386956,CtrlC大师,16,大胆，那叫流浪吗？是千年传承的生存智慧。有句古话说得好：纸上得来终觉浅。曾经看了那么多期意林，想再看看犹太人重走来时路，向世人证明犹太人的生存哲学，展示其霸道的生存智慧,2025-06-22 12:07:00,0,44
BV1aANRzqE5d,2025-06-22 10:19:00,-967215695,-944143215,384349667,严防阿霉绕后,122,回复 @CtrlC大师 :必须要聘请。,2025-06-22 16:05:00,0,0
BV1aANRzqE5d,2025-06-22 10:19:00,90268416,-957296031,347036164,bilivigour,6,有可能又要开始新一轮流浪了[doge],2025-06-22 13:49:00,0,5
BV1aANRzqE5d,2025-06-22 10:19:00,90268416,125286768,37277402,我很笨吧,76,流浪千年的智慧，指极端的自私自利,2025-06-22 16:26:00,0,3
BV1aANRzqE5d,2025-06-22 10:19:00,90268416,126545984,399076920,AD巨能奶,4,就问你能不能活吧[滑稽],2025-06-22 16:43:00,0,0
