﻿视频BV号,视频发布日期,上级评论ID,评论ID,用户ID,用户名,用户粉丝数,评论内容,评论时间,回复数,点赞数
BV1AfKwzVEga,2025-06-20 09:48:00,0,-1067550223,33835592,Kuaiwy-路亚,266,问下哈，伊朗不是挺土豪的吗，怎么放个炮还小气吧啦的…不热闹啊[doge_金箍][笑哭],2025-06-21 12:48:00,27,52
BV1AfKwzVEga,2025-06-20 09:48:00,-1067550223,-1066291599,1491825972,糖包虎点蚊香,3,打仗也得用脑子，不是导弹多就一股脑的打出去，还得考量世界格局，打到什么程度让他怕而且不会掀桌子才是智者，真掀桌子就到了不是你灭国就是我灭国的地步了全球国家都得跟着打,2025-06-21 13:02:00,0,9
BV1AfKwzVEga,2025-06-20 09:48:00,-1066291599,114341136,457437741,茗小心,20,回复 @糖包虎点蚊香 :对啊，上头打仗只有主动和被动都是为了一些目的,2025-06-22 14:31:00,0,0
BV1AfKwzVEga,2025-06-20 09:48:00,-1066291599,-948269775,676758956,耳麦瑞啃狗叫,30,回复 @糖包虎点蚊香 :这说明实力还在同一个层面才能做这样的考量，中国根俄罗斯有一定的战略互信和协调，周边那个国家敢放肆？美国所谓的一二三岛链，在绝对的常规武器实力面前，也不过是人质而已。,2025-06-22 15:20:00,0,0
BV1AfKwzVEga,2025-06-20 09:48:00,-1066291599,-939089247,220784684,黄油魔导师,2,回复 @糖包虎点蚊香 :但是有没有可能，以色列没有那个实力能掀桌,2025-06-22 17:14:00,0,0
BV1AfKwzVEga,2025-06-20 09:48:00,-939089247,-927148575,1491825972,糖包虎点蚊香,3,回复 @黄油魔导师 :你太不了解国际形势了，别看以色列弹丸之地，它的能力超乎你的想象，它本身不厉害，厉害的是全球布局，老美有时候也得听它的,2025-06-23 00:21:00,0,0
BV1AfKwzVEga,2025-06-20 09:48:00,-1067550223,2926208,18666036,古城古泉,25,你是不是把伊朗沙特弄混了 伊朗什么时候都没土豪过啊。,2025-06-21 13:35:00,0,7
BV1AfKwzVEga,2025-06-20 09:48:00,2926208,-1059688783,33835592,Kuaiwy-路亚,266,回复 @古城古泉 :好像是弄混了，感觉那片地区的人都挺富的[笑哭],2025-06-21 14:06:00,0,0
BV1AfKwzVEga,2025-06-20 09:48:00,2926208,-970111039,503987997,嘴臭老瘤子,11,回复 @古城古泉 :伊朗在宗教派上台前是世界第七大经济体,2025-06-22 11:37:00,0,0
BV1AfKwzVEga,2025-06-20 09:48:00,-1067550223,14549488,484537842,_不打扰是我的温柔,12,以前那片没有穷国都比咱们有钱，甚至还有接近发达国家的水平，自从被欧美搅和多次战争后就成了现在这个样子了。,2025-06-21 15:26:00,0,3
BV1AfKwzVEga,2025-06-20 09:48:00,-1067550223,-1050506783,43937588,洋葱絮,93,你觉得啥就是啥，这图片太ai了，伊朗伤亡率都是十倍以上，领空都没了，还吃呢,2025-06-21 15:36:00,0,0
BV1AfKwzVEga,2025-06-20 09:48:00,-1050506783,-1042014031,362942854,一只安安静静的兔子,423,回复 @洋葱絮 :伊朗打不过以色列，没办法，只能尽力往持久战这个方向打，就这能不能真打持久战还不是伊朗说了算,2025-06-21 17:19:00,0,1
BV1AfKwzVEga,2025-06-20 09:48:00,-1050506783,-1016215199,108925355,天台浆果树莓,9,回复 @洋葱絮 :可是伊朗的领土面积是以色列的80倍呀。,2025-06-22 03:20:00,0,1
BV1AfKwzVEga,2025-06-20 09:48:00,-1050506783,-990796847,16543777,霉日不得haosi,36,回复 @洋葱絮 :以色列领空在哪呢,2025-06-22 07:52:00,0,0
BV1AfKwzVEga,2025-06-20 09:48:00,-1050506783,87175600,29213429,挥剑泼墨,10,回复 @洋葱絮 :伊朗是输是赢我倒无所谓，不过看到以色列这样，这可太乐了[吃瓜],2025-06-22 09:55:00,0,0
BV1AfKwzVEga,2025-06-20 09:48:00,-1067550223,-1042111855,362942854,一只安安静静的兔子,423,"持续性，比一次性靠谱[滑稽]
一次性打三天，不如持续性打三年[doge_金箍]",2025-06-21 17:18:00,0,0
BV1AfKwzVEga,2025-06-20 09:48:00,-1067550223,64251600,30883021,六楼的胖纸,67,打了好几轮了[捂脸],2025-06-22 05:34:00,0,0
BV1AfKwzVEga,2025-06-20 09:48:00,-1067550223,91951328,401121040,小酷躲猫猫,30,花花草草也是生命啊，猫猫狗狗也是生命啊！你把生命当成了什么！！！！加大力度！！[doge],2025-06-22 10:44:00,0,0
BV1AfKwzVEga,2025-06-20 09:48:00,-1067550223,92399824,171351401,夏河米粥,86,天天就盯着老毛子的货，也不怎么买咱们的，可不得省着点用啊，前些天伊朗和沙特谈判那事我寻思着应该就是去借钱的[doge],2025-06-22 10:49:00,0,0
BV1AfKwzVEga,2025-06-20 09:48:00,-1067550223,107146288,405625512,35287800672_bili,0,现在能打到以色列的导弹不到一千枚,2025-06-22 13:20:00,0,0
BV1AfKwzVEga,2025-06-20 09:48:00,-1067550223,-951840031,1863066787,元歌推推推,18,伊朗都被制裁的快吃土了。还土豪。你说的那是沙特，阿联酋之类的。,2025-06-22 14:44:00,0,0
BV1AfKwzVEga,2025-06-20 09:48:00,-1067550223,-944035599,66035463,堕落了兄弟们,212,要是能把石油卖出去就有钱可惜,2025-06-22 16:06:00,0,0
BV1AfKwzVEga,2025-06-20 09:48:00,-1067550223,135178064,183294105,跳跳小鹿莉莉娅,16,"总数太少，1万发左右，要省着点用，还有老美的航母呢！
伊朗被制裁又被攻击产能也受限，建议研究一下刷漆术，别人都说有核弹了，买两颗刷好油漆直接丢过去。其实看他打泥石，应该有这个想法了。[滑稽][滑稽][滑稽]",2025-06-22 20:29:00,0,0
BV1AfKwzVEga,2025-06-20 09:48:00,-1067550223,-931795311,6314657,阳明吾师,258,你看热闹了，打急眼了，美国下场，你接着啊？[doge_金箍],2025-06-22 21:44:00,0,0
BV1AfKwzVEga,2025-06-20 09:48:00,-1067550223,-926954207,1179335769,花辞树景行,53,收入差距大，钱都跑到富人口袋，国家还有钱吗,2025-06-23 00:27:00,0,0
BV1AfKwzVEga,2025-06-20 09:48:00,-1067550223,-924190399,247249499,哇唔咧,363,你打牌 一开始就把好牌发出去？ 肯定先出些走不出去的牌 骗下对面牌 最后王炸,2025-06-23 01:19:00,0,0
BV1AfKwzVEga,2025-06-20 09:48:00,-1067550223,146776496,3546785893059145,G-LCD,2,如果导弹一聚起来，以色列飞机就过来了,2025-06-23 02:01:00,0,0
BV1AfKwzVEga,2025-06-20 09:48:00,-1067550223,446630240,348959909,歌恶鸽,1275,伊朗穷的一哪里配土豪俩字，经济比我这还烂,2025-06-26 04:24:00,0,0
