﻿视频BV号,视频发布日期,上级评论ID,评论ID,用户ID,用户名,用户粉丝数,评论内容,评论时间,回复数,点赞数
BV1AMNxzrEbo,2025-06-19 06:37:00,0,-232396640,489007432,玉虚龙宇君的小号,24805,老在那儿回合制刷火箭好像也没啥实际进展~[藏狐],2025-06-19 06:45:00,10,49
BV1AMNxzrEbo,2025-06-19 06:37:00,-232396640,-232301616,3114917,贱之良品,156,以色列不可能派陆军过去啊[doge],2025-06-19 06:49:00,0,11
BV1AMNxzrEbo,2025-06-19 06:37:00,-232396640,-231485088,27301245,飞天松子,6,请问怎么派军队过去？不用越过几个领国情况下,2025-06-19 06:58:00,0,6
BV1AMNxzrEbo,2025-06-19 06:37:00,-232396640,-1290407711,350173961,偶像灬灬LZY,118,除非美国下场，派地面部队直接入侵伊朗，否则就这两家隔空刷火箭，确实不会有什么太大进展。,2025-06-19 07:13:00,0,18
BV1AMNxzrEbo,2025-06-19 06:37:00,-232396640,-230564128,2180228,12魔法师,19,"军事准备要时间，又不接壤，地面部队舟车劳顿划不来，制空权又打不过，只能刷火箭，但是火箭齐射才有突防可能，而准备齐射要避开以色列空袭，所以看起来和回合制一样，但是在没有制空权的情况下只能这么打。
甚至不如说，还能打得出导弹已属不易。",2025-06-19 07:13:00,0,8
BV1AMNxzrEbo,2025-06-19 06:37:00,-232396640,-1289949119,19298462,就不告诉你的小龙人,94,那说明刷的不够多。,2025-06-19 07:19:00,0,2
BV1AMNxzrEbo,2025-06-19 06:37:00,-232396640,-228029824,411644740,43429527800_bili,64,让它俩刷呗，有啥不好的[吃瓜],2025-06-19 07:51:00,0,0
BV1AMNxzrEbo,2025-06-19 06:37:00,-232396640,-1287333807,384070679,巨快乐的派大星,65,以色列很多繁华地区被炸了。已经可以了，伊朗不可能出兵的，以色列那么屁大点地方，两国中间还隔了好几个国家，出兵一点好处没有。就看什么时候两遍都痛了，才能停站,2025-06-19 07:59:00,0,1
BV1AMNxzrEbo,2025-06-19 06:37:00,-232396640,-210157168,3493261549242527,半岛铁盒122,40,只能刷火箭了，以色列不敢出兵也没能力出兵,2025-06-19 11:25:00,0,0
BV1AMNxzrEbo,2025-06-19 06:37:00,-210157168,-1269047119,6310590,空开留白,10,回复 @半岛铁盒122 :问题是伊朗的亲西方派太多了。以色列空袭宛如开了全图。,2025-06-19 11:39:00,0,0
BV1AMNxzrEbo,2025-06-19 06:37:00,-232396640,-1269271135,3337686,夏荷秋杨,22,跨国啊兄嘚,2025-06-19 11:37:00,0,0
