﻿视频BV号,视频发布日期,上级评论ID,评论ID,用户ID,用户名,用户粉丝数,评论内容,评论时间,回复数,点赞数
BV1ahNvzmEoz,2025-06-17 10:00:00,0,-1461720463,1215776959,超级大大大懒猪,10,22-25一年比一年精彩，活了半辈子就这几年最值[吃瓜],2025-06-17 10:28:00,83,1154
BV1ahNvzmEoz,2025-06-17 10:00:00,-1461720463,-1460391343,3546873409309363,副业的,6,一个瓜比一个瓜大。[打call],2025-06-17 10:42:00,0,25
BV1ahNvzmEoz,2025-06-17 10:00:00,-1461720463,-401872640,697787211,沅湘芦苇,1,我也觉得[吃瓜],2025-06-17 10:44:00,0,8
BV1ahNvzmEoz,2025-06-17 10:00:00,-1461720463,-401855472,697787211,沅湘芦苇,1,我刚出社会就这样[吃瓜],2025-06-17 10:45:00,0,24
BV1ahNvzmEoz,2025-06-17 10:00:00,-401855472,-326880160,649202500,哈哈22220000,2,回复 @沅湘芦苇 :似乎疫情是转折点  之前感觉还不太明显  但是疫情过后的这几年  除了我们还算正常之外  其他国家简直是越来越魔幻了  真是长见识了,2025-06-18 06:21:00,0,1
BV1ahNvzmEoz,2025-06-17 10:00:00,-1461720463,-1458736559,404175975,特拉维夫之夜,0,咱也算是赶上时代了哈哈哈、这几年的国际瓜是真的多，跳舞扭腰现在都不怎么看了。,2025-06-17 10:59:00,0,243
BV1ahNvzmEoz,2025-06-17 10:00:00,-1458736559,-1453896383,280866,拳儿≌爱理,27,回复 @特拉维夫之夜 :实际上九十年代更多，甚至还有自己的瓜[笑哭],2025-06-17 11:51:00,0,62
BV1ahNvzmEoz,2025-06-17 10:00:00,-1453896383,-1453734799,3546581259257964,无敌的根号五,7,回复 @拳儿≌爱理 :互联网让信息更快,2025-06-17 11:52:00,0,17
BV1ahNvzmEoz,2025-06-17 10:00:00,-1453734799,-1453125055,280866,拳儿≌爱理,27,回复 @无敌的根号五 :九十年代报纸上就能马上吃到的瓜，苏联解体，南联大使馆被炸，海湾战争。感觉哪个瓜都比这个大,2025-06-17 11:58:00,0,78
BV1ahNvzmEoz,2025-06-17 10:00:00,-1453125055,-1376027183,1223904272,npc-默默,2,回复 @拳儿≌爱理 :自己能置身事外才叫瓜，当时的人哪能抱着吃瓜的心态啊,2025-06-18 08:45:00,0,0
BV1ahNvzmEoz,2025-06-17 10:00:00,-1453125055,-1339165391,575601981,浪花剑客H,11,回复 @拳儿≌爱理 :想起小时候街头卖报的[笑哭],2025-06-18 15:23:00,0,0
BV1ahNvzmEoz,2025-06-17 10:00:00,-1453896383,-1453590943,404175975,特拉维夫之夜,0,回复 @拳儿≌爱理 : 那个时候还小也不会上网，麻烦您给说道说道。,2025-06-17 11:53:00,0,6
BV1ahNvzmEoz,2025-06-17 10:00:00,-1453896383,-1428910607,39999961,ETOTAKADO,7,回复 @拳儿≌爱理 :但是那个时候我们还没强到能波澜不惊的坐在这里吃瓜，吃完后才会担心会不会发生在我们身上,2025-06-17 16:16:00,0,6
BV1ahNvzmEoz,2025-06-17 10:00:00,-1453896383,-1417905887,39237088,低一点的天空,7,回复 @拳儿≌爱理 :哈哈每个时代都有每个时代的离谱,2025-06-17 21:46:00,0,0
BV1ahNvzmEoz,2025-06-17 10:00:00,-1453896383,-310547792,222336343,wwwtiger2022,2,回复 @拳儿≌爱理 : 清末出生的，看到的瓜不更多吗？例如萨镇冰老爷子，从甲午一直看到抗美援朝，就是那时候的没有互联网和视频直播[笑哭],2025-06-18 10:03:00,0,1
BV1ahNvzmEoz,2025-06-17 10:00:00,-1458736559,-365845152,5395305,海岛大亨狸克,563,回复 @特拉维夫之夜 :蛋疼时代,2025-06-17 17:18:00,0,1
BV1ahNvzmEoz,2025-06-17 10:00:00,-1458736559,-1420869583,2117555,金缕衣,16,回复 @特拉维夫之夜 :百年未有之大变局嘛，老美不行了镇不住场子了，可不得重新洗牌嘛,2025-06-17 19:02:00,0,1
BV1ahNvzmEoz,2025-06-17 10:00:00,-1458736559,-1411254863,62466769,惠子小迷妹,11,回复 @特拉维夫之夜 :现在想让别人封号可以这么明显吗,2025-06-18 00:59:00,0,1
BV1ahNvzmEoz,2025-06-17 10:00:00,-1458736559,-1403638703,44046067,百戏大王醇煜,13,回复 @特拉维夫之夜 :苏联解体海湾战争比这个炸裂，,2025-06-18 02:50:00,0,0
BV1ahNvzmEoz,2025-06-17 10:00:00,-1458736559,-323480896,519565520,被拍打在沙滩上的鱼干,3,回复 @特拉维夫之夜 :可能因为咱们长大了成熟了,2025-06-18 07:12:00,0,6
BV1ahNvzmEoz,2025-06-17 10:00:00,-1458736559,-304318288,3701208,不住颤抖的右手,169,回复 @特拉维夫之夜 : 也就是以前萨达姆那个时候网络不发达，发达估计那时候也能看到很多国际大瓜当乐子[笑哭],2025-06-18 11:08:00,0,0
BV1ahNvzmEoz,2025-06-17 10:00:00,-1458736559,-293703408,323518410,比你大吧下,6,回复 @特拉维夫之夜 :你这头像有点意思,2025-06-18 13:02:00,0,1
BV1ahNvzmEoz,2025-06-17 10:00:00,-1461720463,-398679024,1187376508,bili_89491122410,8,个人生活却越来越遭[酸了],2025-06-17 11:15:00,0,94
BV1ahNvzmEoz,2025-06-17 10:00:00,-398679024,-397824480,505759803,Xin_GT,134,回复 @bili_89491122410 :[拥抱][拥抱][拥抱],2025-06-17 11:26:00,0,9
BV1ahNvzmEoz,2025-06-17 10:00:00,-398679024,-384994320,18182708,eziojw,91,回复 @bili_89491122410 :是啊是啊，为什么你不改善呢,2025-06-17 13:40:00,0,2
BV1ahNvzmEoz,2025-06-17 10:00:00,-384994320,-1432531199,509108688,绿衣单枞,2,回复 @eziojw :何不食肉糜呢？,2025-06-17 15:32:00,0,4
BV1ahNvzmEoz,2025-06-17 10:00:00,-1432531199,-357995280,273952915,婆萝陀,0,回复 @绿衣单枞 :背书不是动脑筋 两码事,2025-06-17 22:22:00,0,0
BV1ahNvzmEoz,2025-06-17 10:00:00,-384994320,-370099488,408294149,猫猫正在摸鱼中,1,回复 @eziojw :能改善谁不会啊？难不成学你搁这脱裤子放屁？,2025-06-17 16:16:00,0,3
BV1ahNvzmEoz,2025-06-17 10:00:00,-370099488,-357949840,273952915,婆萝陀,0,回复 @猫猫正在摸鱼中 :咱没改善的功夫，摸鱼的功夫有滴是,2025-06-17 22:24:00,0,0
BV1ahNvzmEoz,2025-06-17 10:00:00,-357949840,-335731168,408294149,猫猫正在摸鱼中,1,回复 @婆萝陀 :那不是自己摆烂吗？而且不想改善不就是你目前环境还算可以？起码不烂，要是真的环境烂比如家里欠债那种，你想摆也摆不了,2025-06-18 04:33:00,0,1
BV1ahNvzmEoz,2025-06-17 10:00:00,-370099488,-64578144,18182708,eziojw,91,回复 @猫猫正在摸鱼中 :[辣眼睛]谁不是用力的活着？,2025-06-21 01:20:00,0,0
BV1ahNvzmEoz,2025-06-17 10:00:00,-398679024,-369481264,170047723,q程序猿q,27,回复 @bili_89491122410 : 淡定，大米还没涨价，不用担心像小日子一样吃不起大米,2025-06-17 16:23:00,0,4
BV1ahNvzmEoz,2025-06-17 10:00:00,-398679024,-368939232,514101924,bbeni,21,回复 @bili_89491122410 :这是必然的，美国伊朗，无一不是牵一发而动“世界”的国家，伊朗拥有珍贵的石油资源，美国是全球最大的金融国家，再加上2年疫情对国家经济的重创，现在来看确实很不稳,2025-06-17 16:31:00,0,5
BV1ahNvzmEoz,2025-06-17 10:00:00,-398679024,-1427210111,300389973,鱼头评车,1042,回复 @bili_89491122410 :台湾经济这么垃圾了吗？网络都用不起，上个b站还要挂四川ip的代理,2025-06-17 16:41:00,0,6
BV1ahNvzmEoz,2025-06-17 10:00:00,-398679024,-365754304,436192216,麻比小新,29,回复 @bili_89491122410 :国际大背景下的余波吧，全球是一个整体,2025-06-17 17:19:00,0,0
BV1ahNvzmEoz,2025-06-17 10:00:00,-398679024,-360259360,1151312826,神夜sunyear,1,回复 @bili_89491122410 :外部环境太乱了，一定要坚持活下去，等国家站在世界之顶，日子会好的,2025-06-17 20:03:00,0,4
BV1ahNvzmEoz,2025-06-17 10:00:00,-398679024,-357942016,273952915,婆萝陀,0,回复 @bili_89491122410 :没事，继续整天吊网上，键盘啪啪响大米自然来。,2025-06-17 22:25:00,0,1
BV1ahNvzmEoz,2025-06-17 10:00:00,-398679024,-332277440,194385007,o趋暖向南o,17,回复 @bili_89491122410 :转人工,2025-06-18 05:09:00,0,0
BV1ahNvzmEoz,2025-06-17 10:00:00,-398679024,-323968208,526948700,摸鱼手,46,回复 @bili_89491122410 :我10年毕业时候工资1-2000，大部分大学毕业生也就2000左右，现在再怎么差也差不到那会了，现在就是好了两年又差了，会过去的还会好起来，等等看。,2025-06-18 07:05:00,0,3
BV1ahNvzmEoz,2025-06-17 10:00:00,-398679024,-1334520703,415004396,糖球小宝,2,回复 @bili_89491122410 :能边吃瓜边看外国人以命相搏就已经不错了,2025-06-18 16:16:00,0,0
BV1ahNvzmEoz,2025-06-17 10:00:00,-398679024,-199195696,373517307,哈哈哈哈卡哈卡,20,回复 @bili_89491122410 :糟是相对而言的。他们就是因为活不下去了才搞事的,2025-06-19 13:23:00,0,0
BV1ahNvzmEoz,2025-06-17 10:00:00,-1461720463,-1453481311,174175896,柯基总队长,14,bro出生为了战争吗,2025-06-17 11:54:00,0,14
BV1ahNvzmEoz,2025-06-17 10:00:00,-1453481311,-1394497583,591730192,加减乘除方,8,回复 @柯基总队长 :中国人天生爱吃瓜看热闹,2025-06-18 04:39:00,0,1
BV1ahNvzmEoz,2025-06-17 10:00:00,-1461720463,-1451771871,335990980,光学刺猬,23,嗜血观众：嘻嘻，能看到这样的场景，就是多花五十块买瓜都值回票价了呀,2025-06-17 12:12:00,0,20
BV1ahNvzmEoz,2025-06-17 10:00:00,-1461720463,-381964032,3809519,菜的抠脚的吉他手,77,看热闹不嫌事大[吃瓜],2025-06-17 14:10:00,0,2
BV1ahNvzmEoz,2025-06-17 10:00:00,-1461720463,-374266848,319274841,Xuananm,57,还真是，每天都有新鲜事看，军事up也是这几年火起来了很多,2025-06-17 15:27:00,0,4
BV1ahNvzmEoz,2025-06-17 10:00:00,-1461720463,-1432083807,65324391,MacaronisMaster,64,不至于不至于，你要是年近半百，那见过的大场面得比这些牛批多了。,2025-06-17 15:39:00,0,8
BV1ahNvzmEoz,2025-06-17 10:00:00,-1432083807,-360248256,1151312826,神夜sunyear,1,回复 @MacaronisMaster :经历过屈辱的韬光养晦时期，再看现在的硬气，确实更爽,2025-06-17 20:05:00,0,3
BV1ahNvzmEoz,2025-06-17 10:00:00,-1461720463,-372784048,263638123,银寅生,87,国际上的瓜一直有，只是因为现在的信息能及时直达群众手里。,2025-06-17 15:44:00,0,4
BV1ahNvzmEoz,2025-06-17 10:00:00,-1461720463,-372248000,383535823,我笑出猪叫,4,也算没白活[喜极而泣],2025-06-17 15:49:00,0,1
BV1ahNvzmEoz,2025-06-17 10:00:00,-1461720463,-1426836399,20480071,辣妹本辣bb,3,有意思[大笑],2025-06-17 16:44:00,0,0
BV1ahNvzmEoz,2025-06-17 10:00:00,-1461720463,-366220272,33368142,陈灵雨,89,新冠 22年俄乌 这几年我过得是23签约 24年拆迁 25年6月4号拿到拆迁款 5号父亲入院 6号体检 7号说肺癌 后面气管镜切片 恶性小细胞肺癌 到18号今天我父亲已经化疗完出院了 天堂地狱地狱天堂 还要买房子装修上班 我好累啊,2025-06-17 17:11:00,0,4
BV1ahNvzmEoz,2025-06-17 10:00:00,-366220272,-1424826399,37017053,2021夏天再见,15,回复 @陈灵雨 :有靶向还是要打靶向，还有后期的强化治疗,2025-06-17 17:19:00,0,1
BV1ahNvzmEoz,2025-06-17 10:00:00,-1424826399,-362759392,33368142,陈灵雨,89,回复 @2021夏天再见 :治不好了 只能化疗加免疫疗法 可是这种会复发 抽烟抽的,2025-06-17 18:23:00,0,1
BV1ahNvzmEoz,2025-06-17 10:00:00,-1424826399,-362741104,33368142,陈灵雨,89,回复 @2021夏天再见 :15年底16年初 胃癌切除过 这是二进宫 烟酒确实是一级致癌物,2025-06-17 18:24:00,0,1
BV1ahNvzmEoz,2025-06-17 10:00:00,-362741104,-782823583,37017053,2021夏天再见,15,"回复 @陈灵雨 :这种情况看天意吧，尽人事。
烟我抽，酒隔几个星期偶尔喝二两。还在于适量，要不然有的人喜欢，不抽烟不喝酒就没啥意思了。有的人抽一辈子烟喝一辈子酒也没有啥事，还得看基因。",2025-06-24 11:18:00,0,0
BV1ahNvzmEoz,2025-06-17 10:00:00,-1461720463,-364563664,3516710,GTX_Vega,19,把打仗称作精彩的这辈子也就这样了,2025-06-17 17:42:00,0,6
BV1ahNvzmEoz,2025-06-17 10:00:00,-364563664,-327149120,409827316,束我微光,52,回复 @GTX_Vega :和观看小丑表演社死会开心是一样的，都来自“你死了，而我还活着”的庆幸。没什么好批判的,2025-06-18 06:16:00,0,0
BV1ahNvzmEoz,2025-06-17 10:00:00,-1461720463,-1420368175,7574974,滑稽的2233,105,别说，08年，20年，最近几年，我活那么久，只记得这几年了[笑哭],2025-06-17 19:13:00,0,1
BV1ahNvzmEoz,2025-06-17 10:00:00,-1461720463,-1419409727,402436395,单纯可爱的QAQ,519,20世纪末不应该瓜很多么[doge_金箍],2025-06-17 19:59:00,0,0
BV1ahNvzmEoz,2025-06-17 10:00:00,-1419409727,-1412784959,110552451,wtgvfik,9,回复 @单纯可爱的QAQ :那时候国力不行，国际社会变动会极大的影响到我们，还做不到像现在一样闲庭信步笑看风云似的吃瓜[doge],2025-06-18 00:29:00,0,1
BV1ahNvzmEoz,2025-06-17 10:00:00,-1461720463,-360274800,1151312826,神夜sunyear,1,国外水深火热，这边岁月静好[大笑],2025-06-17 20:01:00,0,1
BV1ahNvzmEoz,2025-06-17 10:00:00,-1461720463,-359663600,319505340,大丧波,55,当年苏联解体都没这几年精彩,2025-06-17 20:46:00,0,1
BV1ahNvzmEoz,2025-06-17 10:00:00,-1461720463,-358843744,315865828,落空而已丶,9,看戏当然爽了 还好不是演戏,2025-06-17 21:33:00,0,2
BV1ahNvzmEoz,2025-06-17 10:00:00,-1461720463,-352484112,36970925,四眼上校,64,热知识，和平年代是少数。,2025-06-18 00:47:00,0,1
BV1ahNvzmEoz,2025-06-17 10:00:00,-1461720463,-1409076159,392075663,有集无换卡牌囤图患者,211,疫情导致东大对西方彻底失去信心，之后后世界再一次进入动荡期[doge],2025-06-18 01:34:00,0,0
BV1ahNvzmEoz,2025-06-17 10:00:00,-1461720463,-1399343631,403248179,neooo0,13,不得不说中央对百年未有之大变局的战略判断是多么有先见之明[吃瓜],2025-06-18 03:47:00,0,2
BV1ahNvzmEoz,2025-06-17 10:00:00,-1461720463,-323155424,34706942,贴吧用户_054eyNQ,43,20-25,2025-06-18 07:17:00,0,0
BV1ahNvzmEoz,2025-06-17 10:00:00,-1461720463,-322105760,28883446,王喇嘛丿,34,明显是19-22更精彩吧[打call],2025-06-18 07:33:00,0,0
BV1ahNvzmEoz,2025-06-17 10:00:00,-1461720463,-321878864,2007690542,桜高的呆唯,1,你我皆是历史见证者[吃瓜],2025-06-18 07:36:00,0,1
BV1ahNvzmEoz,2025-06-17 10:00:00,-1461720463,-321360656,38934614,努勃底少年王,49,没准现在只是开胃前菜,2025-06-18 07:45:00,0,1
BV1ahNvzmEoz,2025-06-17 10:00:00,-1461720463,-1378127503,239290095,小胖子想跑个马拉松,12,时政up都忙疯了,2025-06-18 08:13:00,0,0
BV1ahNvzmEoz,2025-06-17 10:00:00,-1461720463,-1377837231,519287276,bili_65184099723,5,战争从没停过,2025-06-18 08:19:00,0,0
BV1ahNvzmEoz,2025-06-17 10:00:00,-1461720463,-1362026799,325572276,kaikai5596,45,看不过来，真的看不过来,2025-06-18 11:20:00,0,0
BV1ahNvzmEoz,2025-06-17 10:00:00,-1461720463,-302338912,21642945,方尽欢,30,疫情以后感觉整个世界都在躁动,2025-06-18 11:29:00,0,0
BV1ahNvzmEoz,2025-06-17 10:00:00,-1461720463,-1354265071,7490561,知道而已,13,我上初中那个时候，就在奥运后后，我当时有很强烈的一个念头，要打仗了，局部站争那种。中国要和美国掰腕子了。就在未来的5-10年。然后就是16年的南海风云，然后乱到现在。,2025-06-18 12:44:00,0,2
BV1ahNvzmEoz,2025-06-17 10:00:00,-1461720463,-1354119135,384536087,呆呆痴行者,7,不该是19年开始吗？疫情一来算是见识了什么叫所谓的西方强国。,2025-06-18 12:46:00,0,0
BV1ahNvzmEoz,2025-06-17 10:00:00,-1461720463,-1333748799,296342775,基德说比不中,7,这几年就是俄罗斯的势力在逐步瓦解,2025-06-18 16:27:00,0,0
BV1ahNvzmEoz,2025-06-17 10:00:00,-1461720463,-1312216783,411213168,防水摄影师,486,20年让你吃啦,2025-06-19 02:26:00,0,0
BV1ahNvzmEoz,2025-06-17 10:00:00,-1461720463,-1311381775,277275856,BBYbei,44,精彩？出生吗,2025-06-19 02:37:00,0,0
BV1ahNvzmEoz,2025-06-17 10:00:00,-1461720463,-1242414287,470105554,性感混子在线划水,11,40年的美国,2025-06-19 16:49:00,0,0
BV1ahNvzmEoz,2025-06-17 10:00:00,-1461720463,-1241804111,179343357,柒柒伍玖,61,其实90年代明显更震撼吧[笑哭]苏联解体、欧盟成立、海湾战争，哪个影响不大？国内的则是银河号事件、台海危机、南斯拉夫大使馆被轰炸。紧接着21世纪初911事件、南海撞机事件，这些都不是小事啊。,2025-06-19 16:58:00,0,0
