﻿视频BV号,视频发布日期,上级评论ID,评论ID,用户ID,用户名,用户粉丝数,评论内容,评论时间,回复数,点赞数
BV1ahNvzmEoz,2025-06-17 10:00:00,0,-1379860431,290674578,记得抬头看天空,66,得亏中国的国防军事力量强大，感谢上世纪的先烈和科学家们，战争太可怕了[藏狐],2025-06-18 07:49:00,6,219
BV1ahNvzmEoz,2025-06-17 10:00:00,-1379860431,-1366285807,33196695,恐怖死肥宅,2,感谢出生在中国[保佑],2025-06-18 10:35:00,0,3
BV1ahNvzmEoz,2025-06-17 10:00:00,-1379860431,-1363180671,1262481064,咩咩爱豆,1,整个东南亚都要感谢中国的强大，震慑一切宵小不敢轻举妄动,2025-06-18 11:08:00,0,46
BV1ahNvzmEoz,2025-06-17 10:00:00,-1363180671,-1357713935,265948177,不礼让行人扣三分,9,回复 @咩咩爱豆 :这个倒是，中东南欧非洲这么打仗，唯有东南亚和北美这两块都安安分分,2025-06-18 12:07:00,0,6
BV1ahNvzmEoz,2025-06-17 10:00:00,-1357713935,-1354406095,109340197,湿炒牛河三两,25,回复 @不礼让行人扣三分 :东南亚现在泰国柬埔寨也在打，还是只有东大安全[大哭][大哭][打call],2025-06-18 12:44:00,0,0
BV1ahNvzmEoz,2025-06-17 10:00:00,-1354406095,-293563024,1652482641,穷的要要饭了,9,回复 @湿炒牛河三两 :他们几个打的是内战，东大无权干涉，没办法[怪我咯],2025-06-18 13:03:00,0,1
BV1ahNvzmEoz,2025-06-17 10:00:00,-1354406095,-1255410015,265948177,不礼让行人扣三分,9,回复 @湿炒牛河三两 :就是军阀混战，小打小闹,2025-06-19 14:08:00,0,0
