﻿视频BV号,视频发布日期,上级评论ID,评论ID,用户ID,用户名,用户粉丝数,评论内容,评论时间,回复数,点赞数
BV1ahNvzmEoz,2025-06-17 10:00:00,0,-372485056,23553910,Mr13点,23,感觉伊朗没有制空权，用中程导弹效率太低了,2025-06-17 15:46:00,154,1785
BV1ahNvzmEoz,2025-06-17 10:00:00,-372485056,-1427680047,698436753,梦梦与花花,19,跟以色列的空军相比差很多，有代差，而且叙利亚和伊拉克的天空基本上随便进出了,2025-06-17 16:33:00,0,161
BV1ahNvzmEoz,2025-06-17 10:00:00,-1427680047,-1380634719,842677,心念如磐,101,回复 @梦梦与花花 :空军的持续运作是依赖于固定基础设施的，以色列又没有战略纵深，饱和打击之下出动率会骤减。,2025-06-18 07:40:00,0,5
BV1ahNvzmEoz,2025-06-17 10:00:00,-1427680047,-295777392,427613543,Hansan16888,6,回复 @梦梦与花花 :你在想啥呢？？,2025-06-18 12:39:00,0,0
BV1ahNvzmEoz,2025-06-17 10:00:00,-372485056,-364877552,301053935,答案654321,4,效率低？ 除了比较贵以外 效率怎么会低  不过跟美以的导弹比起来  按美元算的话 可能更便宜,2025-06-17 17:36:00,0,45
BV1ahNvzmEoz,2025-06-17 10:00:00,-364877552,-1358451871,240602853,咖啡屋alsd,8,回复 @答案654321 :不可能的，东风26是洲际弹道导弹，算大导弹了吧，弹头1.8吨但装药量500kg，F35如果外挂航空炸弹最大能挂10吨，航空炸弹装药量50%，也就是5吨，破坏力差远了。,2025-06-18 11:57:00,0,0
BV1ahNvzmEoz,2025-06-17 10:00:00,-364877552,-1265694911,345066970,匠人心路,0,回复 @答案654321 :因为距离远，精度低，同样摧毁一个目标弹道导弹比空投炸弹，导弹效率低得多…伊朗那边刚发射以色列就警报了，有十分钟的时间躲进防空洞，以色列甚至做到手机发送警报通知爆炸点附近的群众…在德黑兰上空直接空投炸弹反应时间不超过半分钟,2025-06-19 12:15:00,0,0
BV1ahNvzmEoz,2025-06-17 10:00:00,-372485056,-1422710063,13258579,Mckeeeeee,37,他们牺牲空军力量保证陆地实力，我们以前是牺牲海军力量，集中发展陆空，局座之泪记忆犹新[笑哭],2025-06-17 18:06:00,0,960
BV1ahNvzmEoz,2025-06-17 10:00:00,-1422710063,-353776128,33952744,墨月琴魂,4,回复 @Mckeeeeee :你想多了，当时是牺牲所有军事发展保障经济发展，陆军空军也很艰难，成飞卖冰箱，兰州504卖核子冰糕,2025-06-18 00:22:00,0,33
BV1ahNvzmEoz,2025-06-17 10:00:00,-353776128,-1302496271,695170391,全职猎人rt,45,回复 @墨月琴魂 :成飞的冰箱在哪能买到,2025-06-19 04:29:00,0,0
BV1ahNvzmEoz,2025-06-17 10:00:00,-1422710063,-329273712,36155942,鲨鱼小小吃,16,回复 @Mckeeeeee :没办法，海军太烧钱了，当时一艘航母都赶上国防支出了,2025-06-18 05:47:00,0,3
BV1ahNvzmEoz,2025-06-17 10:00:00,-1422710063,-317617200,400587827,练得身形似虫形,23,回复 @Mckeeeeee : 这路线没什么问题，先海军的话会显得太强势,2025-06-18 08:37:00,0,0
BV1ahNvzmEoz,2025-06-17 10:00:00,-1422710063,-313989632,1692732,诚实的三水,22,回复 @Mckeeeeee :但是我们有核潜艇保底,2025-06-18 09:24:00,0,0
BV1ahNvzmEoz,2025-06-17 10:00:00,-1422710063,-300268784,99712200,阿纳斯塔斯-米高扬,28,回复 @Mckeeeeee :倒也不是牺牲空军，而是眼高手低，看不上东大的J10和PL导弹，守着F14和小牛导弹当个宝，花费了大量资金去维持和仿造，但是基本都白白浪费了，防空体系建设也是缺乏体系化，态势感知能力差，再加上革命卫队和国防军两套班子，重复建设的浪费也不在少数。,2025-06-18 11:51:00,0,1
BV1ahNvzmEoz,2025-06-17 10:00:00,-1422710063,-1322218031,440572150,孤星丶丶丶,206,回复 @Mckeeeeee :中国优先发展陆空的前提是有东风啊,2025-06-18 23:05:00,0,1
BV1ahNvzmEoz,2025-06-17 10:00:00,-1422710063,-198747840,255521221,维塔利斯,1,回复 @Mckeeeeee :萨达姆就是前车之鉴,2025-06-19 13:27:00,0,0
BV1ahNvzmEoz,2025-06-17 10:00:00,-1422710063,88132128,176020244,诸葛星野,16,回复 @Mckeeeeee :打了几个月，日军都打乏了，最后被日军海军进行海上炮击支援,2025-06-22 10:06:00,0,0
BV1ahNvzmEoz,2025-06-17 10:00:00,-372485056,-361298416,43945201,曾经我叫孙日天丶,0,不是，你是把所有国家当咱家比，说实话你很过分。,2025-06-17 19:15:00,0,214
BV1ahNvzmEoz,2025-06-17 10:00:00,-361298416,-1418013919,395937182,昵称好南起啊,3,回复 @曾经我叫孙日天丶 :6天她们,2025-06-17 21:32:00,0,0
BV1ahNvzmEoz,2025-06-17 10:00:00,-372485056,-361105392,3546767477967725,TheOneTheReal,7,很担心伊朗的导弹制造工厂能不能保住，如果被恶犹炸掉，伊朗的导弹库存能支撑多久？,2025-06-17 19:27:00,0,116
BV1ahNvzmEoz,2025-06-17 10:00:00,-361105392,-1418795919,2124894,yangzhiqiu6,0,回复 @TheOneTheReal :他们会在树林里捡到一些导弹的,2025-06-17 20:41:00,0,53
BV1ahNvzmEoz,2025-06-17 10:00:00,-1418795919,-355799536,3546767477967725,TheOneTheReal,7,"回复 @yangzhiqiu6 : 很难啊，现在伊朗被丑国和以色劣严密监视，很难偷运任何东西进去。
关键是俄罗斯了，只有俄罗斯有能力现在送导弹给伊朗了，就看俄罗斯有没有这个决心了。",2025-06-17 23:35:00,0,40
BV1ahNvzmEoz,2025-06-17 10:00:00,-355799536,-1396127407,277424966,OoI725,9,回复 @TheOneTheReal :[妙啊]不是说国内有个会计都当上军火女王了吗？,2025-06-18 04:23:00,0,6
BV1ahNvzmEoz,2025-06-17 10:00:00,-355799536,-1393342223,323705099,春姐姥丝鸡,5,回复 @TheOneTheReal :大毛自己都不够用,2025-06-18 04:52:00,0,0
BV1ahNvzmEoz,2025-06-17 10:00:00,-355799536,-1380381487,842677,心念如磐,101,回复 @TheOneTheReal :中伊铁路通了啊[doge_金箍]只要电子元器件，火工化工原料，小型涡喷这些民用产品不断供，搓导弹问题不大,2025-06-18 07:44:00,0,6
BV1ahNvzmEoz,2025-06-17 10:00:00,-1380381487,-321119936,3546767477967725,TheOneTheReal,7,"回复 @心念如磐 : 啥时中伊铁路通了?? ?当然了，即使没通，要支援伊朗的话也能，只是要通过巴基斯坦，由陆路运输。
现在不能支援零件了，来不及了，要支援，就直接支援成品，伊朗可以拿来就用。",2025-06-18 07:48:00,0,1
BV1ahNvzmEoz,2025-06-17 10:00:00,-321119936,-1376143375,842677,心念如磐,101,回复 @TheOneTheReal : 来的及，短期战争解决不了问题，无论是以色列的还是伊朗内部的，伊朗缺的不是技术而是决心，还抱有幻想。另外中伊铁路（北线）确实通了。,2025-06-18 08:44:00,0,4
BV1ahNvzmEoz,2025-06-17 10:00:00,-1376143375,-316190000,3546767477967725,TheOneTheReal,7,回复 @心念如磐 : 查了一下，中伊铁路确实开通了，刚刚通的，经过中亚国家。可惜太晚了，要是早个一两年开通，应该可以运很多好东西给伊朗了。,2025-06-18 08:56:00,0,0
BV1ahNvzmEoz,2025-06-17 10:00:00,-316190000,-299177232,3493288143227430,柠檬大众,4,回复 @TheOneTheReal :什么叫策略失误，伊朗自己左右摇摆，自己都不配合，你能有什么办法？现在中伊那还有什么大型合作的？不说别的，就说毛子去年准备和他签军事同盟，伊朗拖到现在签了吗？,2025-06-18 12:05:00,0,3
BV1ahNvzmEoz,2025-06-17 10:00:00,-321119936,-251984112,328183014,纪堯猫,31,回复 @TheOneTheReal :都援助武器了,2025-06-19 02:39:00,0,0
BV1ahNvzmEoz,2025-06-17 10:00:00,-355799536,-275192512,150870900,蔡菜彩才猜,5,回复 @TheOneTheReal :俄罗斯百分百给他运啊 这不是决心不决心的问题  就跟朝鲜对于中国一样 伊朗要没了 俄罗斯跟中国就彻底被踢出中东了,2025-06-18 16:27:00,0,1
BV1ahNvzmEoz,2025-06-17 10:00:00,-355799536,-1060573647,8232579,因为美丽,15,回复 @TheOneTheReal :不是看俄罗斯的决心，而是看伊朗[笑哭]只要愿意花钱，怎么都能送进去，看伊朗愿不愿意咯,2025-06-21 13:58:00,0,0
BV1ahNvzmEoz,2025-06-17 10:00:00,-1418795919,-1354455263,519014158,偷笑的小鱼儿,1,回复 @yangzhiqiu6 :不会的,2025-06-18 12:43:00,0,0
BV1ahNvzmEoz,2025-06-17 10:00:00,-1418795919,-248004368,3274707,优空酱,55,回复 @yangzhiqiu6 :他们亲美，捡不到的,2025-06-19 03:33:00,0,0
BV1ahNvzmEoz,2025-06-17 10:00:00,-361105392,-1411748607,3546884375316977,KKKoip,13,回复 @TheOneTheReal :沙漠会长出来的，比如兔子的过期货[兔兔岛_睡觉],2025-06-18 00:50:00,0,16
BV1ahNvzmEoz,2025-06-17 10:00:00,-1411748607,-1377324943,29209162,ARagnarok,11,回复 @KKKoip :概率不大，兔子不会下水的。,2025-06-18 08:25:00,0,1
BV1ahNvzmEoz,2025-06-17 10:00:00,-1411748607,-299519424,14714034,超载胡萝卜,17,回复 @KKKoip :不会长的，伊朗拿了就被内鬼送给老美了,2025-06-18 11:59:00,0,1
BV1ahNvzmEoz,2025-06-17 10:00:00,-361105392,-1391370447,11342253,话筒放烟花,3,回复 @TheOneTheReal :去库存，库存全打过去，小以得大伤，之后的事以后再说,2025-06-18 05:12:00,0,8
BV1ahNvzmEoz,2025-06-17 10:00:00,-361105392,-1383285071,76657686,时间钢管鹿,27,回复 @TheOneTheReal :必要的时候，沙漠里会长出导弹，这是中东的特色，不得不尝[doge],2025-06-18 07:00:00,0,1
BV1ahNvzmEoz,2025-06-17 10:00:00,-361105392,-320197584,5659326,横公_,63,回复 @TheOneTheReal :不行买点绿箭呗[doge],2025-06-18 08:00:00,0,0
BV1ahNvzmEoz,2025-06-17 10:00:00,-361105392,-313860880,27261230,起雾森木木,104,回复 @TheOneTheReal :不能在地下造吗,2025-06-18 09:25:00,0,0
BV1ahNvzmEoz,2025-06-17 10:00:00,-361105392,-1372699935,3546610676009779,修小修范小范,1,回复 @TheOneTheReal :从某种角度讲，只有以色列对以打击有效，让那些对以色列有仇的国家看到以色列不是不可战胜，很可能鼓舞反以同盟对以的全面打击，到时候面对的可不止伊朗自己了。,2025-06-18 09:27:00,0,0
BV1ahNvzmEoz,2025-06-17 10:00:00,-361105392,-1372095951,3546791492454763,蕾忍宗一期上忍,0,回复 @TheOneTheReal :只要敢打，伊朗自然会看到大自然的鬼斧神工，沙漠也能长出导弹,2025-06-18 09:34:00,0,1
BV1ahNvzmEoz,2025-06-17 10:00:00,-361105392,-310355328,16022231,布涅君,27,回复 @TheOneTheReal :真不够会找外面买的,2025-06-18 10:04:00,0,0
BV1ahNvzmEoz,2025-06-17 10:00:00,-361105392,-302224768,290833547,快跑啊-傻孩子们,24,回复 @TheOneTheReal :直接把导弹工厂建在山体里就行了，拿核弹都炸不掉,2025-06-18 11:31:00,0,0
BV1ahNvzmEoz,2025-06-17 10:00:00,-361105392,-293030128,3493125525867025,zhuhd123,7,回复 @TheOneTheReal :放心，只要伊朗胆子大，沙漠里什么都会有[doge_金箍],2025-06-18 13:10:00,0,0
BV1ahNvzmEoz,2025-06-17 10:00:00,-361105392,-1351980399,228055459,火烧炸酱面,18,回复 @TheOneTheReal :巴基斯坦：我军新捡到一批东式装备[doge],2025-06-18 13:11:00,0,0
BV1ahNvzmEoz,2025-06-17 10:00:00,-1351980399,-1296469839,397176867,尼实在是钛镁,0,回复 @火烧炸酱面 :想太多，我们应该不会再轻易援助伊朗的之前伊朗被制裁我们帮他续命，完事伊朗就拉着三哥跟我们搞对立,2025-06-19 05:42:00,0,1
BV1ahNvzmEoz,2025-06-17 10:00:00,-361105392,-275578048,6764434,GalloTrafals,38,回复 @TheOneTheReal :炸完了才好，用石油来换[妙啊],2025-06-18 16:21:00,0,0
BV1ahNvzmEoz,2025-06-17 10:00:00,-361105392,-1327553151,347314295,八千光环,19,回复 @TheOneTheReal :能买就不是问题。,2025-06-18 18:25:00,0,0
BV1ahNvzmEoz,2025-06-17 10:00:00,-361105392,-1305836879,33350997,阿凡提的电视,2855,回复 @TheOneTheReal :只要不是有关键核心技术断掉了就没问题，工厂只是一个工作地点，换个地方就行了，而且伊朗可不是一个小国家，只要保密措施做的好很容易换个地方接着生产。,2025-06-19 03:53:00,0,1
BV1ahNvzmEoz,2025-06-17 10:00:00,-361105392,-1138780367,1789127571,影2024,9,回复 @TheOneTheReal :我们可以上链接清清库存,2025-06-20 20:01:00,0,0
BV1ahNvzmEoz,2025-06-17 10:00:00,-372485056,-1419044959,284555379,荒野幽灵乌鸦,63,不是效率低，是吃库存，打了就没了，发射车发完就被锁定，定点清除，库里的东西，拿出来，打一发又被锁定了整个库都没了，车没了，你拿什么发射？库里东西也一天天减少，拿什么打？老美都要过来蹭战果了,2025-06-17 20:25:00,0,121
BV1ahNvzmEoz,2025-06-17 10:00:00,-1419044959,-332665856,243350309,大家都是年度大冤种,5,回复 @荒野幽灵乌鸦 :导弹车主打的就是一个灵活，射了就跑你怎么锁定，难道以色列在人家导弹基地边上装了反导系统[辣眼睛],2025-06-18 05:05:00,0,6
BV1ahNvzmEoz,2025-06-17 10:00:00,-1419044959,-327446016,89641226,泽上鸣鹤,10,回复 @荒野幽灵乌鸦 : 离着上千公里，打完就跑，你说锁定就锁定？海马斯射程近多了，毛子敢吹这牛不？,2025-06-18 06:14:00,0,1
BV1ahNvzmEoz,2025-06-17 10:00:00,-1419044959,-1370513855,3271379,t00038,3,回复 @荒野幽灵乌鸦 : 导弹库都在山洞里，说打就打的？ 最多炸炸洞口,2025-06-18 09:51:00,0,0
BV1ahNvzmEoz,2025-06-17 10:00:00,-1370513855,-1342158591,284555379,荒野幽灵乌鸦,63,回复 @t00038 :gbu57巨型钻地弹，已起飞??,2025-06-18 14:52:00,0,0
BV1ahNvzmEoz,2025-06-17 10:00:00,-1342158591,-1320750639,3271379,t00038,3,回复 @荒野幽灵乌鸦 :那东西又不是无敌的，且不说这东西只有美军有，老美会不会亲自下场。光说90米土层穿深，是理想数据，正常复杂地形下基本达不到，而且山洞挖在山里面，随便一个小山几百米高很正常吧，山洞超过100米的深度轻轻松松。,2025-06-18 23:49:00,0,2
BV1ahNvzmEoz,2025-06-17 10:00:00,-1320750639,-1320568495,284555379,荒野幽灵乌鸦,63,回复 @t00038 :老美必须下场，一个不行，两个一起，问题不大,2025-06-18 23:51:00,0,0
BV1ahNvzmEoz,2025-06-17 10:00:00,-1419044959,-292043856,35402111,月行星,2,回复 @荒野幽灵乌鸦 :这事情不会那么简单 背后的话事人能控制走向,2025-06-18 13:19:00,0,0
BV1ahNvzmEoz,2025-06-17 10:00:00,-292043856,-1342092399,284555379,荒野幽灵乌鸦,63,回复 @月行星 :你是指川普？,2025-06-18 14:53:00,0,0
BV1ahNvzmEoz,2025-06-17 10:00:00,-1419044959,-261176656,544241014,860asdf,32,回复 @荒野幽灵乌鸦 :没有增量罢了！[doge][doge][支持][支持],2025-06-19 00:10:00,0,0
BV1ahNvzmEoz,2025-06-17 10:00:00,-372485056,-1417939551,2442869,SuperAirFox,25,远程导弹可比飞机跨多国投射效率高多了。不过问题在于双方情报不对等，以打一波就必定打痛伊，而伊武器命中率先不谈，但是否neng真的打痛以就不知道了。而且以为什么总怀疑别人军事设施藏在医院学校里？因为它这事干得最多[doge],2025-06-17 21:40:00,0,177
BV1ahNvzmEoz,2025-06-17 10:00:00,-1417939551,-358387072,483515704,带娃打刀塔,4,回复 @SuperAirFox :一个架次的F15ex能挂载13.4T的载荷，伊朗最先进的远程弹道导弹的弹头也就1.5T，怎么可能导弹的效率高？没有核弹头，民兵3的弹药投放量也就一吨多，打人身上毫无感觉。导弹的优势在于突防能力强，但毁伤能力是真的差点意思。,2025-06-17 22:02:00,0,39
BV1ahNvzmEoz,2025-06-17 10:00:00,-358387072,-351006352,18728341,巡山组长小钻风,56,回复 @带娃打刀塔 : 各有优缺点吧，F15 13吨的载荷也不是说装药量就有13吨啊,2025-06-18 01:11:00,0,8
BV1ahNvzmEoz,2025-06-17 10:00:00,-351006352,-349224336,483515704,带娃打刀塔,4,回复 @巡山组长小钻风 :没错，是各有千秋，但单从弹药投送效能上来说，飞机绝对远超远程弹道导弹，但弹道导弹的突防能力是比飞机强的。所以空优的以色列选择用飞机，而没空优的伊朗选择用导弹。,2025-06-18 01:41:00,0,11
BV1ahNvzmEoz,2025-06-17 10:00:00,-351006352,-1358209983,240602853,咖啡屋alsd,8,回复 @巡山组长小钻风 :装药量差不多是载荷一半，但还是比导弹大的多,2025-06-18 12:00:00,0,0
BV1ahNvzmEoz,2025-06-17 10:00:00,-358387072,-287999136,111175915,水木辛-,854,回复 @带娃打刀塔 :性价比还得是炮兵阵地[doge]可惜太近,2025-06-18 14:04:00,0,0
BV1ahNvzmEoz,2025-06-17 10:00:00,-358387072,-1345888703,31308765,我在光大烧锅炉,12,回复 @带娃打刀塔 :如果两国是接壤的，战机肯定比导弹强，当两国不接壤时，战机要去第三方国家的领空飞过（也就是伊以中间隔了两个废了的国家，飞机能畅通无阻）人家领空不让你飞，你怎么办，硬飞吃防空导弹？,2025-06-18 14:13:00,0,1
BV1ahNvzmEoz,2025-06-17 10:00:00,-1345888703,-282997648,483515704,带娃打刀塔,4,回复 @我在光大烧锅炉 :要是中间隔了个东大，导弹无人机一样给你拦下来，谁知道你导弹无人机是炸以色列还是炸我。,2025-06-18 14:54:00,0,0
BV1ahNvzmEoz,2025-06-17 10:00:00,-1417939551,-351735008,489019842,名场面视觉,1758,回复 @SuperAirFox : 以色列的有价值的目标有限，这个烈度打一段以色列的目标就没有了。,2025-06-18 01:01:00,0,9
BV1ahNvzmEoz,2025-06-17 10:00:00,-351735008,-1377484847,3493116719925971,净心如虚空,44,回复 @名场面视觉 :是不是伊朗要赢了？,2025-06-18 08:24:00,0,0
BV1ahNvzmEoz,2025-06-17 10:00:00,-1377484847,-318564672,489019842,名场面视觉,1758,回复 @净心如虚空 :平手,2025-06-18 08:25:00,0,0
BV1ahNvzmEoz,2025-06-17 10:00:00,-1417939551,-336953040,5644432,刘小兔同学,47,回复 @SuperAirFox :以色列故意把军事设施放人员密集区,2025-06-18 04:23:00,0,12
BV1ahNvzmEoz,2025-06-17 10:00:00,-336953040,-1391736847,51001264,木子杏美,46,回复 @刘小兔同学 :相当阴险，拿平民做人质，虽然以色列没有平民,2025-06-18 05:08:00,0,6
BV1ahNvzmEoz,2025-06-17 10:00:00,-336953040,-1375935327,1959840401,韩老二是我,33,回复 @刘小兔同学 :伊朗人数学不好，不管三七二十一,2025-06-18 08:46:00,0,0
BV1ahNvzmEoz,2025-06-17 10:00:00,-1417939551,-1358328015,240602853,咖啡屋alsd,8,回复 @SuperAirFox :怎么会效率高呢？一枚导弹装药量也就500kg，F35一趟航弹装药量最大能达5吨，这还不算价格，二者差远了,2025-06-18 11:59:00,0,1
BV1ahNvzmEoz,2025-06-17 10:00:00,-1417939551,-1302580591,26283782,安君拉,26,回复 @SuperAirFox :远程导弹比飞机投航弹贵多了,2025-06-19 04:28:00,0,0
BV1ahNvzmEoz,2025-06-17 10:00:00,-1417939551,-1253011391,41522485,十一号床的病人,23,回复 @SuperAirFox :他自己的指挥所就在医院下面,2025-06-19 14:34:00,0,0
BV1ahNvzmEoz,2025-06-17 10:00:00,-372485056,-358307552,46925504,壹夜娱龍舞,35,效率低又如何，战时只有工时，只有时间问题,2025-06-17 22:12:00,0,10
BV1ahNvzmEoz,2025-06-17 10:00:00,-372485056,-1417279535,598583578,神圣大唐帝国灬,56,伊朗的实力有限，所以把资源集中在导弹身上了,2025-06-17 22:27:00,0,28
BV1ahNvzmEoz,2025-06-17 10:00:00,-372485056,-356213808,2205441,妹控燈,36,两边没有接战啊，整个下来就是以色列开战机横跨两个国家去轰炸，伊朗则是发射导弹就行，不接战的话制空权的意义不明显。,2025-06-17 23:29:00,0,15
BV1ahNvzmEoz,2025-06-17 10:00:00,-356213808,-1410932607,9276566,理中客乐子人,37,回复 @妹控燈 :飞机太需要机场了，机场被炸恢复也需要时间。,2025-06-18 01:04:00,0,8
BV1ahNvzmEoz,2025-06-17 10:00:00,-1410932607,-1391848143,51001264,木子杏美,46,回复 @理中客乐子人 :打得足够烂就需要点时间，以现在的技术修复机场很快的,2025-06-18 05:06:00,0,1
BV1ahNvzmEoz,2025-06-17 10:00:00,-1391848143,-1380094063,842677,心念如磐,101,回复 @木子杏美 :修复的前提是有战略纵深和足够分散的目标来分散对面的打击能力,2025-06-18 07:46:00,0,2
BV1ahNvzmEoz,2025-06-17 10:00:00,-356213808,-299602320,406248225,LM6800,3,回复 @妹控燈 :制空权还是重要的，你发射车，发射井不要了吗？,2025-06-18 11:59:00,0,1
BV1ahNvzmEoz,2025-06-17 10:00:00,-372485056,-1414942687,231501964,星之扉zz,10,伊朗会很悲壮,2025-06-17 23:41:00,0,4
BV1ahNvzmEoz,2025-06-17 10:00:00,-372485056,-350848080,410749629,流年半梦,0,低也无所谓以色列芝麻大点的地方又一直在打仗战争潜力能有多少，国际形势在那伊朗必须打反手损失大就大，伊朗人高层都是搞宗教的真不怕死,2025-06-18 01:14:00,0,7
BV1ahNvzmEoz,2025-06-17 10:00:00,-350848080,-1341821983,476617476,平旦随便说说,16,回复 @流年半梦 :恰恰相反，我觉得高层很明白啥是死。,2025-06-18 14:56:00,0,0
BV1ahNvzmEoz,2025-06-17 10:00:00,-350848080,-281512896,104974940,卡卡西卡卡西卡卡,14,回复 @流年半梦 :搞宗教的不怕死，不一定呢[笑哭],2025-06-18 15:12:00,0,0
BV1ahNvzmEoz,2025-06-17 10:00:00,-350848080,-1327529295,347314295,八千光环,19,回复 @流年半梦 :高层si不si不能影响战争，主要看意识形态。,2025-06-18 18:26:00,0,0
BV1ahNvzmEoz,2025-06-17 10:00:00,-372485056,-1409030751,334401294,你好吴师傅,697,当年推销J10C全家桶的时候，波斯猫看不上，基本和小巴同一时期，后面小巴买了，才几年就有战斗力了。后面波斯猫一转头还把我们卖了。现在东大都不想管他们了。（他的导弹有东大的技术）,2025-06-18 01:37:00,0,31
BV1ahNvzmEoz,2025-06-17 10:00:00,-1409030751,-1385152415,63676464,wxsxx,2,回复 @你好吴师傅 :卖什么了？,2025-06-18 06:32:00,0,0
BV1ahNvzmEoz,2025-06-17 10:00:00,-1409030751,-267624128,27798530,护身葱不是Mikuisfaith,1210,回复 @你好吴师傅 :中东还是巴巴羊最给力,2025-06-18 19:03:00,0,0
BV1ahNvzmEoz,2025-06-17 10:00:00,-1409030751,-1316764495,1909194,还真有这名字,57,回复 @你好吴师傅 :波斯并不是看不上，而是他们早就放弃空军了，把钱用在导弹，巡飞弹，无人机的长期发展上了，现在来看，这是对的，不把钱浪费在必输的空军上，而在其他优势方面大力发展,2025-06-19 01:08:00,0,0
BV1ahNvzmEoz,2025-06-17 10:00:00,-1316764495,-254203264,3546767477967725,TheOneTheReal,7,"回复 @还真有这名字 : 伊朗策略没错，飞机是无论如何也赶不上丑国和以色劣的，而且飞机造价和维护都很昂贵。对伊朗来说，干脆放弃飞机，专攻导弹和无人机。
现在最担心的就是库存能支撑多久了。现造肯定来不及了，以色劣正在轰炸所有伊朗所有军工产业。",2025-06-19 02:06:00,0,2
BV1ahNvzmEoz,2025-06-17 10:00:00,-254203264,-1305919743,1909194,还真有这名字,57,回复 @TheOneTheReal :伊朗是中东最大的工业国，导弹储备我记得在5-20枚之间，每天打几百枚的话，大概够用3个月差不多，加上还在制造，应该能打很久,2025-06-19 03:52:00,0,0
BV1ahNvzmEoz,2025-06-17 10:00:00,-1409030751,-246954144,65196619,梧桐满院绿荫连,5,回复 @你好吴师傅 :他们得导弹是俄朝的技术，和我们没有直接关系,2025-06-19 03:46:00,0,1
BV1ahNvzmEoz,2025-06-17 10:00:00,-372485056,-1408844207,511272256,爱吃面的崔先生,0,是这样的,2025-06-18 01:38:00,0,0
BV1ahNvzmEoz,2025-06-17 10:00:00,-372485056,-348020784,647663338,我Tou小鱼干养你,1,这个所谓国际原子能协会是去探路的吧,2025-06-18 01:59:00,0,6
BV1ahNvzmEoz,2025-06-17 10:00:00,-348020784,-314043488,289015,白菜の鱼鱼,13,回复 @我Tou小鱼干养你 :对的，原子能协会就是以色列跟美国的间谍。,2025-06-18 09:22:00,0,4
BV1ahNvzmEoz,2025-06-17 10:00:00,-372485056,-1403908591,259306561,socoolred,19,巴基斯坦把红旗运过去了。,2025-06-18 02:49:00,0,2
BV1ahNvzmEoz,2025-06-17 10:00:00,-372485056,-1402957727,25040369,指尖余墨,87,你把因果弄混了，是空军不行才必须用导弹，导弹就是最有性价比的威慑和打击手段，我们当初穷的时候也这么过来的。,2025-06-18 03:01:00,0,31
BV1ahNvzmEoz,2025-06-17 10:00:00,-372485056,-1395099375,493790190,随云冰舞,218,只能先炸机场了,2025-06-18 04:34:00,0,1
BV1ahNvzmEoz,2025-06-17 10:00:00,-372485056,-322843392,4730908,Akira的大脸猫,330,伊朗没空军，以色列没防空，互相控制对方的领空，双向奔赴了属于是,2025-06-18 07:21:00,0,6
BV1ahNvzmEoz,2025-06-17 10:00:00,-322843392,-1377969119,28627268,淘淘789,2,回复 @Akira的大脸猫 :伊朗有空军，有陆军，有坦克全藏山里，反正也用不上[微笑],2025-06-18 08:16:00,0,0
BV1ahNvzmEoz,2025-06-17 10:00:00,-322843392,-246818224,65196619,梧桐满院绿荫连,5,回复 @Akira的大脸猫 :以色列的防空已经提现了欧美最高防空水平，只不过防空就是这样，只要饱和攻击必然防不住,2025-06-19 03:48:00,0,2
BV1ahNvzmEoz,2025-06-17 10:00:00,-372485056,-1380754975,648010960,我很菜爱开船,18,不只是伊朗，中东就没有几个国家有制空，不然小以活不到现在,2025-06-18 07:36:00,0,2
BV1ahNvzmEoz,2025-06-17 10:00:00,-372485056,-321857104,70845515,蜀黍我呀最喜欢二刺猿,21,去年伊朗军工厂还招人，工资老高了没敢去,2025-06-18 07:37:00,0,2
BV1ahNvzmEoz,2025-06-17 10:00:00,-372485056,-321391056,3546767477967725,TheOneTheReal,7,"我国的伊朗政策出现重大失误。应该早很多年前就应该开始支援伊朗发展防空和反击能力，比如，悄悄的支援伊朗一些先进雷达零件，伊朗再自己组装成雷达。

现在再做已经来不及了。伊朗对中国和中-俄-伊 抗美大三角至关重要。失去了伊朗，将严重削弱我国和抗美联盟。而且，丑国将一统中东，对中国的能源安全构成严重威胁。",2025-06-18 07:43:00,0,14
BV1ahNvzmEoz,2025-06-17 10:00:00,-321391056,-1377981311,28627268,淘淘789,2,回复 @TheOneTheReal :伊朗是毛子那条线的，和我们关系不深,2025-06-18 08:18:00,0,5
BV1ahNvzmEoz,2025-06-17 10:00:00,-1377981311,-1142309743,432347965,海盗工程师6666,3,回复 @淘淘789 :而且还偶尔坑东大……,2025-06-20 18:08:00,0,0
BV1ahNvzmEoz,2025-06-17 10:00:00,-372485056,-1380154511,600660179,bili_600660179,65,跟 f35 f16比 防空吗？,2025-06-18 07:47:00,0,0
BV1ahNvzmEoz,2025-06-17 10:00:00,-372485056,-320511888,8994044,冒儉雷探长,7,以色列也一样，箭2，箭3，萨德防空拦截成本极高，伊朗就算空军强大，也很难对抗体系化的美以防空体系，只能是自保，最后还得是导弹突防。以色列空军虽然强，但伊朗太远，需要大量加油机支持，不是美国提供支持，以色列很难这么远保持持续打击。伊朗最臭的棋是丢了叙利亚，否则他的火箭弹和短程导弹就能对以色列发起攻击，那才是致命的。伊拉克和叙利亚如果还在苏莱曼尼手里，以色列根本无法成型此次打击。,2025-06-18 07:56:00,0,23
BV1ahNvzmEoz,2025-06-17 10:00:00,-320511888,-1378003535,28627268,淘淘789,2,回复 @冒儉雷探长 :伊朗一心求和，求来的只能是战[再见],2025-06-18 08:17:00,0,3
BV1ahNvzmEoz,2025-06-17 10:00:00,-372485056,-319425296,1539255036,lyk68,15,但这已经是伊朗最有效和有性价比的手段[笑哭],2025-06-18 08:13:00,0,1
BV1ahNvzmEoz,2025-06-17 10:00:00,-372485056,-317613728,25431726,AI像一阵风,45,不用感觉，就是没有……空军拉的不行，防空也基本是摆设，就靠发导弹对轰,2025-06-18 08:37:00,0,1
BV1ahNvzmEoz,2025-06-17 10:00:00,-372485056,-316953232,598655505,沦陷的京城1937,20,不是没有制空权 是周边国家对波斯不开放领空 波斯战机升空了也只能在领空范围内游弋 而美以的战机随便飞 再一个 按现在的战争状态 战机空战、轰炸多少有点过时了 都是远火或无人机作战了,2025-06-18 08:46:00,0,0
BV1ahNvzmEoz,2025-06-17 10:00:00,-372485056,-1375788591,15110076,zqpoker,0,"我在矢0,h上见有博主分析了谁能挺到最后，搜“小白袭以”就能看到了",2025-06-18 08:48:00,0,0
BV1ahNvzmEoz,2025-06-17 10:00:00,-372485056,-1373827679,348438881,拖泥带水的皮特,12,"主要还是战略有问题。
首先，对付以色列，到底要达到什么样的效果，实现什么目标？这方面，以色列的战略意图就很明显，——无论如何不让你造出核弹。所以他们是一鼓作气干掉关键设施、关键人物。
其次，有了战略目标，就要根据目标制定战略执行了。如果要斩首，要去除以军关键人物，就是要打它一个猝不及防，不能这么滴滴答答的打。人家有了准备，你的成功率、要消耗的武器就更多了。完全可以先打口水战，先强烈抗议，提要求等，然后突然对战略目标来一轮集中的定点、定向的饱和攻击。",2025-06-18 09:15:00,0,4
BV1ahNvzmEoz,2025-06-17 10:00:00,-372485056,-314621904,506651306,2680410426,5,那没办法，你不能指望一个地区大国磕的动F35I这种外贸妖孽,2025-06-18 09:16:00,0,2
BV1ahNvzmEoz,2025-06-17 10:00:00,-372485056,-1373375311,324060194,尾焰los,32,你远在国外，国内能知道的太少了，或者说思维方式也和我们不一样了,2025-06-18 09:19:00,0,1
BV1ahNvzmEoz,2025-06-17 10:00:00,-372485056,-312096800,618340534,山拓,1276,你是伊朗作战部的？,2025-06-18 09:45:00,0,0
BV1ahNvzmEoz,2025-06-17 10:00:00,-372485056,-1367209087,1999337691,WalterPDP,35,再强的飞机它也得着陆呀[doge]以色列就那几个机场，理论上饱和攻击很容易就瘫痪掉的。结果成现在这个样子,2025-06-18 10:26:00,0,2
BV1ahNvzmEoz,2025-06-17 10:00:00,-1367209087,-307085120,89641226,泽上鸣鹤,10,回复 @WalterPDP :因为划不来，导弹也挺贵的。现在是战略打击，目的是削弱以色列的国力。炸这些目标比炸机场合适多了,2025-06-18 10:38:00,0,0
BV1ahNvzmEoz,2025-06-17 10:00:00,-372485056,-1362859711,600660179,bili_600660179,65,用 航空炸弹 威力大 便宜,2025-06-18 11:11:00,0,0
BV1ahNvzmEoz,2025-06-17 10:00:00,-372485056,-301595328,695149721,123657her,4,最可笑的一个点，以色列打伊朗，约旦不说话，伊朗打以色列，约旦就说你们别从我的领空发射导弹，然后自己发射拦截导弹把伊朗的拦了。,2025-06-18 11:37:00,0,1
BV1ahNvzmEoz,2025-06-17 10:00:00,-372485056,-301385440,1866294908,考证奋斗,0,去年伊郎的防空也给力的  主要这次渗透破坏太严重,2025-06-18 11:39:00,0,0
BV1ahNvzmEoz,2025-06-17 10:00:00,-372485056,-300862672,24873442,龙啸远,67,啥效率？洗地？,2025-06-18 11:45:00,0,0
BV1ahNvzmEoz,2025-06-17 10:00:00,-372485056,-1358542703,89353055,木记心,7,其他都不论，光凭经济水平伊朗就不可能赢了。,2025-06-18 11:58:00,0,0
BV1ahNvzmEoz,2025-06-17 10:00:00,-372485056,-1355957151,426813095,C豆组合,14,啥制空权，两个国家相聚太远，战斗力都要空中加油才能到,2025-06-18 12:26:00,0,1
BV1ahNvzmEoz,2025-06-17 10:00:00,-372485056,-1350458319,1143831471,Ysenxxx,3,以色列的 f35 飞不到伊朗本土，中途加油不现实。况且以色列没有战略轰炸机。所以你猜为什么以色列一直想拉大漂亮下场[doge],2025-06-18 13:28:00,0,2
BV1ahNvzmEoz,2025-06-17 10:00:00,-372485056,-290623136,26450206,b6680253,24,客观说没有防空就相当于输了一半。但发展防空是真要钱，伊朗就那100亿美元军费，是真弄不起防空体系。不是所有的国家都是中美的体量[笑],2025-06-18 13:36:00,0,2
BV1ahNvzmEoz,2025-06-17 10:00:00,-290623136,-1267171599,68050759,逮住萌新,1,回复 @b6680253 : 看意志决心，光想靠轰炸就打败敌人很难，胡塞天天被炸也没啥，想解决问题还是得靠地面部队去控制。除非对面战斗意志不强，被炸几下，就受不了。海湾战争最后还是靠地面部队杀进去解决问题，光轰炸只要对面抵抗意志够坚决，会受损失，但是解决不了问题。,2025-06-19 11:59:00,0,0
BV1ahNvzmEoz,2025-06-17 10:00:00,-372485056,-290436400,29777136,倭肯马丁,59,以色列也没有啊，这年头谁敢保证有绝对制空权，制空权时代过去了，现在是导弹和无人机的时代,2025-06-18 13:37:00,0,0
BV1ahNvzmEoz,2025-06-17 10:00:00,-372485056,-289305312,359796228,liuchen102,3,若真没有制空，伊朗这连日来的导弹雨从何而来？以色列空军能放任伊朗的导弹阵地持续不断的倾泻火力？,2025-06-18 13:49:00,0,0
BV1ahNvzmEoz,2025-06-17 10:00:00,-372485056,-288325328,332106422,感觉很一般诶,191,被无人机炸的时候了，好多导弹发射架都立起来了。某种意义上来说，伊朗地面导弹部队还挺刚的，顶着飞机炸也要发射，伤亡不小[藏狐],2025-06-18 14:00:00,0,1
BV1ahNvzmEoz,2025-06-17 10:00:00,-372485056,-1342850831,55014294,red1101,11,又没人卖他先进飞机，能搞自己飞机体系的全球也只有3个，导弹是性价比最高的方式了,2025-06-18 14:43:00,0,0
BV1ahNvzmEoz,2025-06-17 10:00:00,-372485056,-1333742687,3546892287871182,永远坚守信念,26,实在不行，到时候跟胡塞武装学，去沙漠里捡,2025-06-18 16:27:00,0,0
BV1ahNvzmEoz,2025-06-17 10:00:00,-372485056,-1333553359,222127581,qc973357,15,背后是中美博弈，没那么简单,2025-06-18 16:28:00,0,0
BV1ahNvzmEoz,2025-06-17 10:00:00,-372485056,-1323654735,11277272,萌呆萌呆瑞希酱,5178,伊朗打击的目标全是无效目标[捂脸],2025-06-18 21:59:00,0,0
BV1ahNvzmEoz,2025-06-17 10:00:00,-372485056,-263782480,325517126,反转螺旋丸,1,取得对以色列的制空权这个要求是不是太高了？[笑哭]，以色列背靠阿美妥妥的科技军事强国，四代机五代机预警机雷达防空，中东那些绑一块也玩不转啊。,2025-06-18 22:51:00,0,1
BV1ahNvzmEoz,2025-06-17 10:00:00,-372485056,-1317013535,1909194,还真有这名字,57,伊朗是自主放弃了制空权，换取的导弹大力发展,2025-06-19 01:06:00,0,0
BV1ahNvzmEoz,2025-06-17 10:00:00,-372485056,-1315235663,44441494,MikLee,20,制空权无所谓了，伊朗空军那点战斗机给以军当火鸡打。现在两边就是激情互殴，就看谁血条厚,2025-06-19 01:36:00,0,1
BV1ahNvzmEoz,2025-06-17 10:00:00,-372485056,-1308118079,431752450,仙女与鬼,27,以色列说今天有惊喜,2025-06-19 03:22:00,0,0
BV1ahNvzmEoz,2025-06-17 10:00:00,-372485056,-1307646447,2000663065,独自_欣赏,148,[笑哭],2025-06-19 03:28:00,0,0
BV1ahNvzmEoz,2025-06-17 10:00:00,-372485056,-231155248,1222466212,小兔崽滋777,20,我很好奇为啥不用燃烧弹全覆盖轰炸,2025-06-19 07:03:00,0,0
BV1ahNvzmEoz,2025-06-17 10:00:00,-231155248,-1266119839,68050759,逮住萌新,1,回复 @小兔崽滋777 : 武器破坏力相比地区没这么大威力，按电影里面，老美战略轰炸机去地毯轰炸胡塞，胡塞寸草不生，可能现实中，也就炸那么一点地方，相比土地面积。,2025-06-19 12:10:00,0,0
BV1ahNvzmEoz,2025-06-17 10:00:00,-372485056,-227306896,1710736300,谯郡之狼,1,他要是在叙利亚沦陷之前这样打就不是这样了,2025-06-19 08:00:00,0,0
BV1ahNvzmEoz,2025-06-17 10:00:00,-372485056,-1280744271,12013283,昨夜提灯观月,57,他把人得罪死了，不然哪怕是能买到石勒喀河或者叶尼塞河那种老古董防空车，只要数量够多，还能能防一防空的,2025-06-19 09:30:00,0,1
BV1ahNvzmEoz,2025-06-17 10:00:00,-372485056,-218380448,2097583638,猫猫还要睡,44,以色列打压啊，你猜以色列为什么能在中东这么嚣张，就是靠的自己强大的空军打击[笑哭],2025-06-19 09:58:00,0,0
BV1ahNvzmEoz,2025-06-17 10:00:00,-372485056,-216790112,3270926,YO最爱甜豆的鱼,157,快慢刀 俄羅斯在基輔用過很多次，伊朗肯定有參考的，而且雙方軍購來往多,2025-06-19 10:15:00,0,1
BV1ahNvzmEoz,2025-06-17 10:00:00,-372485056,-1181989791,502035883,逛B看看你懂的,15,以色列空军过来，也得空中加油，fei好久才到,2025-06-20 10:49:00,0,0
BV1ahNvzmEoz,2025-06-17 10:00:00,-372485056,-1161076287,391946955,帝皇直拳,0,伊朗只有普通弹头吗？美国口中的洗衣粉拿出来用用啊！,2025-06-20 14:15:00,0,0
BV1ahNvzmEoz,2025-06-17 10:00:00,-372485056,-1146001759,28876485,Moira丿莫相离,140,他们哪来的国力？,2025-06-20 17:02:00,0,0
