﻿视频BV号,视频发布日期,上级评论ID,评论ID,用户ID,用户名,用户粉丝数,评论内容,评论时间,回复数,点赞数
BV1aLNBzsE9c,2025-06-17 11:16:00,0,-1456247311,1908003083,黄彦廷,21,伊朗不能输。,2025-06-17 11:24:00,10,91
BV1aLNBzsE9c,2025-06-17 11:16:00,-1456247311,-1444802223,296115460,几多仇,26,无所谓吧，反正以色列也灭不了伊朗。输了也就是没面子。扩张出去的势力缩回来。想当中东大哥是没希望了。但以后如果又发展起来。还是可以争中东大哥的位置的,2025-06-17 13:28:00,0,15
BV1aLNBzsE9c,2025-06-17 11:16:00,-1444802223,-1440027391,3493140822494166,一叶知秋lv,1,回复 @几多仇 :没有啥无所谓 就是看以色列不爽，以色列在加沙的作为,2025-06-17 14:16:00,0,14
BV1aLNBzsE9c,2025-06-17 11:16:00,-1440027391,-361564208,6167002,无奈少男,28,回复 @一叶知秋lv :我也不爽，但是没办法的啊，中东国家没一个敢打！胡塞和朗子又太远,2025-06-17 19:01:00,0,1
BV1aLNBzsE9c,2025-06-17 11:16:00,-1456247311,-1442188655,14392382,书语江湖,319,只要不是出动陆军进行地面战那就无所谓，再怎么打也不会损失领土。,2025-06-17 13:54:00,0,12
BV1aLNBzsE9c,2025-06-17 11:16:00,-1456247311,-1433376399,37998352,FXXK135,49,伊朗不会输的，放心[笑哭],2025-06-17 15:24:00,0,5
BV1aLNBzsE9c,2025-06-17 11:16:00,-1456247311,-372773888,232013543,空谷如渊默,188,伊朗背后必有高人指点。已知，印巴冲突，兔子运20都空降巴基斯坦，问，巴基斯坦会不会支援一下伊朗，运20会以何种情况出现。,2025-06-17 15:44:00,0,7
BV1aLNBzsE9c,2025-06-17 11:16:00,-372773888,-479408,27810137,小七的舅舅Joe,20,回复 @空谷如渊默 :伊朗在兔子心中没有巴基斯坦那么重要 印巴冲突发生在亚洲 亚洲归兔子管 兔子要印度别跳 他非要跳 那就只能给他涨涨记性 中东目前兔子手摸不到,2025-06-21 13:03:00,0,0
BV1aLNBzsE9c,2025-06-17 11:16:00,-479408,13405120,86183335,炫烨子,28,回复 @小七的舅舅Joe :主要他不坚定，不站队啊,2025-06-21 15:15:00,0,0
BV1aLNBzsE9c,2025-06-17 11:16:00,13405120,30545568,27810137,小七的舅舅Joe,20,回复 @炫烨子 :是的 他如果可以坚定站队 那还是有很大的利用价值 但是在被西方封锁多年 并且兔子还在给你买石油的前提下 不值得,2025-06-21 19:52:00,0,0
BV1aLNBzsE9c,2025-06-17 11:16:00,-1456247311,-1051843295,14593392,啾啾的来了,37,只要能恶心以色列跟老美就行了,2025-06-21 15:23:00,0,0
