﻿视频BV号,视频发布日期,上级评论ID,评论ID,用户ID,用户名,用户粉丝数,评论内容,评论时间,回复数,点赞数
BV1AMNxzrEbo,2025-06-19 06:37:00,0,-230880992,483038431,异遇联合,24,感觉这种极限施压对伊朗只会起到反效果吧，外部极限压力反而在某种意义上能促使国内更加团结？[笑哭],2025-06-19 07:08:00,13,12
BV1AMNxzrEbo,2025-06-19 06:37:00,-230880992,-230022224,8375804,白钰袖_秦蒹葭,45,不好说，如果是胡塞的话我肯定百分之百相信,2025-06-19 07:21:00,0,6
BV1AMNxzrEbo,2025-06-19 06:37:00,-230022224,-218867152,483038431,异遇联合,24,回复 @白钰袖_秦蒹葭 :不过西方真的要抹掉伊朗的话，我觉得伊朗这一锅粥是能统一出来大致的一种口味的[笑哭],2025-06-19 09:53:00,0,0
BV1AMNxzrEbo,2025-06-19 06:37:00,-230880992,-1287567839,275690078,w不知是誰w,57,这就是为啥他们不敢暗杀哈梅内伊，暗杀哈梅内伊会引起伊朗的鱼死网破,2025-06-19 07:55:00,0,1
