﻿视频BV号,视频发布日期,上级评论ID,评论ID,用户ID,用户名,用户粉丝数,评论内容,评论时间,回复数,点赞数
BV1a7MSzYE8h,2025-06-14 14:49:00,0,-656911392,431447926,刘亦菲配不上我,2,近几十年只有那么几个国家没有吃到中国崛起的红利，大鹅和波斯猫恰好就在其中，是有点智慧在身上的[doge_金箍],2025-06-14 17:30:00,9,191
BV1a7MSzYE8h,2025-06-14 14:49:00,-656911392,-653424416,40584016,原堡,28,大鹅是对我们存着警惕，不太敢经济依赖我们太深，当然，现在是没得选了[doge]而伊朗，是纯菜,2025-06-14 18:48:00,0,76
BV1a7MSzYE8h,2025-06-14 14:49:00,-653424416,-1701825023,34218462,林北170,18,回复 @原堡 :不是纯菜  是纯傻  啵 和 没血性 再菜也能看清楚世界的变化,2025-06-14 20:41:00,0,44
BV1a7MSzYE8h,2025-06-14 14:49:00,-1701825023,-646176640,90427308,暴走那兔,13,回复 @林北170 :小族治大族，波斯人根本不听阿塞拜疆教士集团的话。,2025-06-14 23:48:00,0,2
BV1a7MSzYE8h,2025-06-14 14:49:00,-1701825023,-616613840,40584016,原堡,28,回复 @林北170 :傻跟菜没有本质区别,2025-06-15 05:47:00,0,0
BV1a7MSzYE8h,2025-06-14 14:49:00,-656911392,-1700503039,431939793,冰羽_魄,27,中国崛起其实吃了大鹅极小的红利，只是大鹅在防备我们没吃到多少反哺罢了。波斯猫那是脑子想吃但身体大多因为过敏排异没办法[喜极而泣][喜极而泣][喜极而泣],2025-06-14 21:54:00,0,15
BV1a7MSzYE8h,2025-06-14 14:49:00,-1700503039,-646252176,65852707,htik0425,23,回复 @冰羽_魄 :吃了不少红利的。前期的工业建设从农业国火速变成工业国，中期苏攻美守标注化技术和二十多年的合作，苏联解体第一时间美国是想搞我们的。因为有这么多年的合作基础加911（现在还存疑是不是美国自导自演的）先控制中东石油去了。后期苏联解体我们也拿了一波先进技术还吃了一波俄罗斯科学家，现在国内也有不少只不过不宣传而已,2025-06-14 23:46:00,0,3
BV1a7MSzYE8h,2025-06-14 14:49:00,-646252176,-1668429775,1528868,屠夫TX,3258,回复 @htik0425 : [doge]阿苏只有解体的时候才能爆金币啊,2025-06-15 05:51:00,0,0
BV1a7MSzYE8h,2025-06-14 14:49:00,-1700503039,-530895712,26393832,心自在阿喵,7,回复 @冰羽_魄 :说实话，要没有中国供应  俄乌战争能打吗？,2025-06-16 03:38:00,0,0
BV1a7MSzYE8h,2025-06-14 14:49:00,-530895712,-1430057471,431939793,冰羽_魄,27,回复 @心自在阿喵 :相辅相成的，因为俄乌打起来了，导致一大半俄罗斯的街溜子被抓去当兵顶前线了，治安得到改善，这导致俄罗斯人能放心买我们的商品了。而因为我们的商品顶上去了，俄罗斯才能在俄乌战争坚持住。,2025-06-17 16:02:00,0,0
