﻿视频BV号,视频发布日期,上级评论ID,评论ID,用户ID,用户名,用户粉丝数,评论内容,评论时间,回复数,点赞数
BV1AfKwzVEga,2025-06-20 09:48:00,0,-122817584,3493120987630132,灰色铝合金,15,是真实视频图片还是ai呢？自从有了ai.，真是让人头疼，信息都真假难辨了[笑哭],2025-06-20 10:17:00,12,7
BV1AfKwzVEga,2025-06-20 09:48:00,-122817584,-1182241231,265928059,Sike_B,39,"有真有假呗。
你甚至可以做一些特别严重，并且一眼假的。来自黑。
然后别人一辟谣。这样那些真实的，但是不严重了，就容易被忽略。
别人一看，真实情况也没有那么严重，那就还好。
如果我是俄罗斯，我就用ai把乌克兰做的面目全非。然后全世界都骂我。自然就会有人出来辟谣。
他们一边辟，我一边炸。
这个时候的舆论，对我来说，就没有那么坏了。
置之死地而后生。先把自己的名声搞得臭得不能再臭。然后他们发现真实情况也没那么坏。他们自然就会觉得我也没那么臭。",2025-06-20 10:46:00,0,3
BV1AfKwzVEga,2025-06-20 09:48:00,-1182241231,-1180291807,610924374,学你套路,32,回复 @Sike_B :这个和开窗户一个道理啊，还有点脱敏测试,2025-06-20 11:04:00,0,0
BV1AfKwzVEga,2025-06-20 09:48:00,-1182241231,-1156855695,436193975,吴大钊的核雕,1136,回复 @Sike_B :脑回路清奇,2025-06-20 14:57:00,0,0
BV1AfKwzVEga,2025-06-20 09:48:00,-1156855695,-1138403839,265928059,Sike_B,39,"回复 @吴大钊的核雕 :这个其实到处都是吧！
比如那英，她去贬低别人。
网友就觉得她这人坏。
然后她老师说，我这个学生就是个狗脑子。
网友一看她老师都这么说了。就会觉得她笨，而不是坏。。她应该就是心直口快。不会说话。
通过贬低自己人，自黑，来让舆论转向。
她自己人都说她是狗了，网友还能说什么？
战争也是这样，反正都先动手了，怎么都不站理，怎么都会被批评。
我就故意散播虚假信息，让你批评。让你去寻找真像。让你来帮我洗白。",2025-06-20 20:17:00,0,0
BV1AfKwzVEga,2025-06-20 09:48:00,-1156855695,-1138207887,265928059,Sike_B,39,"回复 @吴大钊的核雕 :生活中也到处都是，比如男性之间发成了冲突。
明事理的女人，就会批评自家男人。
说我家男人怎么怎么滴。这不好，那不好。
别人就会觉得。既然他老婆都这么说了，我也不是不能体谅。
矛盾不就化解了么！",2025-06-20 20:22:00,0,0
BV1AfKwzVEga,2025-06-20 09:48:00,-122817584,-108799584,3494357640415533,强子刚来啊,83,真要炸那些建筑，导弹可以做到，就看炸不炸,2025-06-20 12:34:00,0,0
BV1AfKwzVEga,2025-06-20 09:48:00,-122817584,-97684432,23253139,大兵的寂寞,76,有高楼大厦的都是真的，没有的还有那些导弹倾斜而下的是n年前海湾战争鹰酱轰炸巴格达的,2025-06-20 14:19:00,0,0
BV1AfKwzVEga,2025-06-20 09:48:00,-122817584,-97008240,275941931,雪海月光,157,以色列被炸的视频，都是以色列自己网友发布的，伊朗又拍不到，要是用ai发布自己挨揍的视频，那属实有病。[笑哭],2025-06-20 14:24:00,0,0
BV1AfKwzVEga,2025-06-20 09:48:00,-97008240,-1154780319,248642753,古月胡古月胡,11,回复 @钓鱼高手吕望 :我向人家描述自己打架的事件，通常都是把自己说成被害方，对方先打我，我没还手，对方打的有多厉害，我伤的多严重。实际上是我先动的手，而且自己也没吃亏,2025-06-20 15:17:00,0,0
BV1AfKwzVEga,2025-06-20 09:48:00,-1154780319,-90879136,275941931,雪海月光,157,回复 @古月胡古月胡 :不对哦！以色列官方可是严禁拍摄的，都是网民偷拍的,2025-06-20 15:23:00,0,0
BV1AfKwzVEga,2025-06-20 09:48:00,-1154780319,-90630304,275941931,雪海月光,157,回复 @古月胡古月胡 :以色列周围都是敌人，编自己挨揍的视频，那就真的要挨揍。,2025-06-20 15:26:00,0,0
BV1AfKwzVEga,2025-06-20 09:48:00,-122817584,-91620592,411647803,洋葱乖,7,嘬嘬嘬嘬嘬嘬,2025-06-20 15:16:00,0,0
