﻿视频BV号,视频发布日期,上级评论ID,评论ID,用户ID,用户名,用户粉丝数,评论内容,评论时间,回复数,点赞数
BV1ahNvzmEoz,2025-06-17 10:00:00,0,-346321264,28213934,木瓜不太瓜,101,不能这么算命中率啊，45枚被挡住一半，是因为它的防御能力只能挡住那二十多枚[笑哭]真齐射2000发配合无人机消耗防空的话，在防空力量不变的情况下顶多跟前面一样防住二十几枚。但是可能会加强防空力量，但在对面无人机的加持下肯定也防不住一半，破百都是极限。不过我觉得，伊朗也就是口嗨。怎么可能齐射2000发导弹，顶多百八十的射。持续输出个几个月总量2000发。,2025-06-18 02:24:00,8,51
BV1ahNvzmEoz,2025-06-17 10:00:00,-346321264,-343703968,590512814,演化无方向,3,UP，数学有问题。哈哈。,2025-06-18 03:00:00,0,2
BV1ahNvzmEoz,2025-06-17 10:00:00,-346321264,-343272224,21074524,无可阻挡的胥大侠,23,虽然主观上我也觉得伊朗是口嗨，但依然希望恨铁成钢[笑哭]，,2025-06-18 03:06:00,0,4
BV1ahNvzmEoz,2025-06-17 10:00:00,-343272224,-1395752559,261085162,Nco_coN,42,回复 @无可阻挡的胥大侠 :伊朗早出手也不会苦了巴勒斯坦了,2025-06-18 04:27:00,0,2
BV1ahNvzmEoz,2025-06-17 10:00:00,-1395752559,-332579104,149389715,皮丶两个世界,52,回复 @Nco_coN : 叙都不会有政权的更迭。。。只能说伊有今天的结果，是他自己的问题。。,2025-06-18 05:06:00,0,0
BV1ahNvzmEoz,2025-06-17 10:00:00,-332579104,-1391648063,261085162,Nco_coN,42,回复 @皮丶两个世界 :是伊国内把老美想的太好了  认为投靠老美能有更好的发展,2025-06-18 05:08:00,0,0
BV1ahNvzmEoz,2025-06-17 10:00:00,-346321264,-1396268207,1445262980,梦想成为糕点师,15,发射2000颗又不可能同时发射,2025-06-18 04:21:00,0,1
BV1ahNvzmEoz,2025-06-17 10:00:00,-1396268207,-336787008,28213934,木瓜不太瓜,101,回复 @梦想成为糕点师 :我说的也是不可能同时发，但是人家伊朗自己说的要齐射2000发。,2025-06-18 04:23:00,0,0
BV1ahNvzmEoz,2025-06-17 10:00:00,-346321264,-334733616,400884446,太湖西线,6,是的，防空系统，主要由雷达、发射单元、火力控制模块、指挥中枢等构成。是有火力通道和发射瓶颈的。理论上能侦测到100个目标，只能跟踪30个，再打击20个，命中10个。所以饱和攻击，是要有绝对量加持才有效果。,2025-06-18 04:44:00,0,1
