﻿视频BV号,视频发布日期,上级评论ID,评论ID,用户ID,用户名,用户粉丝数,评论内容,评论时间,回复数,点赞数
BV1ahNvzmEoz,2025-06-17 10:00:00,0,-401746928,1860999302,就叫这个_羡慕死你,18,我话就放这里，伊朗这个状态持续不了半个月，然后又会缩回去[吃瓜],2025-06-17 10:46:00,11,17
BV1ahNvzmEoz,2025-06-17 10:00:00,-401746928,-1459941471,1556909670,银角cheese,42,他认怂了估计就没了[doge],2025-06-17 10:46:00,0,1
BV1ahNvzmEoz,2025-06-17 10:00:00,-401746928,-400240224,8207136,童哈哈live,93,能持续半个月这个打击力度就已经很牛逼了,2025-06-17 11:01:00,0,9
BV1ahNvzmEoz,2025-06-17 10:00:00,-400240224,-1441285199,1292008043,龙腾天下之刚,1,回复 @童哈哈live :回复 @童哈哈live :正常，以色列也没有硬半个月的能力,2025-06-17 14:04:00,0,6
BV1ahNvzmEoz,2025-06-17 10:00:00,-401746928,-399753104,1044155042,大饼拌饭,1,虽然我并不喜欢伊朗的现政权，但我又好怕伊朗很快被以色列打趴下,2025-06-17 11:06:00,0,1
BV1ahNvzmEoz,2025-06-17 10:00:00,-399753104,-333557200,355191700,凭栏似忆,0,回复 @大饼拌饭 :现在这个政权挺好的，最能和以色列有来有回来拖着消耗美国了,2025-06-18 04:55:00,0,0
BV1ahNvzmEoz,2025-06-17 10:00:00,-401746928,-1431698751,3546391278258524,要上了游星,35,这种强度能顶半个月已经够逆天的了,2025-06-17 15:42:00,0,3
BV1ahNvzmEoz,2025-06-17 10:00:00,-401746928,-370827952,3287507,前方不是高能,336,伊朗没有像样的空军，这些年估计搓了不少导弹，与其放弹药架被以色列点名，不如每天打个20～30发，消耗一下以前的老库存，以后还能搓新型号的。,2025-06-17 16:05:00,0,3
BV1ahNvzmEoz,2025-06-17 10:00:00,-401746928,-1423181183,127709785,坚果Cc,25,它有接这种强度导弹半个月的能力？[吃瓜],2025-06-17 17:53:00,0,0
BV1ahNvzmEoz,2025-06-17 10:00:00,-401746928,-361639696,43945201,曾经我叫孙日天丶,0,那还要怎么样，最后还要谈，还真灭国啊，那理可就不在伊朗了，联合国大会上所有国家都不可能让以色列灭国的。咱们希望他们全死去，但现实不可能出现这个情况，伊朗现在就是给谈判加筹码,2025-06-17 19:00:00,0,0
BV1ahNvzmEoz,2025-06-17 10:00:00,-401746928,-359344032,5946121,虾饺的逆袭,156,一周都悬,2025-06-17 20:59:00,0,0
BV1ahNvzmEoz,2025-06-17 10:00:00,-401746928,-1393641727,25156054,kalikia,19,以色列不知道能不能坚持半个月,2025-06-18 04:48:00,0,0
