﻿视频BV号,视频发布日期,上级评论ID,评论ID,用户ID,用户名,用户粉丝数,评论内容,评论时间,回复数,点赞数
BV1ajMmz4Egg,2025-06-14 09:54:00,0,-1732664175,484399655,九铭-玩摄影,3158,我怎么就怀疑，他们那个教主头子，就是又大的卧底,2025-06-14 13:01:00,8,31
BV1ajMmz4Egg,2025-06-14 09:54:00,-1732664175,-1732143631,392248699,HELLO_兔子,65,"是足够废物，所以留着，它活着就能任意实为，

因为这比没屁用，只会不停退让摁住强硬派。

它要是死了，万一强硬派嗯不住了咋办",2025-06-14 13:07:00,0,32
BV1ajMmz4Egg,2025-06-14 09:54:00,-1732143631,-677738624,382794510,以猛为犸-不负勺华,6,回复 @HELLO_兔子 :有种列强留着慈禧给满清续命的即视感[doge_金箍],2025-06-14 13:43:00,0,42
BV1ajMmz4Egg,2025-06-14 09:54:00,-677738624,-1725292367,392248699,HELLO_兔子,65,回复 @以猛为犸-不负勺华 :正是如此[喜极而泣],2025-06-14 14:13:00,0,5
BV1ajMmz4Egg,2025-06-14 09:54:00,-1732664175,-1719717551,3546911306943366,河南人杨树,0,只能怀疑哈梅内伊了，总统莱西死了，间谍查出来没有。,2025-06-14 15:06:00,0,9
BV1ajMmz4Egg,2025-06-14 09:54:00,-1732664175,-668048208,3493137259432602,将公,45,哈梅内伊本来就是温和派,2025-06-14 15:14:00,0,2
BV1ajMmz4Egg,2025-06-14 09:54:00,-1732664175,-1707175871,35063699,太汪虚汪妖龙元,12,"没必要这么怀疑，把死的人背景摊开一看全是哈梅内伊的军队嫡系，之前死的甚至还是哈梅内伊的派系继任者。

哈梅内伊就算想转向亲美也不可能做出拱手让军权这种被精控的操作。

基本就是内部的公知成了气候已经尾大不掉了，两孩子都是美籍的人都能顶着法条坐上副总统，执政机构内部怕是已经公知横行了[笑哭]",2025-06-14 17:50:00,0,23
BV1ajMmz4Egg,2025-06-14 09:54:00,-1732664175,-1704966431,65906276,谁谁家的那谁谁,35,这还需要怀疑,2025-06-14 18:37:00,0,1
BV1ajMmz4Egg,2025-06-14 09:54:00,-1732664175,-598779008,431466505,捡到的鸡,3,黄土都埋到脖子，搞事也搞不动了，还不如平衡下亲美反美两派，享受剩下时光[吃瓜]只要他一直是这种态度，美以父子会保佑他长命百岁,2025-06-15 09:18:00,0,1
