﻿视频BV号,视频发布日期,上级评论ID,评论ID,用户ID,用户名,用户粉丝数,评论内容,评论时间,回复数,点赞数
BV1A3Ntz7E8K,2025-06-19 09:46:00,0,-1267849279,1312375,呵呵QNLMGB,114,美国要插一脚了，伊朗危险了[笑哭],2025-06-19 11:52:00,8,0
BV1A3Ntz7E8K,2025-06-19 09:46:00,-1267849279,-205020976,360670717,明武君,5,难道美国还能灭国啊，现在打个也门都吃力了,2025-06-19 12:20:00,0,9
BV1A3Ntz7E8K,2025-06-19 09:46:00,-1267849279,-204346832,289612232,新生阿宕,22,现在的美国没有你想象的强大了，乌克兰和以色列都需要援助，库存不多了,2025-06-19 12:26:00,0,4
BV1A3Ntz7E8K,2025-06-19 09:46:00,-1267849279,-204177056,22831429,群鸦雀无声,35,啥呀 老美还要观望  懂王愁死了 这一步太危险了,2025-06-19 12:27:00,0,4
BV1A3Ntz7E8K,2025-06-19 09:46:00,-1267849279,-203481760,15523113,CCGHCR,4,老美在跟胡赛互殴呢，还敢动伊朗？,2025-06-19 12:35:00,0,2
BV1A3Ntz7E8K,2025-06-19 09:46:00,-1267849279,-1254618495,32064381,歌手要有唱功,11,除非他能快速产出所有抵抗派，把亲美派扶持上台，否则只能用武力打服伊朗，可两个我感觉他都做不到，二十年前或许可以，现在肯定不行了,2025-06-19 14:18:00,0,0
BV1A3Ntz7E8K,2025-06-19 09:46:00,-1267849279,-192343088,9846416,景元元YYDS,25,"危险不了，捡便宜还行，自己上派谁去？
这可是要吃导弹的。",2025-06-19 14:36:00,0,0
BV1A3Ntz7E8K,2025-06-19 09:46:00,-1267849279,-1250589823,9759450,天霆號-アーゼウス,70,那就是时隔没多少年再次进入中东大区匹配了，它这次进去再想出来就没那么容易了。,2025-06-19 15:02:00,0,0
BV1A3Ntz7E8K,2025-06-19 09:46:00,-1267849279,-1250353887,45498597,斑点月鱼,2,没钱也没能力再打一场阿富汗战争了,2025-06-19 15:05:00,0,0
