﻿视频BV号,视频发布日期,上级评论ID,评论ID,用户ID,用户名,用户粉丝数,评论内容,评论时间,回复数,点赞数
BV1AMNxzrEbo,2025-06-19 06:37:00,0,-1284805759,3546822844877376,BigBeeBoyy,4,伊朗兄弟遭侵害，我们不能袖手旁观，欧美霸权现在就是在逐个击破我们的联盟。应当支持维护我们的兄弟国，共同维护全球公平正义！我们正在成为世界秩序正义的主导者！！,2025-06-19 08:36:00,7,3
BV1AMNxzrEbo,2025-06-19 06:37:00,-1284805759,-1284672111,262204886,北极星DE闪耀,12,疯子[doge],2025-06-19 08:37:00,0,6
BV1AMNxzrEbo,2025-06-19 06:37:00,-1284805759,-1282814047,19565,亚亚,28,问题是 伊朗也不是我们的全天候战略伙伴啊？,2025-06-19 09:03:00,0,3
BV1AMNxzrEbo,2025-06-19 06:37:00,-1282814047,-221638912,9944546,1984wawa,6,回复 @亚亚 :对啊，他不要我们帮忙啊，要我们帮忙当年叙利亚几十亿投进去，阿萨德保得住的，伊朗和俄罗斯不让我们插手，最后意思意思投了1000万,2025-06-19 09:18:00,0,1
BV1AMNxzrEbo,2025-06-19 06:37:00,-1284805759,-214256288,888210,提里奥丶陈,39,伊朗不是我们兄弟国，你先分清楚,2025-06-19 10:41:00,0,4
BV1AMNxzrEbo,2025-06-19 06:37:00,-214256288,-212693824,260305301,QZQA11,5,回复 @提里奥丶陈 :这种号是搞舆论导向的机器人，说了也没用,2025-06-19 10:59:00,0,1
BV1AMNxzrEbo,2025-06-19 06:37:00,-214256288,-1266874143,3546822844877376,BigBeeBoyy,4,回复 @提里奥丶陈 :伊朗反霸就是我们的兄弟，敌人的敌人，就是朋友。我们外交上也给了伊朗足够的支持。更别说背地偷偷运筹帷幄的支援了。只是被欧美这些霸权国家压着不好明说罢了。现在欧美撕破脸皮，也不需要跟他们客气。,2025-06-19 12:03:00,0,0
BV1AMNxzrEbo,2025-06-19 06:37:00,-1284805759,-193949376,428058801,泽连后辈,20,脑缠数字生命,2025-06-19 14:19:00,0,1
