﻿视频BV号,视频发布日期,上级评论ID,评论ID,用户ID,用户名,用户粉丝数,评论内容,评论时间,回复数,点赞数
BV1ahKuzyERV,2025-06-24 04:48:00,0,260483856,500103928,I银色年华,1,打了这么久小以防空导弹打光了，伊朗弹道导弹也快没了， 先停一停都抓紧生产导弹。等货都备足了开下半场[呲牙][呲牙][呲牙],2025-06-24 05:26:00,17,132
BV1ahKuzyERV,2025-06-24 04:48:00,260483856,-809246703,25582652,昨天lpl夺冠了,0,?这才几发导弹，就现在的烈度能刷个一年,2025-06-24 05:44:00,0,8
BV1ahKuzyERV,2025-06-24 04:48:00,-809246703,264003632,500103928,I银色年华,1,回复 @昨天lpl夺冠了 :谁家没事备很多导弹啊，特别是液体推进的弹道导弹，维护费能吓死人！  就我们家的科技水平东风导弹一枚每年维护费都要几千万常规导弹便宜点一年几百万总要的吧 何况伊朗的水平只能更加的贵。伊朗军费才几个钱 还要支援拖鞋军兄弟，穷的都要当裤衩了，武库平时有个五六百枚已经算穷兵黩武了，算算差不多是要打光了[笑哭][笑哭][笑哭][笑哭],2025-06-24 06:11:00,0,20
BV1ahKuzyERV,2025-06-24 04:48:00,264003632,265324656,348383325,我巴巴来了,3,回复 @I银色年华 :@I银色年华 牛逼普通的几百万？国家那么多导弹，每年的费用拿来维护导弹算了,2025-06-24 06:29:00,0,8
BV1ahKuzyERV,2025-06-24 04:48:00,265324656,279550368,3493117967730829,啧啧啧我去,5,回复 @我巴巴来了 :这种张嘴就来的东西，和他说个嘚,2025-06-24 09:38:00,0,0
BV1ahKuzyERV,2025-06-24 04:48:00,265324656,281770784,3546638844955138,不知道丫不知道,19,回复 @我巴巴来了 :他胡说,2025-06-24 10:03:00,0,0
BV1ahKuzyERV,2025-06-24 04:48:00,264003632,266497456,33087046,星海序列,46,回复 @I银色年华 :一枚一年维护费几千万？你自己去查查东风导弹的预估造价ok？感情维护费比造价还高？说吧，你吃了多少回扣,2025-06-24 06:47:00,0,12
BV1ahKuzyERV,2025-06-24 04:48:00,266497456,268240704,500103928,I银色年华,1,回复 @星海序列 :你以为很便宜吗  ？87年35亿美元出口到沙特的东风3导弹和伊朗的导弹差不多吧  ，35枚卖了35亿美元 算100倍利润好了那成本也要100万美元一枚了，开玩笑那是87年的100万美元啊 这还只是中程弹道导弹 ，东风41造价每一枚在20到25亿 左右  一枚每年维护费几千万算多吗[笑哭][笑哭][笑哭],2025-06-24 07:12:00,0,5
BV1ahKuzyERV,2025-06-24 04:48:00,268240704,273962608,33087046,星海序列,46,回复 @I银色年华 :合着你就认东风41一个型号？,2025-06-24 08:30:00,0,0
BV1ahKuzyERV,2025-06-24 04:48:00,268240704,276585520,33087046,星海序列,46,回复 @I银色年华 :东风41是打洲际核弹头的，属于战略威慑型武器，不需要在意成本。至于其他实战消耗型导弹，成本很低的,2025-06-24 09:06:00,0,7
BV1ahKuzyERV,2025-06-24 04:48:00,268240704,279723216,3493117967730829,啧啧啧我去,5,回复 @I银色年华 :[笑哭]咱军费啥也不干，尽拿去维护了呗,2025-06-24 09:40:00,0,1
BV1ahKuzyERV,2025-06-24 04:48:00,268240704,279849808,3461578630368045,浪浪山乌鸦哥,7,回复 @I银色年华 : 张口就吹。。。,2025-06-24 09:42:00,0,1
BV1ahKuzyERV,2025-06-24 04:48:00,268240704,-790719439,3546575380941589,南瓜炒田螺,1,回复 @I银色年华 : 不是哥们，洲际导弹和常规超音速亚音速的巡航导弹就不是一个东西啊。,2025-06-24 09:56:00,0,0
BV1ahKuzyERV,2025-06-24 04:48:00,264003632,277492224,15468199,我也有一个朋友,59,回复 @I银色年华 :你是史密斯专员？[滑稽],2025-06-24 09:15:00,0,0
BV1ahKuzyERV,2025-06-24 04:48:00,264003632,282288448,107652207,熙丿逝雨,4,回复 @I银色年华 :别把老美国情套我们身上[doge][doge],2025-06-24 10:07:00,0,0
BV1ahKuzyERV,2025-06-24 04:48:00,260483856,266522336,454492108,直播放映机,264,之前预估伊朗是有3000枚导弹的,2025-06-24 06:46:00,0,2
BV1ahKuzyERV,2025-06-24 04:48:00,266522336,267443840,360606809,永夜极芒,83,回复 @直播放映机 :你看错了，是2000枚,2025-06-24 06:58:00,0,0
BV1ahKuzyERV,2025-06-24 04:48:00,267443840,278305472,454492108,直播放映机,264,回复 @永夜极芒 :那都是一两年前的消息了，这一两年随便都把库存补到3000了。,2025-06-24 09:24:00,0,1
