﻿视频BV号,视频发布日期,上级评论ID,评论ID,用户ID,用户名,用户粉丝数,评论内容,评论时间,回复数,点赞数
BV1aANRzqE5d,2025-06-22 10:19:00,0,-890827423,30472195,龙之夏鸣呦,92,"感觉好魔幻。有些国家天上掉导弹，有些国家人民安居乐业。前几天去地中海旅行，可以说是一点影响都没有，明明离中东也就几百公里？
想和朋友聊一聊，惊讶他们有的人居然连“加沙”“巴以”“俄乌”这种词都没听说过
如果说这是信息茧房，那还真是对国际形势冷漠到了极点。
当然这是没有对错，有些人可能就是不关注，就算像我这样关注，也不会对这种国际事情有任何影响
所以觉得真的魔幻，。，，也许有一天导弹掉到我们脑袋上，才会有人意识到战争的可怕
但生活确实没受影响，该工作的工作，该学习的学习，该旅游的旅游
到底应不应该关注国际形势，担忧完全是无意义的吗？
最近我是真的不知道该怎么面对这些新闻了",2025-06-23 08:42:00,21,146
BV1aANRzqE5d,2025-06-22 10:19:00,-890827423,179866976,3546843424229703,大王up主,15,你在用三年级的思维看世界当然是这样的了。成年人的世界里面可没有岁月静好,2025-06-23 09:06:00,0,16
BV1aANRzqE5d,2025-06-22 10:19:00,-890827423,180528592,241312814,有梦想的鱼吖,2,看新闻是娱乐方式的一种，对普通人而言知道与不知道都改变不了什么，真有仗打到自己家的时候也不至于不看新闻不知道，所以没有什么应该与不应该，只有愿意与不愿意,2025-06-23 09:12:00,0,18
BV1aANRzqE5d,2025-06-22 10:19:00,180528592,218532048,3546843424229703,大王up主,15,回复 @有梦想的鱼吖 :你这话就是前后矛盾。,2025-06-23 15:44:00,0,0
BV1aANRzqE5d,2025-06-22 10:19:00,218532048,248810752,241312814,有梦想的鱼吖,2,回复 @大王up主 :矛盾在哪里，请指出来,2025-06-24 03:27:00,0,0
BV1aANRzqE5d,2025-06-22 10:19:00,-890827423,182085200,240413620,或者不在意,75,世界不会因你而改变,2025-06-23 09:33:00,0,1
BV1aANRzqE5d,2025-06-22 10:19:00,-890827423,184802288,3493275478526413,,2,只要没危及自身性命，一切都不重要,2025-06-23 10:01:00,0,0
BV1aANRzqE5d,2025-06-22 10:19:00,-890827423,186692672,432317442,酷潇潇,2,不做理财或者贸易，很少人长期关注吧，还有些人关注仅仅是拓展见识思维格局，大多数人埋头生活罢了。,2025-06-23 10:21:00,0,1
BV1aANRzqE5d,2025-06-22 10:19:00,186692672,187141296,432317442,酷潇潇,2,回复 @酷潇潇 : 挂出去看个5年+的老挂壁，可以分拣信息洗礼的，才算是身经百战的观察。跳脱信息茧房哪怕是理中客都是很难的。,2025-06-23 10:25:00,0,0
BV1aANRzqE5d,2025-06-22 10:19:00,-890827423,-881584863,11267788,Sword_owo,15,关不关注国际新闻是你的事，如果别人没有表现出对国际形势的关心就不要和别人谈论这个话题。国际形势和绝大多数人没有关系，他们也并不关心，聊这个除了把话聊死以外没一点作用,2025-06-23 10:31:00,0,5
BV1aANRzqE5d,2025-06-22 10:19:00,-881584863,191063328,331337432,镜水流深沧笙踏歌,3,回复 @Sword_owo :这类人最重要的其实就是通过观看什么国际新闻，形式来满足自己的优越感。感觉自己关心好多，了解好多。也就出现像这个人发些我病犹怜的感悟,2025-06-23 11:05:00,0,1
BV1aANRzqE5d,2025-06-22 10:19:00,191063328,-831506799,526202464,叶落惊风散,13,回复 @镜水流深沧笙踏歌 :你又懂了[笑哭][笑哭]有人就是喜欢了解国际形势、各国形象怎么说，优越感还扯出来了,2025-06-24 01:01:00,0,2
BV1aANRzqE5d,2025-06-22 10:19:00,-890827423,194687584,163170546,你皇帝啊,32,要是外国人有我们中国人民一半喜欢谈政治，早就又一次十月革命了,2025-06-23 11:40:00,0,3
BV1aANRzqE5d,2025-06-22 10:19:00,194687584,-869226159,370101298,让回忆随风而逝,1,回复 @你皇帝啊 :人口太多。是时候减减负担[嗑瓜子],2025-06-23 12:38:00,0,0
BV1aANRzqE5d,2025-06-22 10:19:00,-890827423,-865297311,455876062,大象森森,26,看就看了，玩就玩了，过了就过了[笑哭],2025-06-23 13:19:00,0,0
BV1aANRzqE5d,2025-06-22 10:19:00,-890827423,-858203407,38348091,龙坦之主艾默丝,34,本来我想说躺着看，但看你ip，我只能祝你平安。[doge],2025-06-23 14:32:00,0,0
BV1aANRzqE5d,2025-06-22 10:19:00,-890827423,-851363791,6045658,我来人间凑个数w,9,你喜欢看就看 想聊就聊 普通人左右不了一丁点的局势 是福不是祸，是祸躲不过,2025-06-23 15:46:00,0,0
BV1aANRzqE5d,2025-06-22 10:19:00,-890827423,-845611263,33900499,虚彩梦,16,[嗑瓜子]如果不是利益相关 最好别关注国际局势 把重点放自己生活上比较好,2025-06-23 17:04:00,0,0
BV1aANRzqE5d,2025-06-22 10:19:00,-845611263,-844736895,3537110621489663,反咬一口你最行,13,回复 @虚彩梦 :所以天天刷b站能让生活更好吗？都上b站了还扯这些不是搞笑么,2025-06-23 17:19:00,0,1
BV1aANRzqE5d,2025-06-22 10:19:00,-890827423,-842329679,28878378,飞飞飞飞航,50,有祖国你怕什么，该吃吃，该喝喝全世界目前就我们最安全，别担心那些看看就行了,2025-06-23 18:11:00,0,0
BV1aANRzqE5d,2025-06-22 10:19:00,-890827423,235061488,3119025,开花的moummm,43,时刻准备保卫祖国，认定这一点就没有啥能动摇的了[doge_金箍]外面的都当是乐子看,2025-06-23 23:32:00,0,0
BV1aANRzqE5d,2025-06-22 10:19:00,-890827423,238920496,3546912961595836,鸡神2代,0,这些新闻对我的影响就是接下来是投资黄金还是股票的区别，另外就是一旦真的开战了，我知道我为何而战。如果你不看，那你就是糊里糊涂的上战场。,2025-06-24 00:55:00,0,0
