﻿视频BV号,视频发布日期,上级评论ID,评论ID,用户ID,用户名,用户粉丝数,评论内容,评论时间,回复数,点赞数
BV1AfKwzVEga,2025-06-20 09:48:00,0,14373600,58968683,游子望故乡,98,我不了解世界局势   我只希望正义战胜邪恶,2025-06-21 15:24:00,8,24
BV1AfKwzVEga,2025-06-20 09:48:00,14373600,75197216,3546383380384248,coutSEX,1,世界只有强吞弱，哪有正义，中国现在是强大了，原来好惨嘞,2025-06-22 07:40:00,0,7
BV1AfKwzVEga,2025-06-20 09:48:00,14373600,-977016639,488285481,森之丶,58,没有非黑即白,2025-06-22 10:28:00,0,1
BV1AfKwzVEga,2025-06-20 09:48:00,14373600,100962160,1551824222,猫大人呀丶,34,没什么正义之说。这么说吧，伊朗输了，中东被老美控制，我们石油能源就被控制，巴基斯坦瓜达尔港岌岌可危，老美所有航母剑指西太平洋，台湾就会更有底气，马六甲海峡被遏制。这么多重因素咱们也会让伊朗赢,2025-06-22 12:16:00,0,1
BV1AfKwzVEga,2025-06-20 09:48:00,14373600,-958990911,541526394,易安節,117,正义是由胜利者书写的,2025-06-22 13:32:00,0,1
BV1AfKwzVEga,2025-06-20 09:48:00,14373600,114462224,23364520,墨染丹青韵,96,那有什么正义。。应该说对我们有利的才对,2025-06-22 14:32:00,0,0
BV1AfKwzVEga,2025-06-20 09:48:00,14373600,-951926319,1032704697,128双联装四运,48,“世界不是非黑即白的”这句话也带点二极管,2025-06-22 14:43:00,0,0
BV1AfKwzVEga,2025-06-20 09:48:00,14373600,-949417935,453774687,额额额v他,7,我不了解认证也和我没关系。又不是我们国家，又没危及到我们。我那么关心干嘛,2025-06-22 15:09:00,0,0
BV1AfKwzVEga,2025-06-20 09:48:00,14373600,-946019983,1292844686,桦叶__,13,没有真正意义上的正义,2025-06-22 15:44:00,0,0
