﻿视频BV号,视频发布日期,上级评论ID,评论ID,用户ID,用户名,用户粉丝数,评论内容,评论时间,回复数,点赞数
BV1ahNvzmEoz,2025-06-17 10:00:00,0,-1462633599,88821090,丁一熊,15,升旗党直接破防。[吃瓜][呲牙],2025-06-17 10:19:00,14,19
BV1ahNvzmEoz,2025-06-17 10:00:00,-1462633599,-404181680,385424820,卡瓦哈尔滨,293,[doge]我是升旗党啊 但我依然既夸伊朗打的好又笑话伊朗菜 这不冲天[doge],2025-06-17 10:20:00,0,16
BV1ahNvzmEoz,2025-06-17 10:00:00,-404181680,-403029856,686546742,墨妍之潮,1,回复 @卡瓦哈尔滨 :打脸就完事了,2025-06-17 10:33:00,0,1
BV1ahNvzmEoz,2025-06-17 10:00:00,-403029856,-402769488,385424820,卡瓦哈尔滨,293,回复 @墨妍之潮 :不会的，笑话伊朗跟夸赞伊朗不冲突,2025-06-17 10:34:00,0,1
BV1ahNvzmEoz,2025-06-17 10:00:00,-404181680,-1439674975,1130312757,不敢苟同啊,12,回复 @卡瓦哈尔滨 :简称人格分裂[doge],2025-06-17 14:20:00,0,1
BV1ahNvzmEoz,2025-06-17 10:00:00,-1439674975,-366151152,385424820,卡瓦哈尔滨,293,回复 @不敢苟同啊 :[doge]打的好该说好说好，打得不好该笑就笑，又不是我们打,2025-06-17 17:14:00,0,0
BV1ahNvzmEoz,2025-06-17 10:00:00,-1462633599,-1462099935,8160583,PoPo凤梨,13,伊朗就是彩啊，高层低龄化靠对手实现,2025-06-17 10:24:00,0,10
BV1ahNvzmEoz,2025-06-17 10:00:00,-1462633599,-403712848,36992836,终局圣劍,12,有没有可能，一些升旗党是之前希望伊朗硬气一点，但每次都是升旗打嘴炮才嘲讽的？现在伊朗终于硬了你认为他们会破防？,2025-06-17 10:25:00,0,9
BV1ahNvzmEoz,2025-06-17 10:00:00,-403712848,-1461595599,3546681637342154,呆呆摸鱼鱼,0,回复 @终局圣劍 :楼下就有位老哥，郎子真反击了又开始嘲讽上了，你可以和他沟通一下[笑哭]，反正人家总是能找到话题,2025-06-17 10:30:00,0,3
BV1ahNvzmEoz,2025-06-17 10:00:00,-1462633599,-403660160,1968939839,Dr_Esdella,45,哥们，升旗党是友军[辣眼睛],2025-06-17 10:27:00,0,3
BV1ahNvzmEoz,2025-06-17 10:00:00,-1462633599,-1461827071,577853155,煌煌中的尘埃,16,哪怕成小丑，也要说一声，伊朗打的好。,2025-06-17 10:27:00,0,2
BV1ahNvzmEoz,2025-06-17 10:00:00,-1462633599,-1461645663,577853155,煌煌中的尘埃,16,就怕他们一天天就知道升旗，然后啥事也不干。,2025-06-17 10:28:00,0,3
BV1ahNvzmEoz,2025-06-17 10:00:00,-1462633599,-1460674255,241694652,alxmos,4,伊朗报复得越狠升旗党越开心[呲牙],2025-06-17 10:38:00,0,0
BV1ahNvzmEoz,2025-06-17 10:00:00,-1462633599,-1425766447,277023086,咕嘚喵柠,8,都到这种地步了，为啥破防,2025-06-17 17:03:00,0,0
BV1ahNvzmEoz,2025-06-17 10:00:00,-1425766447,-366071760,385424820,卡瓦哈尔滨,293,回复 @咕嘚喵柠 :[doge]都看乐子了,2025-06-17 17:14:00,0,0
