﻿视频BV号,视频发布日期,上级评论ID,评论ID,用户ID,用户名,用户粉丝数,评论内容,评论时间,回复数,点赞数
BV1aANRzqE5d,2025-06-22 10:19:00,0,-931303199,30021065,明晴缓缓,54,所以网上贾诩们出的主意，朗子听进去了？,2025-06-22 22:09:00,8,4
BV1aANRzqE5d,2025-06-22 10:19:00,-931303199,-931295519,9191665,丶火锅,41,什么主意？,2025-06-22 22:10:00,0,0
BV1aANRzqE5d,2025-06-22 10:19:00,-931295519,-924903375,6852783,香蕉鱼的海边和黑虹,13,回复 @丶火锅 :不打正面，干市区，干金融中心，干电厂水厂,2025-06-23 01:07:00,0,3
BV1aANRzqE5d,2025-06-22 10:19:00,-931295519,148047616,331074928,股道热肠的小火车,87,回复 @丶火锅 :海水净化设施里倒猪血，倒避孕药。[滑稽],2025-06-23 02:21:00,0,1
BV1aANRzqE5d,2025-06-22 10:19:00,-931295519,-911459711,81477465,德丽莎嘿嘿嘿嘿,10,回复 @丶火锅 :不着急估计军用设施，先炸富人区，让资本逃离。,2025-06-23 04:14:00,0,0
BV1aANRzqE5d,2025-06-22 10:19:00,-931303199,136784016,85367939,新千年的绿叶,15,不得不说贾诩的计谋是真的毒，往往都是对着要害去的！[笑哭],2025-06-22 22:11:00,0,0
BV1aANRzqE5d,2025-06-22 10:19:00,-931303199,138020960,366302504,魔界人同化,6,没战略纵深是这样的,2025-06-22 23:04:00,0,1
BV1aANRzqE5d,2025-06-22 10:19:00,-931303199,150354112,1760888401,冷言冰语喜伤人,7,怎么可能，网友自嗨而已，谁家会听你网友的话，人家没参谋部啊,2025-06-23 02:54:00,0,0
BV1aANRzqE5d,2025-06-22 10:19:00,-931303199,204448464,359965829,我只是一个路过的嘤雄,11,听个乐就行了，网友都能想到的事情，????的政府高层怎么可能想不到,2025-06-23 13:19:00,0,0
