﻿视频BV号,视频发布日期,上级评论ID,评论ID,用户ID,用户名,用户粉丝数,评论内容,评论时间,回复数,点赞数
BV1ajMmz4Egg,2025-06-14 09:54:00,0,-1740186159,9271982,星之所在-金之章,36,我现在怀疑是哈梅内伊才内鬼，好几次都是他没有事情，下面倒大霉[笑哭],2025-06-14 11:43:00,8,45
BV1ajMmz4Egg,2025-06-14 09:54:00,-1740186159,-1734170447,33969574,一耳机一手机,8,哈梅内伊搁伊朗属于是精神领袖加宗教领袖。以色列轻易不敢炸他的。,2025-06-14 12:45:00,0,4
BV1ajMmz4Egg,2025-06-14 09:54:00,-1734170447,-1733694591,472416457,水从鼻孔钻出来,4,回复 @一耳机一手机 :炸了他是真要乱,2025-06-14 12:50:00,0,2
BV1ajMmz4Egg,2025-06-14 09:54:00,-1733694591,-1732241039,317981887,zippo北风,5,回复 @水从鼻孔钻出来 :一炸一个不吱声[吃瓜][吃瓜],2025-06-14 13:06:00,0,1
BV1ajMmz4Egg,2025-06-14 09:54:00,-1734170447,-679370544,3546694419482626,青山湖上风清扬,54,回复 @一耳机一手机 :以色列不敢炸？贝纳多特伯爵怎么说？,2025-06-14 13:26:00,0,6
BV1ajMmz4Egg,2025-06-14 09:54:00,-1740186159,-1731481327,392248699,HELLO_兔子,65,"其实类似晚清慈禧对列强的作用，

列强也是帮慈禧打击改革派的。",2025-06-14 13:12:00,0,27
BV1ajMmz4Egg,2025-06-14 09:54:00,-1731481327,-674958976,697313820,独上高楼骑鲸客,13,回复 @HELLO_兔子 :同意！,2025-06-14 14:08:00,0,0
BV1ajMmz4Egg,2025-06-14 09:54:00,-1731481327,-1414082623,167422293,蔷薇岛屿玻璃屋,129,回复 @HELLO_兔子 : 改革派是洋务派，就是洋人支持的[喜极而泣]事实上慈禧发动义和团屠洋和向11国宣战原因就是洋人要求慈禧归政于光绪,2025-06-18 00:02:00,0,1
BV1ajMmz4Egg,2025-06-14 09:54:00,-1740186159,-604696592,499037712,格林贝包装工,10,炸了他反而成全强硬派了,2025-06-15 08:09:00,0,2
