﻿视频BV号,视频发布日期,上级评论ID,评论ID,用户ID,用户名,用户粉丝数,评论内容,评论时间,回复数,点赞数
BV1ajMmz4Egg,2025-06-14 09:54:00,0,-1750787199,260727676,玄学钓鱼,4,旗手已经就位,2025-06-14 09:55:00,6,117
BV1ajMmz4Egg,2025-06-14 09:54:00,-1750787199,-665424928,383624521,钛星火战士Zenkiio,77,有个疑问：阿拉伯世界何时能联合起来，来一次围剿????的第六次中东战争？[doge_金箍],2025-06-14 15:42:00,0,7
BV1ajMmz4Egg,2025-06-14 09:54:00,-665424928,-662285904,65879448,请让我去学习11,146,回复 @钛星火战士Zenkiio :信教的杀信教的才是狠的[doge],2025-06-14 16:15:00,0,11
BV1ajMmz4Egg,2025-06-14 09:54:00,-662285904,-651553184,383624521,钛星火战士Zenkiio,77,回复 @请让我去学习11 :[笑哭][笑哭],2025-06-14 19:44:00,0,0
BV1ajMmz4Egg,2025-06-14 09:54:00,-665424928,-1697920687,18910954,终归山野,43,回复 @钛星火战士Zenkiio :前提是美国在中东下场，然而伊朗跪着美国就不可能下场[呆],2025-06-14 23:40:00,0,4
BV1ajMmz4Egg,2025-06-14 09:54:00,-665424928,-540597440,8816748,超凶关关喵,711,回复 @钛星火战士Zenkiio :你等他们不信那个啥了吧,2025-06-16 01:07:00,0,1
BV1ajMmz4Egg,2025-06-14 09:54:00,-1750787199,-642826016,1656666448,寒风-格兰顿等,4,是的，升白旗了,2025-06-15 00:52:00,0,0
