﻿视频BV号,视频发布日期,上级评论ID,评论ID,用户ID,用户名,用户粉丝数,评论内容,评论时间,回复数,点赞数
BV1A3Ntz7E8K,2025-06-19 09:46:00,0,-213718304,485085118,bili_82694w,0,炸建筑物有影响吗,2025-06-19 10:47:00,9,1
BV1A3Ntz7E8K,2025-06-19 09:46:00,-213718304,-211171712,675559728,猫漆,7,你以为超级计算机和服务器集群是可以放书包背走的东西吗[笑哭][笑哭][笑哭],2025-06-19 11:13:00,0,18
BV1A3Ntz7E8K,2025-06-19 09:46:00,-211171712,-209766272,291047436,非指非博,107,回复 @猫漆 :不说那些，连一个床一个衣柜都救不了。[呲牙],2025-06-19 11:28:00,0,3
BV1A3Ntz7E8K,2025-06-19 09:46:00,-211171712,-1263333583,415211791,家里蹲大学屋里学系,22,回复 @猫漆 :有些证券大厅仅仅是门面，服务器在其他地方集群，甚至是分布式集群，比如我们国内贵州那边一大堆服务器,2025-06-19 12:41:00,0,1
BV1A3Ntz7E8K,2025-06-19 09:46:00,-211171712,-1263277215,415211791,家里蹲大学屋里学系,22,回复 @猫漆 :甚至有一主一备甚至3地备份，主要就是怕一个地方发生地震团灭数据做得冗余,2025-06-19 12:42:00,0,0
BV1A3Ntz7E8K,2025-06-19 09:46:00,-211171712,-1246119951,1603812857,丶丶夏天的风,22,回复 @猫漆 :今日以色列ta35指数（相当于我们的上证50）上涨1%，看起来是没什么影响,2025-06-19 15:54:00,0,0
BV1A3Ntz7E8K,2025-06-19 09:46:00,-213718304,-1249457055,291133164,听蝉_,82,明天你还来上班吗？,2025-06-19 15:16:00,0,1
BV1A3Ntz7E8K,2025-06-19 09:46:00,-1249457055,-188306736,485085118,bili_82694w,0,回复 @听蝉_ :不上,2025-06-19 15:21:00,0,0
BV1A3Ntz7E8K,2025-06-19 09:46:00,-188306736,-1246354191,291133164,听蝉_,82,回复 @bili_82694w :这不就影响生产生活了嘛（⌒▽⌒）,2025-06-19 15:52:00,0,2
BV1A3Ntz7E8K,2025-06-19 09:46:00,-213718304,-178144736,25323611,jick罗林,15,只要炸了，至少一个星期都不能恢复工作，尤其是证券交易所这类 一旦停摆股市自己就被哈耶克的大手搞了,2025-06-19 18:02:00,0,0
