﻿视频BV号,视频发布日期,上级评论ID,评论ID,用户ID,用户名,用户粉丝数,评论内容,评论时间,回复数,点赞数
BV1ahKuzyERV,2025-06-24 04:48:00,0,282973344,98504825,枫花恋我见犹怜,64,我们回来啦！[微笑],2025-06-24 10:16:00,13,88
BV1ahKuzyERV,2025-06-24 04:48:00,282973344,-785273023,345644194,踏踏实实翻倍,22,想哭,2025-06-24 10:54:00,0,4
BV1ahKuzyERV,2025-06-24 04:48:00,-785273023,399192880,416612243,粤好睇剧院,28,回复 @踏踏实实翻倍 :你哭啥？战争又不在我们这里打，共情能力这么超模吗？,2025-06-25 13:44:00,0,0
BV1ahKuzyERV,2025-06-24 04:48:00,282973344,332165008,2254029,数玛蛋,94,宫崎骏知道你拿他的画风去生成导弹进攻图吗？真是讽刺,2025-06-24 23:41:00,0,17
BV1ahKuzyERV,2025-06-24 04:48:00,332165008,-741069935,414921278,隐藏在夏夜的梦,12,回复 @数玛蛋 :所以现在的互联网比旱厕还要恶心啊,2025-06-24 23:43:00,0,15
BV1ahKuzyERV,2025-06-24 04:48:00,332165008,333048128,401407313,caster-ccc,1,回复 @数玛蛋 :就是这样的反差才显得好玩阿,2025-06-25 00:04:00,0,1
BV1ahKuzyERV,2025-06-24 04:48:00,333048128,-738627823,1166000770,照我吵架泀劝架,14,回复 @caster-ccc :[藏狐]   主要  宫崎骏一个反战的人啊，作品里都能看到的。不能这样搞的,2025-06-25 00:36:00,0,0
BV1ahKuzyERV,2025-06-24 04:48:00,-738627823,-738420271,1969495560,战斗机哪家强,0,回复 @照我吵架泀劝架 :宫崎骏动画里也有受害者反抗啊，反战又不是不反侵略，那这样的话反战反抗日战争吗？,2025-06-25 00:39:00,0,12
BV1ahKuzyERV,2025-06-24 04:48:00,-738420271,-738244815,1166000770,照我吵架泀劝架,14,回复 @战斗机哪家强 :[藏狐]行！,2025-06-25 00:43:00,0,0
BV1ahKuzyERV,2025-06-24 04:48:00,332165008,333201776,452678626,牙飞逝666,16,回复 @数玛蛋 :射向以色列的导弹能不可爱吗??,2025-06-25 00:06:00,0,8
BV1ahKuzyERV,2025-06-24 04:48:00,332165008,-713815583,18122475,无趣的小瞎子,26,回复 @数玛蛋 :那你知道他为什么反战吗？日本为什么要宣传反战？,2025-06-25 06:08:00,0,4
BV1ahKuzyERV,2025-06-24 04:48:00,332165008,-711772175,590768,路西法♂,8,回复 @数玛蛋 :这是加沙儿童复仇的怒火啊，难道也错了？,2025-06-25 06:36:00,0,5
BV1ahKuzyERV,2025-06-24 04:48:00,-711772175,400871344,435661411,睿智阿巴怪,9,回复 @路西法♂ :你口中的加沙小孩知道他们的怒火被拿去当借口炸平民吗,2025-06-25 14:02:00,0,0
BV1ahKuzyERV,2025-06-24 04:48:00,332165008,366068192,98504825,枫花恋我见犹怜,64,回复 @数玛蛋 :下面那么多水印还看不明白？,2025-06-25 07:32:00,0,0
