﻿视频BV号,视频发布日期,上级评论ID,评论ID,用户ID,用户名,用户粉丝数,评论内容,评论时间,回复数,点赞数
BV1ajMmz4Egg,2025-06-14 09:54:00,0,-1715789647,4690072,秋天来了呀1,20,我这好久没看这方面新闻了，伊朗咋这样啊,2025-06-14 15:47:00,9,25
BV1ajMmz4Egg,2025-06-14 09:54:00,-1715789647,-1695275695,31727093,猫猫爱吃鱼233,86,亲美派出卖反美派，哈梅内伊没啥表示，目前看来哈梅内伊只想保存自己哥后代，不咋反美了,2025-06-15 00:39:00,0,40
BV1ajMmz4Egg,2025-06-14 09:54:00,-1695275695,-1681932367,4690072,秋天来了呀1,20,回复 @猫猫爱吃鱼233 :当时看的时候还都说伊朗多么多么硬呢，结果就这样，真是失望。不过现在想想当时该反击的时候磨磨唧唧又升旗啥的也算一种预示了，一开始态度就是磨磨唧唧在那里。,2025-06-15 03:33:00,0,20
BV1ajMmz4Egg,2025-06-14 09:54:00,-1715789647,-1676791007,31811660,看把你聪明的,18,糖三角一家轰炸机被炸平，一家核设施被炸平，一家更劲爆,2025-06-15 04:24:00,0,5
BV1ajMmz4Egg,2025-06-14 09:54:00,-1676791007,-1676676127,17656696,游标卡尺O,28,回复 @看把你聪明的 :飞机框框掉,2025-06-15 04:25:00,0,0
BV1ajMmz4Egg,2025-06-14 09:54:00,-1715789647,-1661948335,18881670,图吧键盘侠,35,日常升旗[吃瓜],2025-06-15 07:10:00,0,1
BV1ajMmz4Egg,2025-06-14 09:54:00,-1715789647,-571141760,6549049,顽皮的小象,47,印度伊朗，都是正宗雅利安人。,2025-06-15 14:08:00,0,0
