﻿视频BV号,视频发布日期,上级评论ID,评论ID,用户ID,用户名,用户粉丝数,评论内容,评论时间,回复数,点赞数
BV1ahNvzmEoz,2025-06-17 10:00:00,0,-152881424,75574939,糞箕,20,这种情况我们的1130应该能防住,2025-06-20 04:08:00,9,1
BV1ahNvzmEoz,2025-06-17 10:00:00,-152881424,-1213885375,14860674,红衣老人,18,[doge]为什么要防？打小国，用无人机全方位封锁也不是做不到的,2025-06-20 04:12:00,0,1
BV1ahNvzmEoz,2025-06-17 10:00:00,-1213885375,-147450960,75574939,糞箕,20,回复 @红衣老人 :我说这种情况下末端拦截[笑哭]我们一般前端就知道了,2025-06-20 05:04:00,0,0
BV1ahNvzmEoz,2025-06-17 10:00:00,-152881424,-149588592,16097939,我是你的大眼儿,43,[doge_金箍]真打起来，我估计无人机就跟当年蝗虫灾一样，都不是饱和式打击，过量打击了,2025-06-20 04:41:00,0,1
BV1ahNvzmEoz,2025-06-17 10:00:00,-152881424,-1211018399,638522785,布什-戈么,21,为啥要1130？我们的拦截弹可能和敌对的打击弹发射间隔可能都不超过5分钟,2025-06-20 04:43:00,0,0
BV1ahNvzmEoz,2025-06-17 10:00:00,-1211018399,-147725200,75574939,糞箕,20,回复 @布什-戈么 :保底啊！我说这种情况，没说打我们[笑哭],2025-06-20 05:00:00,0,0
BV1ahNvzmEoz,2025-06-17 10:00:00,-147725200,-1200392111,402814883,水蛋爸爸,4,回复 @糞箕 :1130防不住弹道导弹,2025-06-20 07:06:00,0,0
BV1ahNvzmEoz,2025-06-17 10:00:00,-1211018399,-147399040,75574939,糞箕,20,回复 @布什-戈么 :注意我说这种情况[笑哭],2025-06-20 05:04:00,0,0
BV1ahNvzmEoz,2025-06-17 10:00:00,-147399040,-138905376,1448016611,擦黑板-,1,回复 @糞箕 :如果突破了外层，到这种情况的话，很难挡得住，就算拦截概率100％，只要饱和式打击地面就会被炸，没有绝对的安全，谁都一样[笑哭]只是我们基本能在最外围就拦截了,2025-06-20 06:59:00,0,0
BV1ahNvzmEoz,2025-06-17 10:00:00,-152881424,-133125600,437738525,有事跟烟说,49,不行喔，只能用激光武器反导,2025-06-20 08:21:00,0,0
