﻿视频BV号,视频发布日期,上级评论ID,评论ID,用户ID,用户名,用户粉丝数,评论内容,评论时间,回复数,点赞数
BV1ahNvzmEoz,2025-06-17 10:00:00,0,-360098416,1151312826,神夜sunyear,1,对导弹不是很懂，感觉伊朗的导弹威力一般?就像放烟花一样，一发也就能毁坏一栋居民楼的样子?我想象中的导弹，应该是一发摧毁一个小区或者一个厂区吧?[微笑],2025-06-17 20:10:00,31,23
BV1ahNvzmEoz,2025-06-17 10:00:00,-360098416,-359927744,244432738,寥若橙星,4,伊朗跟以色列太远了上千公里只有少部分导弹能飞过去，导弹不止装火药还有各种零部件制导系统一枚导弹装药量可能就三分之一，你说的是洲际导弹,2025-06-17 20:28:00,0,13
BV1ahNvzmEoz,2025-06-17 10:00:00,-360098416,-359002272,11812515,泥頭車,39,你可能没小看导弹，但你太小看钢筋混凝土了，如果全是土坯房砖瓦房那确实能炸一小区,2025-06-17 21:18:00,0,31
BV1ahNvzmEoz,2025-06-17 10:00:00,-360098416,-357791808,3546900150094005,罗大叔221,2,这才是正常的，你那种是蘑菇,2025-06-17 22:28:00,0,11
BV1ahNvzmEoz,2025-06-17 10:00:00,-360098416,-1406043391,1556411671,bili_92217120178,0,导弹大部分是燃料，而且主要靠冲击破毁伤，火光其实是副产物。,2025-06-18 02:18:00,0,6
BV1ahNvzmEoz,2025-06-17 10:00:00,-360098416,-1405940975,33596,山祈涧,107,量多管饱就行,2025-06-18 02:20:00,0,0
BV1ahNvzmEoz,2025-06-17 10:00:00,-360098416,-343934768,440709229,黑头股沟,66,"普通装药还要咋样。
钢筋混凝土森林可太抗炸了。",2025-06-18 02:57:00,0,3
BV1ahNvzmEoz,2025-06-17 10:00:00,-360098416,-343273920,30914807,XDWT_,412,那你想象中的得是战术核导弹，一发能炸平一个小区的常规导弹不存在,2025-06-18 03:06:00,0,7
BV1ahNvzmEoz,2025-06-17 10:00:00,-360098416,-342311120,520605014,九九式蕾咪,0,俄国量大管饱的重型航弹也才能摧毁半个街区几个小型建筑，这边还是中远程弹道导弹。[藏狐],2025-06-18 03:20:00,0,4
BV1ahNvzmEoz,2025-06-17 10:00:00,-360098416,-1397945567,357401388,该绫波零の黄瓜,3,那不是导弹那时抵近轰炸机投的大当量炸弹,2025-06-18 04:03:00,0,2
BV1ahNvzmEoz,2025-06-17 10:00:00,-360098416,-337663504,8694749,FFMemories,7,常规炸弹不可能一发摧毁一个小区，一发炸掉一栋楼就很夸张了，你可以看看俄乌的大航弹,2025-06-18 04:15:00,0,9
BV1ahNvzmEoz,2025-06-17 10:00:00,-360098416,-336372480,2008627,水左边的鱼,22,电影看多了[笑哭],2025-06-18 04:28:00,0,4
BV1ahNvzmEoz,2025-06-17 10:00:00,-336372480,-1239901727,1357822156,太合衬の收藏家,5,回复 @水左边的鱼 :[笑哭]不是他一个，我其实也一直有疑问，但是知识匮乏不好意思问。感觉以前那时候一个炮弹都能轰个城门楼子呢，现在的导弹那么先进，怎么也得是成片建筑吧。但是看了才隐约知道，哦，原来一个导弹也就一栋楼啊[呆][呆],2025-06-19 17:36:00,0,1
BV1ahNvzmEoz,2025-06-17 10:00:00,-360098416,-336065632,319773917,伯爵茶风味,1,吨位不大,2025-06-18 04:31:00,0,0
BV1ahNvzmEoz,2025-06-17 10:00:00,-360098416,-1393023791,510976682,独轮车司机,89,那有这么夸张，辐射半径几百米 那是气浪弹片。如果一个导弹就能彻底摧毁一栋楼 那斩首也太容易了,2025-06-18 04:55:00,0,1
BV1ahNvzmEoz,2025-06-17 10:00:00,-360098416,-1384124431,438863488,回应我吧_侵蚀律者,32,中程导弹导弹装药量并不是很大。,2025-06-18 06:46:00,0,1
BV1ahNvzmEoz,2025-06-17 10:00:00,-360098416,-1381129103,11388195,小嶋阳菜我的菜,16,常规导弹装药量没那么大吧，还得是炸弹，轰炸机投的那个劲大,2025-06-18 07:32:00,0,2
BV1ahNvzmEoz,2025-06-17 10:00:00,-360098416,-1374305263,2176355,未蓝天空初号机,21,导弹本来就是这样 除非上重型..伊朗没这水品和钱...所以弹道导弹最好的搭档是核弹头..一般常规导弹是打高价值目标和重点目标的...,2025-06-18 09:08:00,0,2
BV1ahNvzmEoz,2025-06-17 10:00:00,-360098416,-304724272,17433026,小羊shawn咩咩咩,28,不然为啥人家提炼浓缩铀呢,2025-06-18 11:05:00,0,3
BV1ahNvzmEoz,2025-06-17 10:00:00,-360098416,-1362735503,600660179,bili_600660179,65,你想的是航空炸弹 俄罗斯用的那种[微笑],2025-06-18 11:12:00,0,1
BV1ahNvzmEoz,2025-06-17 10:00:00,-360098416,-301553296,10253240,卡吧基佬观光团团长,31,3吨的航弹也才能干到一栋楼 这种导弹的装药量才几百公斤,2025-06-18 11:37:00,0,2
BV1ahNvzmEoz,2025-06-17 10:00:00,-360098416,-284073856,101817,特工Z,0,常规装药也就这点威力了，想更大得上核了。,2025-06-18 14:44:00,0,1
BV1ahNvzmEoz,2025-06-17 10:00:00,-360098416,-1322761439,581826878,AC拍黄瓜,1,你以为导弹都是战术核弹呢？,2025-06-18 22:42:00,0,0
BV1ahNvzmEoz,2025-06-17 10:00:00,-360098416,-1278128207,14840264,蜗居宅貓,130,你说的那是战术核武器,2025-06-19 10:01:00,0,0
BV1ahNvzmEoz,2025-06-17 10:00:00,-360098416,-205692880,125457613,海绵宝宝花坂儿,64,钢筋混凝土比你想象的结实多了,2025-06-19 12:11:00,0,0
BV1ahNvzmEoz,2025-06-17 10:00:00,-360098416,-171861872,82639117,sephiroth567,93,常规弹头本质还是炸药啊。除非换别的特制弹头，不然正常就这威力。而且其实钢筋混凝土的工程非常抗炸[吃瓜],2025-06-19 22:52:00,0,0
BV1ahNvzmEoz,2025-06-17 10:00:00,-360098416,-163935936,44408935,小派蒙最可爱了,23,只要是符合标准的现代化都是钢筋混凝土的强度可一点都不低。,2025-06-20 01:39:00,0,0
BV1ahNvzmEoz,2025-06-17 10:00:00,-360098416,-154862640,1809222,青门小妖,51,巴赫穆特高强度炸了大半年，连赫鲁晓夫楼都炸不烂,2025-06-20 03:46:00,0,0
BV1ahNvzmEoz,2025-06-17 10:00:00,-360098416,-1139873583,1580195259,堇色安年皆是梦,278,你这跟拿手榴弹炸一套房一样，异想天开了,2025-06-20 19:14:00,0,0
BV1ahNvzmEoz,2025-06-17 10:00:00,-360098416,-1083863487,1727896471,枕戈待火,11,就是大号子弹,2025-06-21 10:03:00,0,0
