﻿视频BV号,视频发布日期,上级评论ID,评论ID,用户ID,用户名,用户粉丝数,评论内容,评论时间,回复数,点赞数
BV1AfKwzVEga,2025-06-20 09:48:00,0,-1145901855,3493116600387672,81192想你了,6,不是袭击，是反击，up主！支持你们维护自己的权益，相信阿拉伯世界会抓住这次声张正义的机会，也请相信我们反霸权的决心！,2025-06-20 17:03:00,6,294
BV1AfKwzVEga,2025-06-20 09:48:00,-1145901855,-1135866015,429433692,Al木易,9,"他们配怀疑咱们“反霸权的决心”？跟老美的贸易战从2018年就开打了…我们一直孤军奋战！这次贸易战2.0，全世界都跪了，唯独我们站着【加同等关税?组合拳】反制，同时，外交部还发宣传片，告诉【已经跪下 和 在跪的路上】的人，为什么《不跪》？

世界上没有任何国家，够资格怀疑我们“反霸权的决心”，更别提这个“反复想跪”的伊朗了…希望它这次硬久点吧…",2025-06-20 22:34:00,0,9
BV1AfKwzVEga,2025-06-20 09:48:00,-1145901855,-1128149039,478825081,Themisia,32,支持伊朗人民[打call][打call][打call],2025-06-21 01:26:00,0,6
BV1AfKwzVEga,2025-06-20 09:48:00,-1145901855,-53879408,1084989248,不要走-他的孩子我养,4,使劲打，支持,2025-06-21 03:32:00,0,0
BV1AfKwzVEga,2025-06-20 09:48:00,-1145901855,-1089132255,494633482,水管挑夫,4,我才上班，我想支援一百块给伊朗，一起凑凑多造点[doge_金箍],2025-06-21 09:05:00,0,0
BV1AfKwzVEga,2025-06-20 09:48:00,-1089132255,-22829040,349796433,烽火未熄,35,回复 @水管挑夫 :我是妻管严一个，我出10块！带上我！,2025-06-21 09:18:00,0,1
BV1AfKwzVEga,2025-06-20 09:48:00,-1145901855,-9718768,26856740,朝寻白鹿入浅丘,24,哥们，刀收回来，这是友军，伊朗加油！,2025-06-21 11:31:00,0,0
