﻿视频BV号,视频发布日期,上级评论ID,评论ID,用户ID,用户名,用户粉丝数,评论内容,评论时间,回复数,点赞数
BV1A9MvzkE7u,2025-06-16 02:53:00,0,-1479424783,122684389,快该昵称要被发现了惹,114,搞不懂女孩子，在我的印象中家长是不会让女生出去这种危险地方的，太勇了,2025-06-17 06:33:00,11,0
BV1A9MvzkE7u,2025-06-16 02:53:00,-1479424783,-392075264,480641506,奥克利林,8,人家是战地记者有追求的好吧,2025-06-17 12:26:00,0,10
BV1A9MvzkE7u,2025-06-16 02:53:00,-1479424783,-1449695503,389330998,飞翔的白乌鸡,32,别人是新华社记者,2025-06-17 12:34:00,0,7
BV1A9MvzkE7u,2025-06-16 02:53:00,-1479424783,-365343056,4960124,孤星寒夜,39,在你的眼里是性别，在人家眼里是职业理想,2025-06-17 17:29:00,0,8
BV1A9MvzkE7u,2025-06-16 02:53:00,-1479424783,-354047072,371539,CORPSE 1,49,[吃瓜]女孩子女孩子？这尼玛都2025年，女的还只能在家大门不出，二门不迈吗？人家是记者，为了职业理想奋斗，有问题吗，黑点独特啊,2025-06-18 00:16:00,0,4
BV1A9MvzkE7u,2025-06-16 02:53:00,-1479424783,-352231520,3494379314481921,一群黑色QvQ,5,在我眼里你也就评论区说说话这点能耐了,2025-06-18 00:53:00,0,1
BV1A9MvzkE7u,2025-06-16 02:53:00,-1479424783,-350974256,72945204,是时候改个ID了,41,夏虫不可语冰,2025-06-18 01:13:00,0,1
BV1A9MvzkE7u,2025-06-16 02:53:00,-1479424783,-1395516783,1238587687,人间放过我,56,懒得喷。,2025-06-18 04:29:00,0,1
BV1A9MvzkE7u,2025-06-16 02:53:00,-1479424783,-1100973711,525572169,猪鼻插大葱xx,15,是女人，还女孩子,2025-06-21 06:39:00,0,0
BV1A9MvzkE7u,2025-06-16 02:53:00,-1479424783,47758560,3715102,花落不知春迟到,76,[吃瓜]女孩子女孩子？这尼玛都2025年，女的还只能在家大门不出，二门不迈吗？人家是记者，为了职业理想奋斗，有问题吗，黑点独特啊,2025-06-22 02:45:00,0,0
BV1A9MvzkE7u,2025-06-16 02:53:00,-1479424783,145453936,688853847,稳稳的舒适,1,做战地记者是很酷的一件事,2025-06-23 01:41:00,0,1
BV1A9MvzkE7u,2025-06-16 02:53:00,-1479424783,-907855871,385652167,我是东坡一个吃货,38,这还要搞性别歧视啊真的长见识了,2025-06-23 04:50:00,0,0
