﻿视频BV号,视频发布日期,上级评论ID,评论ID,用户ID,用户名,用户粉丝数,评论内容,评论时间,回复数,点赞数
BV1ahNvzmEoz,2025-06-17 10:00:00,0,-358860416,6100745,暗夜之色,22,请教一下，视频中显示的伊朗导弹的威力如何？,2025-06-17 21:32:00,31,49
BV1ahNvzmEoz,2025-06-17 10:00:00,-358860416,-358225072,2006974421,用唇语细说爱情,14,真一般，常规导弹弹头荷弹量都那样，但是伊朗方面数量管饱，搁这清库存的，主打的就是持续恶心你的防空和民心。,2025-06-17 22:11:00,0,93
BV1ahNvzmEoz,2025-06-17 10:00:00,-358225072,-357591344,14759911,Tan90Tan90,5,回复 @用唇语细说爱情 :你拦截吧成本对不上[doge]（拦截弹成本&gt;对面发射的导弹），不拦吧民声要降，[doge]一根筋变成两头堵了,2025-06-17 22:43:00,0,60
BV1ahNvzmEoz,2025-06-17 10:00:00,-357591344,-1406639663,355184895,16767835281_bili,13,回复 @Tan90Tan90 : 导弹车会被炸，导弹仓库会被炸，以色列也不会乖乖就等着伊朗打它,2025-06-18 02:11:00,0,3
BV1ahNvzmEoz,2025-06-17 10:00:00,-357591344,-1369289615,369328880,乔三明,10,回复 @Tan90Tan90 :麻薯波比，上大号说话[doge],2025-06-18 10:05:00,0,0
BV1ahNvzmEoz,2025-06-17 10:00:00,-358225072,-347837392,485733844,阿帥派克,6,回复 @用唇语细说爱情 :你什么意思？？？你什么意思！！！,2025-06-18 02:03:00,0,1
BV1ahNvzmEoz,2025-06-17 10:00:00,-358225072,-347717056,485733844,阿帥派克,6,回复 @用唇语细说爱情 :伊朗导弹威力很大，命中一颗一个城市就没了 n,2025-06-18 02:04:00,0,0
BV1ahNvzmEoz,2025-06-17 10:00:00,-347717056,-1394703407,143532367,Dr---星灵,104,回复 @阿帥派克 :串的不像 下一个,2025-06-18 04:37:00,0,2
BV1ahNvzmEoz,2025-06-17 10:00:00,-358860416,-356728368,212661211,一塌卅涂,14,威力很差，感觉都不如航弹,2025-06-17 23:09:00,0,13
BV1ahNvzmEoz,2025-06-17 10:00:00,-356728368,-1414191839,291026191,嘻嘻杰cool,8,回复 @一塌卅涂 :因为之前用的是最差的，随便消耗以色列防空。今天开始会用点好的,2025-06-17 23:57:00,0,11
BV1ahNvzmEoz,2025-06-17 10:00:00,-356728368,-1402271167,37533878,SpecialYet,5,回复 @一塌卅涂 :常规弹药导弹有几个能和航弹碰装药量的。,2025-06-18 03:10:00,0,3
BV1ahNvzmEoz,2025-06-17 10:00:00,-356728368,-339983536,373685422,不记不忘,4,回复 @一塌卅涂 :大当量航弹需要战略轰炸机，他们玩不起。,2025-06-18 03:51:00,0,0
BV1ahNvzmEoz,2025-06-17 10:00:00,-356728368,-335848528,388702944,一石二鸟George,25,回复 @一塌卅涂 :航弹是现代军队能使出的最强常规打击手段，你东风26带常规弹头也不如苏34的3吨或美国轰炸机的炸弹之父[吃瓜],2025-06-18 04:33:00,0,3
BV1ahNvzmEoz,2025-06-17 10:00:00,-356728368,-1390978703,431375777,,11,回复 @一塌卅涂 :说的没毛病，不过也相当于没说。导弹威力和航弹没法比,2025-06-18 05:16:00,0,0
BV1ahNvzmEoz,2025-06-17 10:00:00,-356728368,-330846736,520861404,钻石jam,40,回复 @一塌卅涂 :导弹装了一半燃料，航弹里面可全是炸药啊，比不了啊[笑哭],2025-06-18 05:25:00,0,2
BV1ahNvzmEoz,2025-06-17 10:00:00,-356728368,-1389197839,411805857,聊天艺术家,5,回复 @一塌卅涂 :感觉的很对，下次别感觉了,2025-06-18 05:38:00,0,0
BV1ahNvzmEoz,2025-06-17 10:00:00,-356728368,-326910272,4133522,Arilas_z,11,回复 @一塌卅涂 :导弹的威力啥时候能跟航弹比了。反舰导弹也不如大当量的航弹劲大,2025-06-18 06:20:00,0,0
BV1ahNvzmEoz,2025-06-17 10:00:00,-356728368,-1382601007,2038640650,皮带帅roo,13,回复 @一塌卅涂 :量大啊 你拦吧拦的成本还没对面的导弹贵,2025-06-18 07:09:00,0,0
BV1ahNvzmEoz,2025-06-17 10:00:00,-356728368,-312864528,518698422,YZ一达,32,回复 @一塌卅涂 :航弹没有导引的威力巨大。。。比的啥啊,2025-06-18 09:36:00,0,0
BV1ahNvzmEoz,2025-06-17 10:00:00,-358860416,-356590672,8145737,Teikinto锦绣,10,数量和威力都不符合网友们的期待，不饱和,2025-06-17 23:13:00,0,22
BV1ahNvzmEoz,2025-06-17 10:00:00,-356590672,-1372944239,107465858,昵称都被取光了啊啊啊,46,回复 @Teikinto锦绣 :但是小以民众已经破防了[大笑],2025-06-18 09:24:00,0,0
BV1ahNvzmEoz,2025-06-17 10:00:00,-358860416,-343687408,262515110,你的双大哥哥,20,效果一般般，不如以色列精准斩首,2025-06-18 03:01:00,0,4
BV1ahNvzmEoz,2025-06-17 10:00:00,-343687408,-289578784,99271729,NIFE夜永夕,1534,回复 @你的双大哥哥 : 这么一看情报做好了，特种部队和特工进去搞斩首，还真省钱......,2025-06-18 13:48:00,0,0
BV1ahNvzmEoz,2025-06-17 10:00:00,-358860416,-335605680,2456919,二次元函数,611,大号的窜天猴[doge],2025-06-18 04:36:00,0,0
BV1ahNvzmEoz,2025-06-17 10:00:00,-358860416,-1394164559,503422067,亓官鹭洋,6,夸张一点的比喻就是你准备睡觉时，会叫会叮人的蚊子在你脑袋周围，你打还是不打[doge],2025-06-18 04:42:00,0,1
BV1ahNvzmEoz,2025-06-17 10:00:00,-358860416,-326498656,649202500,哈哈22220000,2,导弹的威力是次要的 重要的是精准度和突防能力 打的就是敌方高价值目标  要是拿导弹去洗地 就算是中美这样的实力都洗不起,2025-06-18 06:28:00,0,2
BV1ahNvzmEoz,2025-06-17 10:00:00,-326498656,-1375949343,291026191,嘻嘻杰cool,8,回复 @哈哈22220000 :大多数情况是这样，但以色列太小。小国悲哀,2025-06-18 08:45:00,0,0
BV1ahNvzmEoz,2025-06-17 10:00:00,-358860416,-326119440,1566471437,出门遛狗了,0,100公斤的装药量，一般般,2025-06-18 06:31:00,0,0
BV1ahNvzmEoz,2025-06-17 10:00:00,-358860416,-322349184,344594024,上衫茗珉,5,比东欧大区差远了,2025-06-18 07:30:00,0,0
BV1ahNvzmEoz,2025-06-17 10:00:00,-358860416,-321955264,15828442,明者知,65,小摔炮而已,2025-06-18 07:34:00,0,0
BV1ahNvzmEoz,2025-06-17 10:00:00,-358860416,-1377953615,107925290,樊-林,3,你不要看火光，得看冲击波的范围，从后面流出来的视频看其实威力还是可观的，离那么远常规弹头打出这个效果很不错了已经,2025-06-18 08:17:00,0,0
BV1ahNvzmEoz,2025-06-17 10:00:00,-358860416,-298659936,406248225,LM6800,3,很一般，伊朗一枚中导直径70厘米左右，大概炸药就300公斤，炸一下20米的坑，伊朗也掌握不到以色列高价值目标的准确坐标，毁伤就更差了,2025-06-18 12:09:00,0,0
