﻿视频BV号,视频发布日期,上级评论ID,评论ID,用户ID,用户名,用户粉丝数,评论内容,评论时间,回复数,点赞数
BV1aLNBzsE9c,2025-06-17 11:16:00,0,-346157904,26633235,逗莳叁,59,有一种伊朗占优势的感觉[笑哭],2025-06-18 02:28:00,7,5
BV1aLNBzsE9c,2025-06-17 11:16:00,-346157904,-262764400,477739824,shannon爱哈士奇,968,我觉得是伊朗体量比以色列大。以色列全境被覆盖比较简单。,2025-06-18 23:20:00,0,10
BV1aLNBzsE9c,2025-06-17 11:16:00,-262764400,-254771664,26633235,逗莳叁,59,回复 @shannon爱哈士奇 :挺有道理的。也不能只唱衰伊朗。,2025-06-19 01:57:00,0,2
BV1aLNBzsE9c,2025-06-17 11:16:00,-346157904,-1261018895,76610191,宇宙级大仓鼠,5,老美会下场的，欧美不介入以色列持久战没胜算虽然伊朗拉的不行,2025-06-19 13:07:00,0,2
BV1aLNBzsE9c,2025-06-17 11:16:00,-1261018895,-189900576,510579842,没落恶魔,19,回复 @宇宙级大仓鼠 :最多轰炸伊朗，他那个地形太难登陆作战了。,2025-06-19 15:05:00,0,1
BV1aLNBzsE9c,2025-06-17 11:16:00,-1261018895,-187002528,10408548,聆听iii,17,回复 @宇宙级大仓鼠 :不太可能  下场被胡赛打平了  停战了,2025-06-19 15:36:00,0,1
BV1aLNBzsE9c,2025-06-17 11:16:00,-1261018895,-1247269631,40634680,可乐02,15,回复 @宇宙级大仓鼠 :我倒觉得老美不会下场，现在老美国内抗议声不断，这时候下场只会加速内乱。,2025-06-19 15:43:00,0,2
BV1aLNBzsE9c,2025-06-17 11:16:00,-346157904,-189102032,494117548,初夏的烟火_,988,伊朗好歹算一个有正常工业体系的国家，以色列就是靠美国背后给他不断输血，不然它早被周边国家给收拾了[藏狐][藏狐],2025-06-19 15:13:00,0,1
