﻿视频BV号,视频发布日期,上级评论ID,评论ID,用户ID,用户名,用户粉丝数,评论内容,评论时间,回复数,点赞数
BV1ahNvzmEoz,2025-06-17 10:00:00,0,-357358400,568314539,坐板凳看好戏,3,抵抗之狐还在打时候，早干嘛去了,2025-06-17 22:50:00,17,131
BV1ahNvzmEoz,2025-06-17 10:00:00,-357358400,-1410413791,9276566,理中客乐子人,37,毕竟高层还是惜命的，只不过这次没得选了[滑稽],2025-06-18 01:13:00,0,57
BV1ahNvzmEoz,2025-06-17 10:00:00,-1410413791,-1408054495,122684389,快该昵称要被发现了惹,114,回复 @理中客乐子人 :毕竟高层都要没了,2025-06-18 01:50:00,0,22
BV1ahNvzmEoz,2025-06-17 10:00:00,-357358400,-336928320,289475013,海边的瓦尔基里,4,莱西坠机、选举上来自由派总统、叙利亚阿萨德政权秒崩，这几件事谁也提前没想到啊；如果阿萨德政权还在的话抵抗之弧现在还在攻势，但叙利亚没了后伊朗到黎巴嫩就失去陆地联系，抵抗之弧被土耳其捡了便宜只能转入守势了,2025-06-18 04:21:00,0,52
BV1ahNvzmEoz,2025-06-17 10:00:00,-336928320,-1394597231,432424050,怒放的后庭花疯狂喷射,25,回复 @海边的瓦尔基里 :越看越觉得窝囊,2025-06-18 04:38:00,0,15
BV1ahNvzmEoz,2025-06-17 10:00:00,-1394597231,-322588272,289475013,海边的瓦尔基里,4,回复 @怒放的后庭花疯狂喷射 :那没办法，从建国开始就吃欧美制裁直到今天，伊朗本身实力就很有限，甚至可以说伊朗能达到今天这个水平已经是非常努力的超常发挥了；虽然伊朗打的很窝囊但伊朗也是以色列自建国战争之后威胁最大的对手，甚至伊朗和抵抗之弧击杀以色列的kd是最高的，远超几十年来的一众阿拉伯国家；要是当时土耳其和朱拉尼不突然搞那一波阿萨德没崩，现在整个抵抗之弧估计已经让以色列乱掉了,2025-06-18 07:26:00,0,20
BV1ahNvzmEoz,2025-06-17 10:00:00,-357358400,-1395733967,1278683,NuGelaLies,0,那时候朗哥高层没啥生命危险，现在高层都快没了,2025-06-18 04:28:00,0,23
BV1ahNvzmEoz,2025-06-17 10:00:00,-357358400,-335524480,14588301,Trevor三仔,63,没听说过唇亡齿寒的故事,2025-06-18 04:36:00,0,28
BV1ahNvzmEoz,2025-06-17 10:00:00,-357358400,-1394072895,15847790,飞向火星的猫,18,伊朗高层感觉偏向投降派,2025-06-18 04:44:00,0,24
BV1ahNvzmEoz,2025-06-17 10:00:00,-357358400,-1382321535,498137597,无关人士请勿对号入座,1,国家体量大 左倾右倾 中立摇摆 还有各种妖魔鬼怪 做个事情难啊。,2025-06-18 07:14:00,0,7
BV1ahNvzmEoz,2025-06-17 10:00:00,-357358400,-319598016,19753125,加里妹妹,55,"今天看到个up说的，也有道理。伊朗不能比东大，伊朗相对美国太小了，所以他压力很大，而且美国不敢打东大，但是美国真敢打伊朗的，所以他不可能像东大刚美国那样刚的，他就是知道自己要挨干，才收缩战略，也没问题。[喜极而泣]反正现在胡赛和真主旅还在响应他。
至于伊朗高层被炸死，其实无所谓，伊朗不是沙特那种国家，他们的结构很像哈马斯，一把手死了无所谓，会有二把手三把手四把手到九把手顶上来。",2025-06-18 08:10:00,0,16
BV1ahNvzmEoz,2025-06-17 10:00:00,-319598016,-287226960,29675835,不败的拿破仑1,28,回复 @加里妹妹 :伊朗有石油，周边这么多国家，这就是基本盘，肯定能拿石油换到武器,2025-06-18 14:11:00,0,1
BV1ahNvzmEoz,2025-06-17 10:00:00,-319598016,-1283186863,390777954,可爱的小群群,28,回复 @加里妹妹 :科学家也被炸了，血亏了。,2025-06-19 08:59:00,0,1
BV1ahNvzmEoz,2025-06-17 10:00:00,-319598016,-1267615535,3546896675113050,西南咔咔,1,回复 @加里妹妹 :叙利亚没有丟的时候东大很支持的，他不动手错失良机,2025-06-19 11:55:00,0,0
BV1ahNvzmEoz,2025-06-17 10:00:00,-357358400,-318479888,621937015,bili_21968159257,101,十八路诸侯，只有曹操孙坚真去追击董卓,2025-06-18 08:27:00,0,10
BV1ahNvzmEoz,2025-06-17 10:00:00,-357358400,-303943392,2394021,cly19910906,6,抵抗之弧的火箭弹导弹你以为都是他们自制的？？？,2025-06-18 11:12:00,0,1
BV1ahNvzmEoz,2025-06-17 10:00:00,-357358400,-280130640,144249,卡洛,24,抵抗之狐都是被伊朗内部的人卖的，只是现在不知道是谁罢了。hms、珍珠党的领导层真的太不容易了,2025-06-18 15:26:00,0,3
BV1ahNvzmEoz,2025-06-17 10:00:00,-357358400,-220160656,386461535,努力又迷茫的测绘人,123,伊朗内部分裂，买办还是很怀念美国的,2025-06-19 09:38:00,0,2
