﻿视频BV号,视频发布日期,上级评论ID,评论ID,用户ID,用户名,用户粉丝数,评论内容,评论时间,回复数,点赞数
BV1aaMvzoEDN,2025-06-16 03:34:00,0,-523247200,19442945,维美弑眷恋,13,伊朗感觉准头不够啊[吃瓜],2025-06-16 05:01:00,43,259
BV1aaMvzoEDN,2025-06-16 03:34:00,-523247200,-1577752319,436847859,是婷宝捏,2416,因为YSL地方很小，还有一部分是山地，很多军事设施实际上是在城区里的，,2025-06-16 05:07:00,0,91
BV1aaMvzoEDN,2025-06-16 03:34:00,-523247200,-518478240,35572133,万里CC,22,又不准威力又小[撇嘴],2025-06-16 06:01:00,0,18
BV1aaMvzoEDN,2025-06-16 03:34:00,-523247200,-518259808,785119,DSilver00,207,实体肯定有定位干扰装置，所以胡赛的导弹才一直只能选择机场这样较大的目标来威慑,2025-06-16 06:04:00,0,29
BV1aaMvzoEDN,2025-06-16 03:34:00,-523247200,-1571410367,3494367163582984,浪教翘翘,47,你是没看到居民区里藏着防空系统 对着防空系统去 必炸到居民区的,2025-06-16 06:35:00,0,40
BV1aaMvzoEDN,2025-06-16 03:34:00,-1571410367,-404654192,19231724,钢铁直男兽,668,回复 @浪教翘翘 :伊朗都看不到，你能看到？你还真牛逼啊,2025-06-17 10:16:00,0,0
BV1aaMvzoEDN,2025-06-16 03:34:00,-1571410367,-1423011967,390442494,robplus,23,回复 @浪教翘翘 : 军民区防空设施是什么鬼？不会把避难设施当防空设施吧？,2025-06-17 17:54:00,0,0
BV1aaMvzoEDN,2025-06-16 03:34:00,-523247200,-1570323567,279448088,mokjjj,9,希望准头能换成威力,2025-06-16 06:54:00,0,6
BV1aaMvzoEDN,2025-06-16 03:34:00,-523247200,-1570089023,863163,海疆巡阅使,78,打以色列就是准头不够才好用啊[doge],2025-06-16 06:57:00,0,12
BV1aaMvzoEDN,2025-06-16 03:34:00,-1570089023,-1481614079,621047255,宇宙有边吗,11,回复 @海疆巡阅使 :你好坏哦[笑哭],2025-06-17 06:00:00,0,1
BV1aaMvzoEDN,2025-06-16 03:34:00,-523247200,-513916720,46547834,未來戦士,82,弹道导弹打击本来就进度不太行，伊朗的精度比咱们又低很多。,2025-06-16 07:11:00,0,6
BV1aaMvzoEDN,2025-06-16 03:34:00,-513916720,-470836240,6264412,达达的梦想,4,回复 @未來戦士 : 感觉还是装弹量不够 导弹太费钱了 远不如航空炸弹洗地来的便宜 能不能试试无人机海消耗一波防空导弹然后直接丢fab3000啊[doge],2025-06-16 15:17:00,0,0
BV1aaMvzoEDN,2025-06-16 03:34:00,-523247200,-512887488,332790005,越努力越上瘾,19,威力太小,2025-06-16 07:27:00,0,1
BV1aaMvzoEDN,2025-06-16 03:34:00,-512887488,-504601888,387275519,板栗炒芋泥,9,回复 @越努力越上瘾 :首都居民区打太狠又不行，怕招惹太过了,2025-06-16 09:23:00,0,0
BV1aaMvzoEDN,2025-06-16 03:34:00,-523247200,-509233600,441117724,苏比妮,83,打的多准啊，既吓人又不拉仇恨的。,2025-06-16 08:21:00,0,9
BV1aaMvzoEDN,2025-06-16 03:34:00,-523247200,-1564417055,102552090,牛叨叨,20,能打中都不错了。没卫星 没高精准导弹，不像我们的50-100米无差那种[doge],2025-06-16 08:25:00,0,8
BV1aaMvzoEDN,2025-06-16 03:34:00,-1564417055,-1555445055,1144065275,消灭我心中认为的暴政,8,回复 @牛叨叨 :50公里到100公里的,2025-06-16 10:19:00,0,0
BV1aaMvzoEDN,2025-06-16 03:34:00,-1564417055,-474639776,180324309,奶白的雪子嘿,52,回复 @牛叨叨 : 我们的哪有那么大误差，看距离的，中程的误差没那么大的，10米左右的误差吧,2025-06-16 14:39:00,0,0
BV1aaMvzoEDN,2025-06-16 03:34:00,-474639776,-1501491231,102552090,牛叨叨,20,回复 @奶白的雪子嘿 :我说东方41[滑稽],2025-06-17 01:51:00,0,0
BV1aaMvzoEDN,2025-06-16 03:34:00,-523247200,-509095968,38380147,恶咒束缚之人,80,有没有可能是故意的,2025-06-16 08:25:00,0,1
BV1aaMvzoEDN,2025-06-16 03:34:00,-509095968,-1537614063,401767150,红色中国心,28,回复 @恶咒束缚之人 :故意，网上的玩笑还真当真了。这是打仗，不是打游戏。,2025-06-16 13:30:00,0,0
BV1aaMvzoEDN,2025-06-16 03:34:00,-523247200,-508206768,3461567861492508,灮天化日,1,有没有可能是不敢打[喜极而泣],2025-06-16 08:36:00,0,0
BV1aaMvzoEDN,2025-06-16 03:34:00,-523247200,-507419888,385142015,三-羽-乌,40,就没有。他也不用定位，也没有内应,2025-06-16 08:47:00,0,2
BV1aaMvzoEDN,2025-06-16 03:34:00,-523247200,-1562821039,1523383,稻香配狗越听越有,36,以军事设施就建在市中心。[吃瓜],2025-06-16 08:48:00,0,1
BV1aaMvzoEDN,2025-06-16 03:34:00,-523247200,-1562162959,1776591,饭桶天神,52,卫星没到位，惯导也就这准头了,2025-06-16 08:57:00,0,1
BV1aaMvzoEDN,2025-06-16 03:34:00,-523247200,-1560182191,20112160,被网暴关怀中心,20,精准度、爆炸力度、攻击饱和度，三项做到两项早就解决问题了。现在是一项也达不到，稀稀拉拉的,2025-06-16 09:23:00,0,0
BV1aaMvzoEDN,2025-06-16 03:34:00,-1560182191,-1554763615,390844464,宇_超_无_暴_战_,2,回复 @被网暴关怀中心 :太远了，一千多公里，一路上路过的国家都是美国一边的，太难了。,2025-06-16 10:26:00,0,0
BV1aaMvzoEDN,2025-06-16 03:34:00,-1560182191,-1537061471,401767150,红色中国心,28,回复 @被网暴关怀中心 :你说的这三条，除了上三常，就没有做得到的。英法都不行。,2025-06-16 13:35:00,0,0
BV1aaMvzoEDN,2025-06-16 03:34:00,-523247200,-504350800,202659245,不再期待远方,3,威力太小了,2025-06-16 09:27:00,0,0
BV1aaMvzoEDN,2025-06-16 03:34:00,-523247200,-499739632,6010008,依人泪,61,"以色列太小，会打到居民区。
而且没有卫星制导",2025-06-16 10:20:00,0,1
BV1aaMvzoEDN,2025-06-16 03:34:00,-523247200,-499604064,157675104,軒轅神君,134,以色列就是故意把军事设施布置在城区里的，他早就考虑到了后果，一旦招惹对方，对方考虑国家形象就会投鼠忌器,2025-06-16 10:22:00,0,9
BV1aaMvzoEDN,2025-06-16 03:34:00,-523247200,-1542780975,94457572,Mr-BGM,0,以色列全民皆兵 打哪里都没问题,2025-06-16 12:36:00,0,5
BV1aaMvzoEDN,2025-06-16 03:34:00,-523247200,-486135056,317419501,凌乱随意,8,可能是攻击不够密集,2025-06-16 12:43:00,0,1
BV1aaMvzoEDN,2025-06-16 03:34:00,-523247200,-1540268671,40398275,砧板猪的砧板象,58,准不准无所谓，误差1公里杀伤半径10公里也不是不能接受。,2025-06-16 13:01:00,0,1
BV1aaMvzoEDN,2025-06-16 03:34:00,-523247200,-484133504,489222912,尼古拉斯旺财啊,9,全民皆兵[doge],2025-06-16 13:04:00,0,1
BV1aaMvzoEDN,2025-06-16 03:34:00,-523247200,-473087648,33951336,一叶丿灬沁舟,11,没有准头不够啊，它们不是全民皆兵么，这也没平民啊[doge],2025-06-16 14:54:00,0,1
BV1aaMvzoEDN,2025-06-16 03:34:00,-523247200,-467390448,46547834,未來戦士,82,这就是为什么导弹不能取代空军的道理。以色列空军IAF的实力无需多说，当年就摧毁过伊拉克的核设施。这也是为什么毛子十架轰炸机被毁是个巨大损失。现在伊朗最大的问题是，如果每天消耗一百枚弹道导弹，那两周时间就会用光所有。所以伊朗大概率要输。,2025-06-16 15:55:00,0,0
BV1aaMvzoEDN,2025-06-16 03:34:00,-467390448,-1517322815,692268451,莱不尼茨牛顿,12,回复 @未來戦士 :胡赛武装都没有输，何况伊朗了，只要打下去就不会输，不打就是输。,2025-06-16 17:32:00,0,0
BV1aaMvzoEDN,2025-06-16 03:34:00,-523247200,-1512315727,1849993390,三条人的春夏秋冬,10,主要是没买我们的东风快递[吃瓜],2025-06-16 20:24:00,0,0
BV1aaMvzoEDN,2025-06-16 03:34:00,-523247200,-1509230671,3493260645370396,神奇宝贝在哪呢,27,其实受伤比死人危害更大，对恐惧的情绪蔓延作用更大,2025-06-16 23:11:00,0,0
BV1aaMvzoEDN,2025-06-16 03:34:00,-523247200,-447044752,315440433,河南省圆脸,12,我记得摩萨德总部好像就在市中心吧？,2025-06-17 01:12:00,0,0
BV1aaMvzoEDN,2025-06-16 03:34:00,-523247200,-440785248,1673241200,cangji,4,因为弹道导弹要精准，需要卫星。美国的GPS，欧洲伽利略和中国北斗都不可能用，伊朗使用俄罗斯的卫星。但是俄罗斯在高纬度，他的卫星同时也在高纬度用的好，伊朗是个低纬度的国家，俄罗斯的卫星用起来就没那么好，伊朗导弹想要精准需要4颗卫星同时在，有窗口期，基本一个月一次。所以伊朗发射导弹有时很精准，有时不准就是这个原因。,2025-06-17 02:48:00,0,1
BV1aaMvzoEDN,2025-06-16 03:34:00,-523247200,-430365424,15600212,东汉末年一武将,51,你不如问问以色列军事基地为啥都建在城区,2025-06-17 04:45:00,0,0
BV1aaMvzoEDN,2025-06-16 03:34:00,-523247200,-385472832,102515501,施主施舍我一点,258,因为大部分都被拦截了,2025-06-17 13:35:00,0,0
