﻿视频BV号,视频发布日期,上级评论ID,评论ID,用户ID,用户名,用户粉丝数,评论内容,评论时间,回复数,点赞数
BV1ALNtzyEM8,2025-06-19 08:14:00,0,-197068144,2398549,朝顔恋,51,唉 艾公走早了十年 [难过],2025-06-19 13:46:00,14,601
BV1ALNtzyEM8,2025-06-19 08:14:00,-197068144,-182209376,275856245,厉深黑祺,13,没事，会有下一个远见者的[拥抱],2025-06-19 16:39:00,0,22
BV1ALNtzyEM8,2025-06-19 08:14:00,-182209376,-113963184,332866326,兵哥哥不尴尬,13,回复 @厉深黑祺 :那有那么多下一个，下一个下一个得等到什么时候[笑哭],2025-06-20 11:41:00,0,0
BV1ALNtzyEM8,2025-06-19 08:14:00,-113963184,-1100244047,1022616792,赫米特佐伊,7,回复 @兵哥哥不尴尬 :你当智库吃干饭的[doge_金箍],2025-06-21 06:48:00,0,0
BV1ALNtzyEM8,2025-06-19 08:14:00,-182209376,-1042114223,318279,御手洗慕羽,43,回复 @厉深黑祺 :智者不会缺少，但是敢这么挺毛谈阶级的不会再有了，并且本人自己也找不到黑点的也没有了，夹头这种的算是工作，美国买房是生活，艾工是真的信，也是真正的无产阶级战士[大哭],2025-06-21 17:18:00,0,5
BV1ALNtzyEM8,2025-06-19 08:14:00,-197068144,-1225922815,61430388,坏坏念书,15,有一个词，叫涌现，艾公不是第一个，也不是最后一个。,2025-06-20 01:28:00,0,55
BV1ALNtzyEM8,2025-06-19 08:14:00,-197068144,-146871456,268573301,Entelekheia-,15,见偶像去了，这是真粉丝！,2025-06-20 05:11:00,0,24
BV1ALNtzyEM8,2025-06-19 08:14:00,-146871456,-623493167,3546846790158999,简介才是真昵称,0,回复 @Entelekheia- : 你也该去,2025-06-26 05:31:00,0,0
BV1ALNtzyEM8,2025-06-19 08:14:00,-623493167,853283776,268573301,Entelekheia-,15,回复 @简介才是真昵称 :我可不追星[呲牙],2025-06-30 02:38:00,0,0
BV1ALNtzyEM8,2025-06-19 08:14:00,-197068144,-1205795391,2044277792,外兴安岭老猎人,9,如果他能看到今天该多好啊[大哭][大哭][大哭],2025-06-20 05:45:00,0,18
BV1ALNtzyEM8,2025-06-19 08:14:00,-197068144,-1193287807,71921088,轼暖1992,14,七哥威武,2025-06-20 08:46:00,0,0
BV1ALNtzyEM8,2025-06-19 08:14:00,-197068144,-127603056,543891640,及坝湾Geebarwan,14,现在是张绍忠？,2025-06-20 09:28:00,0,0
BV1ALNtzyEM8,2025-06-19 08:14:00,-197068144,-1148595183,323034962,姚祎祎,140,局座也是，但是回去上班了，也是一种保护,2025-06-20 16:25:00,0,4
BV1ALNtzyEM8,2025-06-19 08:14:00,-197068144,418031648,37565611,野生AI,20,早走十年夸张了，18年艾教授的礼仪课就挺火的，也是那时候看了课，建立入党决心的，而舆论环境大变样就是疫情开始的那几年。,2025-06-25 17:24:00,0,0
