﻿视频BV号,视频发布日期,上级评论ID,评论ID,用户ID,用户名,用户粉丝数,评论内容,评论时间,回复数,点赞数
BV1ANKTzRESn,2025-06-20 16:32:00,0,-1133716703,175168072,清都山水郎_S,334,发射装置被越打越少了，有导弹也射不出去，一次几十发也就听个响，造成不了实质伤害，赶紧想办法进货才是关键。。。,2025-06-20 23:46:00,17,4
BV1ANKTzRESn,2025-06-20 16:32:00,-1133716703,-69603552,3493267763104622,明天再起个名字,7,小伊旁边小巴，小巴旁边是东方[微笑]，两两接壤,2025-06-20 23:52:00,0,3
BV1ANKTzRESn,2025-06-20 16:32:00,-69603552,-1133202543,175168072,清都山水郎_S,334,回复 @明天再起个名字 :当初半卖半送还贷款给它买东大的装备，只要拿石油还，它们都没买东大的，跑去和大毛买，根本不想和东大玩。东大不会军援它给自己惹一身骚。。。,2025-06-20 23:57:00,0,10
BV1ANKTzRESn,2025-06-20 16:32:00,-1133716703,-1133041039,4954080,风之哀悼,17,天天打，这经济就一塌糊涂了，就也是伤害,2025-06-21 00:02:00,0,1
BV1ANKTzRESn,2025-06-20 16:32:00,-1133041039,-1132784111,1646928187,你一定幸福啊,52,回复 @风之哀悼 :刚来，撒达摩为何不慌,2025-06-21 00:06:00,0,0
BV1ANKTzRESn,2025-06-20 16:32:00,-1133041039,-1132167231,175168072,清都山水郎_S,334,回复 @风之哀悼 :伊朗自己能坚持多久？还不如立马上脏弹。。。,2025-06-21 00:17:00,0,0
BV1ANKTzRESn,2025-06-20 16:32:00,-1133716703,-68819872,523153712,八人勇,5,给你真实建议，换些词汇，如果没上过三年级，自己查新华字典。,2025-06-21 00:08:00,0,5
BV1ANKTzRESn,2025-06-20 16:32:00,-1133716703,-1132693583,1039177585,当你像鸟飞向你的山00,5,造成不了实质伤害你在逗我笑吗,2025-06-21 00:09:00,0,3
BV1ANKTzRESn,2025-06-20 16:32:00,-1133716703,-1132432767,389258761,青袂染清凉,378,造成不了实质伤害绷不住了，又赢了[喜极而泣][支持],2025-06-21 00:12:00,0,2
BV1ANKTzRESn,2025-06-20 16:32:00,-1133716703,-67910208,28144107,godfed,2,呃……冷知识，伊朗会自己造导弹，以色列需要买导弹，所以你觉得伊朗还能撑多久？,2025-06-21 00:26:00,0,2
BV1ANKTzRESn,2025-06-20 16:32:00,-67910208,-1131409407,175168072,清都山水郎_S,334,回复 @godfed :你都没有制空权和防空能力，满天的侦查无人机，就意味着你没有生产权和运输权，而且导弹不重要，重要发射装置，现在露头就被打，打光发射装置拿手丢火箭么？为什么之前能一次打几百发，现在就只能打几十发，是它不想打么？。。。,2025-06-21 00:30:00,0,1
BV1ANKTzRESn,2025-06-20 16:32:00,-1131409407,-67381552,28144107,godfed,2,回复 @坐上墙头等红杏 :？那这几天以色列被轰炸的视频都是假的了？既然你说的发射装置重要，以色列又有制空权，那为什么还有导弹能到海法和特拉维夫？至于数量前几天多是因为开局拿的都是老型号导弹，目的就是消耗以色列的放空弹药，这几天再拿新导弹挨个点名,2025-06-21 00:35:00,0,0
BV1ANKTzRESn,2025-06-20 16:32:00,-67381552,-1131030655,175168072,清都山水郎_S,334,回复 @godfed :那是因为伊朗大，一时半会打不完，但后续呢？发射装置打一套少一套。你的意思是老的武器打完，现在拿更先进的点名平民呢？点名不应该是精准打击高价值目标么？政军你不点名，点名平民有什么用？。。。,2025-06-21 00:41:00,0,0
BV1ANKTzRESn,2025-06-20 16:32:00,-1131409407,-65700528,53505846,Void_H,55,回复 @坐上墙头等红杏 :只有f35能想来就来想走就走，“满天的侦查无人机”只活在你的臆想里。,2025-06-21 01:03:00,0,1
BV1ANKTzRESn,2025-06-20 16:32:00,-65700528,-1129350031,175168072,清都山水郎_S,334,回复 @Void_H :伊朗的防空和雷达第一波就被打得差不多了，这几天伊自己都没发什么战果，德黑兰电视台的视频也都是导弹发射的，要是打下来无人机早就报道了。。。,2025-06-21 01:07:00,0,0
BV1ANKTzRESn,2025-06-20 16:32:00,-1133716703,-67723232,176812024,北山合通,69,"就现在而言，伊朗想要进口我们的装备其实有一些麻烦，首先是陆上通道的，运输能力是有限的，途中经过的国家太多。而中巴之间没有铁路，现在只有公路。走铁路的话，那得经过哈萨克、乌别克孜和土库曼。
我估计他们会找俄国人方面买一些，因为运输相对方便一点，可以从伏尔加河入里海水运",2025-06-21 00:27:00,0,0
BV1ANKTzRESn,2025-06-20 16:32:00,-67723232,-1131130671,175168072,清都山水郎_S,334,回复 @北山合通 :现在没有制空权和防空能力，满天的侦查无人机，就意味着你没有生产权和运输权，进货目标那么大，情报部门不可能不知道。所以说早干嘛去了，当时阿克萨的时候不打也不想着进货，现在轮到自己了才知道唇亡齿寒。。。,2025-06-21 00:36:00,0,0
BV1ANKTzRESn,2025-06-20 16:32:00,-1133716703,-67453936,443382223,等等阿基,1,你的最后一句才是重点。前面全是废话,2025-06-21 00:35:00,0,0
