﻿视频BV号,视频发布日期,上级评论ID,评论ID,用户ID,用户名,用户粉丝数,评论内容,评论时间,回复数,点赞数
BV1ajMmz4Egg,2025-06-14 09:54:00,0,-1720192383,393450361,要叫我-靓仔,39,就这居然还不宣战，太抽象了,2025-06-14 15:01:00,9,64
BV1ajMmz4Egg,2025-06-14 09:54:00,-1720192383,-1714567199,2168371,一蹴v,0,怕美国下场，政权颠覆,2025-06-14 16:01:00,0,6
BV1ajMmz4Egg,2025-06-14 09:54:00,-1714567199,-662337584,65879448,请让我去学习11,146,回复 @一蹴v :是他压根不敢打。周边国家他都控制不了,2025-06-14 16:14:00,0,20
BV1ajMmz4Egg,2025-06-14 09:54:00,-1720192383,-661701760,431130749,托尼请你吃早餐,104,隔得太远，宣战也过不去，空军更是个寄，导弹也不行，再叠加内鬼，没得玩，现在看就是一条虫,2025-06-14 16:23:00,0,19
BV1ajMmz4Egg,2025-06-14 09:54:00,-1720192383,-648184608,99022731,尧江迟下,27,你现在只需要知道中东这边已经废了就够了，如果伊朗仍然不正视自己，那么咱们就得放弃中东开启亚太了。现在咱们的舰队还在关岛这边，显然咱妈已经做好最坏打算了。不过咱们这边问题肯定是不大的。,2025-06-14 22:42:00,0,0
BV1ajMmz4Egg,2025-06-14 09:54:00,-648184608,-320644672,44367543,火刃101,11,回复 @尧江迟下 :谁告诉你放弃了，你又给国家做决定了[吃瓜]，中东就伊朗一个国家？国家与国家是复杂的，咱们官方层面也没有支持伊朗哦,2025-06-18 07:55:00,0,1
BV1ajMmz4Egg,2025-06-14 09:54:00,-1720192383,-1699413231,413496,El_Duderino,25,向不列颠宣战……,2025-06-14 22:54:00,0,0
BV1ajMmz4Egg,2025-06-14 09:54:00,-1720192383,-647890128,2415622,带我呼吸丶,2,骨头硬的全被打掉了。。还怎么反击？？,2025-06-14 22:54:00,0,0
BV1ajMmz4Egg,2025-06-14 09:54:00,-1720192383,-1318972607,100197051,酥打夹心OwO,26,隔得这么远宣战也没用。俄乌到现在不也没宣战,2025-06-19 00:26:00,0,0
BV1ajMmz4Egg,2025-06-14 09:54:00,-1720192383,-238329232,20725013,Reticen_Balemen,25,"宣战已经是老体系了，以后已经不存在宣战这种利益仪式了
猜猜俄乌多久才宣战[藏狐]",2025-06-19 05:21:00,0,4
