﻿视频BV号,视频发布日期,上级评论ID,评论ID,用户ID,用户名,用户粉丝数,评论内容,评论时间,回复数,点赞数
BV1ahNvzmEoz,2025-06-17 10:00:00,0,-344567760,1729972910,狂暴金毛JoJo,19,伊朗这波干部年轻化落实了[笑哭],2025-06-18 02:49:00,12,191
BV1ahNvzmEoz,2025-06-17 10:00:00,-344567760,-344467680,627869635,流光忆庭的忠实忆者,5,好家伙，物理意义上的年轻化呀,2025-06-18 02:50:00,0,11
BV1ahNvzmEoz,2025-06-17 10:00:00,-344567760,-344404928,627869635,流光忆庭的忠实忆者,5,众所周知，年轻人往往爱激动，这一不小心就喜欢扔什么大家伙过去,2025-06-18 02:50:00,0,45
BV1ahNvzmEoz,2025-06-17 10:00:00,-344404928,-1059643743,457256497,翡褐,466,回复 @流光忆庭的忠实忆者 :这个是实话,2025-06-21 14:06:00,0,0
BV1ahNvzmEoz,2025-06-17 10:00:00,-344567760,-1402227535,397070359,回到zui,6,年轻人更危险啊，年轻人容易破血沸腾。,2025-06-18 03:11:00,0,10
BV1ahNvzmEoz,2025-06-17 10:00:00,-344567760,-1401851023,492077973,多少有点法力,85,蹒跚的无头巨人，不足为惧,2025-06-18 03:16:00,0,5
BV1ahNvzmEoz,2025-06-17 10:00:00,-344567760,-342458096,1914983114,keepdownf,9,司令只当了四天，人就没了，铁打的精神领袖，流水的司令,2025-06-18 03:18:00,0,7
BV1ahNvzmEoz,2025-06-17 10:00:00,-344567760,-341909344,108272705,不聪明的一休,29,军方领导们是被骗去开会，然后被一窝端的。这伊朗的内鬼可能真的就是哈梅内伊,2025-06-18 03:25:00,0,26
BV1ahNvzmEoz,2025-06-17 10:00:00,-341909344,-339733056,5603508,沫潇潇雨,5,回复 @不聪明的一休 :搞不好他就是想换一批年轻人，毕竟，老家伙们都是保守派,2025-06-18 03:54:00,0,4
BV1ahNvzmEoz,2025-06-17 10:00:00,-344567760,-341758000,16844347,一个人的独处也不孤独,10,想看以色列无人化,2025-06-18 03:28:00,0,2
BV1ahNvzmEoz,2025-06-17 10:00:00,-344567760,-1400672991,13335573,七日来复,5,[辣眼睛][笑哭],2025-06-18 03:30:00,0,0
BV1ahNvzmEoz,2025-06-17 10:00:00,-344567760,-1399061999,363605787,洛天1234,73,老头子们被以色列清除了，上来的年轻人更激进了[嗑瓜子],2025-06-18 03:51:00,0,5
BV1ahNvzmEoz,2025-06-17 10:00:00,-344567760,-339838208,364960007,卡秋莎Kennel,1893,伊朗还是挺牛的，人家的领导有事是真敢上……..天堂啊,2025-06-18 03:51:00,0,2
